timestamp_s,x_m,y_m,vx_mps,vy_mps,speed_mps,yaw_rad
0.0,0.0,0.0,0.0,0.0,0.0,0.0
0.002,2.3043504439283576e-12,1.6871799998426363e-07,2.3043504439283578e-09,0.0001687179999842636,0.00016871800000000002,1.3658e-05
0.004,6.821274815767663e-08,5.958967310649013e-07,6.820813945678878e-05,0.00025846073109637405,0.0002673093709674783,1.8604000000000003e-05
0.006,2.5667841670718793e-07,1.10384289181889e-06,0.00012025752909272251,0.0002494854296576147,0.00027695640977405016,-2.0159999999999994e-06
0.008,5.205251282575472e-07,1.7194817385801268e-06,0.0001435891824576368,0.00036615341710362207,0.00039330163764661794,-2.5832e-05
0.01,8.866749416783867e-07,2.5397398802121905e-06,0.00022256063096320273,0.0004541047245284417,0.0005057117116438879,-3.2604e-05
0.012,1.4107679357060061e-06,3.53051549849467e-06,0.00030153236306441683,0.0005366708937540375,0.0006155789260346464,-2.2332000000000002e-05
0.014,2.114344251593517e-06,4.731294513710119e-06,0.0004020439528230942,0.0006641081214614115,0.0007763239897057306,-5.668000000000005e-06
0.016,2.993815820256701e-06,6.0684859446400285e-06,0.00047742761584008986,0.0006730833094684976,0.0008252140751658431,1.0995999999999994e-05
0.018,3.979182951617392e-06,7.317729199792845e-06,0.0005079395155206016,0.0005761599456843194,0.0007680903816858153,1.2745999999999993e-05
0.02,5.115318812415606e-06,8.575945817805435e-06,0.0006281963452776117,0.0006820566723282689,0.0009272712399765561,6.479999999999826e-07
0.022,6.579915476618109e-06,1.019134284141745e-05,0.0008364003189248926,0.0009333403512837464,0.0012532716005846975,-1.6776000000000003e-05
0.024,8.385534738213867e-06,1.21908463643325e-05,0.0009692189426708633,0.0010661631716313027,0.0014408640697078073,-3.739600000000002e-05
0.026,1.0392172626403457e-05,1.4420098861973865e-05,0.0010374189455187284,0.0011630893260100644,0.0015585297073844105,-5.2690000000000005e-05
0.028,1.2664440656571905e-05,1.6855776649781115e-05,0.001234849084649718,0.0012725884617971845,0.0017732269045329678,-5.733100000000001e-05
0.03,1.5245419588246188e-05,1.9422498885814456e-05,0.001346129847024566,0.0012941337742361598,0.00186731030915301,-5.877600000000001e-05
0.032,1.7844345070769644e-05,2.2014350930747897e-05,0.0012527956354988884,0.0012977182706972777,0.0018037653989437198,-5.915600000000001e-05
0.034,2.0400200594532532e-05,2.4480559895169533e-05,0.0013030598882639978,0.001168490693724355,0.0017502387190674897,-6.379700000000001e-05
0.036,2.3149920093434932e-05,2.66703714058272e-05,0.0014466596106384093,0.0010213208169333166,0.0017708529696600483,-8.441699999999996e-05
0.038,2.6115033181724448e-05,2.8725583163457804e-05,0.0015184534776511054,0.0010338909406972872,0.0018370169953069726,-8.692799999999998e-05
0.04,2.92919469113028e-05,3.0734148339135816e-05,0.0016584602519272463,0.0009746742349807251,0.0019236632427631004,-0.000105418
0.042,3.279912096367586e-05,3.2706850536448436e-05,0.0018487138004458098,0.000998027962331891,0.0021009051691009604,-0.00011432
0.044,3.664729829410775e-05,3.492548419135601e-05,0.001999463529986092,0.0012206056925756878,0.002342591015199328,-6.782800000000012e-05
0.046,4.0716220699151304e-05,3.74025974828444e-05,0.0020694588750574576,0.0012565075989127018,0.002421047579391913,-3.8380000000000103e-05
0.048,4.4910779408242714e-05,3.990843509938546e-05,0.0021250998340339453,0.0012493300176283518,0.0024651318012549267,-4.30210000000001e-05
0.05,4.930276204423694e-05,4.262069281389489e-05,0.0022668828019602777,0.0014629276968810747,0.002697946456867713,-6.257600000000013e-05
0.052,5.402318882202828e-05,4.5648871764120134e-05,0.0024535439758310708,0.0015652512533441726,0.002910307462697445,-9.917500000000005e-05
0.054,5.9142081718797904e-05,4.8693247182506596e-05,0.00266534892093855,0.0014791241650422855,0.0030482606788069045,-0.0001549490000000001
0.056,6.467739584296861e-05,5.1638965358221606e-05,0.002869965203232152,0.00146659401067272,0.003222979717575719,-0.00017663400000000008
0.058,7.058962572206117e-05,5.4618852096470136e-05,0.0030422646758604013,0.0015132927275758076,0.003397856565148361,-0.00019405800000000013
0.06,7.67333678490547e-05,5.7738782023328827e-05,0.003101477451133138,0.0016066371992828911,0.003492913607578475,-0.00019550400000000013
0.062,8.296142274580205e-05,6.110103471596405e-05,0.0031265774456142098,0.0017556154933523315,0.003585759652280424,-0.00017990600000000013
0.065,9.251878526611165e-05,6.669099241230229e-05,0.003244997567925519,0.001971022970873157,0.0037967013008073443,-0.00019965200000000011
0.067,9.907696953105192e-05,7.071202637834648e-05,0.0033131866970147394,0.0020500109951710303,0.0038961200147836256,-0.00021388100000000013
0.069,0.00010588999361090478,7.48892668467051e-05,0.003499837382838118,0.002127229473187582,0.004095603366771383,-0.00021106500000000013
0.071,0.00011310323422703103,7.926043730035333e-05,0.003713403233288184,0.002243940980460674,0.0043387365323082185,-0.0002007920000000002
0.073,0.00012057129081708151,8.390627652640477e-05,0.0037546533567622917,0.002401898245590755,0.004457189362324456,-0.0002022370000000002
0.075,0.00012817572389455558,8.871727106409224e-05,0.0038497797207117743,0.002409096292096712,0.004541425860079382,-0.0002004860000000002
0.077,0.00013609429844822895,9.332730089533169e-05,0.004068794832961586,0.0022009335391427365,0.00462592691646315,-0.0001944740000000002
0.079,0.00014436474672661158,9.752816769195805e-05,0.0042016534454210365,0.0019999332574836114,0.0046533455394809735,-0.0001895280000000002
0.081,0.00015282367836591922,0.00010161240379760503,0.004257278193886589,0.002084302848163368,0.004740119827916187,-0.0001909740000000002
0.083,0.00016137949455823336,0.00010589229925465558,0.004298537998427534,0.0021955926088871778,0.004826805965452247,-0.00017750600000000018
0.085,0.0001700268235794722,0.00011029426293620102,0.004348791022811326,0.0022063710726582518,0.00487647994667747,-0.0001906690000000002
0.087,0.00017880693397387233,0.00011486856129822983,0.004431319371588838,0.002367927289370587,0.005024308014121391,-0.0002507029999999998
0.089,0.00018771441163403733,0.00011973545213900049,0.004476158288576156,0.0024989635514000687,0.0051264814303394355,-0.00025534399999999985
0.091,0.00019672953384093525,0.0001247944191045013,0.004538963918321764,0.0025600034141007493,0.005211123768635164,-0.00023548399999999978
0.093,0.00020600669098665497,0.00012992165205051736,0.00473819322739796,0.002567229531915292,0.0053889834412157835,-0.00023692899999999982
0.095,0.00021566974487427943,0.00013505436001096417,0.004924860660226497,0.0025654784285315175,0.0055530110831788475,-0.0002298519999999998
0.097,0.00022561279937795343,0.0001401889280403792,0.005018193843447501,0.0025690896008835145,0.005637596192330754,-0.00022383999999999975
0.099,0.00023574970375121388,0.000145309179844065,0.005118710529812923,0.00255116220280228,0.0057192329969170405,-0.00020717599999999978
0.101,0.0002461504506069539,0.00015044564036250873,0.0052820363259271355,0.002585298315641454,0.005880788648580424,-0.00020968699999999977
0.103,0.0002568993835270211,0.00015567191927589469,0.005466896594140119,0.002640980597744521,0.006071386735226462,-0.00024308999999999957
0.105,0.0002680324157212974,0.00016092162147820973,0.005666135600136172,0.0026087216045705282,0.006237829834909215,-0.00024773099999999957
0.107,0.00027963209438853294,0.00016624503028469097,0.005933543067099317,0.002714687201910714,0.006525063979252632,-0.00026408999999999954
0.109,0.00029178627845852185,0.00017195448883217305,0.006220641002889574,0.002994771345571378,0.00690398652222659,-0.00032199399999999966
0.111,0.0003043711484942878,0.0001779620267587917,0.006364229032876358,0.003012766581047264,0.007041319028050183,-0.00035326699999999967
0.113,0.00031717320983863737,0.00018394989394818258,0.006437832311473231,0.0029751006083436164,0.007092031338087511,-0.00035364799999999965
0.115,0.000330142192367834,0.0001899467953873182,0.0065311502177234325,0.0030218008307920105,0.007196332637353843,-0.0003646809999999997
0.117,0.0003432511827724842,0.00019592759413924717,0.006577840186926718,0.0029589979211369515,0.007212742212365622,-0.0003671909999999997
0.119,0.0003564607270706305,0.00020179535319309692,0.0066317041112196745,0.0029087611327128426,0.007241573775495823,-0.0003462649999999998
0.121,0.00036974206774443446,0.0002076631387726584,0.006649636562584305,0.0029590244468486286,0.007278289090954401,-0.0003349269999999998
0.123,0.00038307362549360396,0.00021365119902671124,0.006681921186585198,0.0030290358072042043,0.007336424787664723,-0.0003480909999999998
0.125,0.00039658284768362027,0.00021972368117422573,0.006827301003431105,0.003043446340310278,0.007474931746698387,-0.0003569939999999998
0.127,0.00041039362224466454,0.0002257603740677239,0.006983473557613149,0.00299324655318788,0.0075979226014781945,-0.00036589699999999974
0.129,0.0004244647245434057,0.0002316069067363146,0.007087628741127973,0.002853286115402788,0.007640400698158024,-0.00039397499999999986
0.132,0.00044597803898926996,0.00024005379015485032,0.007254580889448198,0.0027779694969543656,0.007768272549772948,-0.00041212349999999976
0.134,0.0004606308254510109,0.0002455254292749195,0.007398205572292719,0.0026936696231147908,0.007873328503777447,-0.0004114384999999998
0.136,0.000475637271749576,0.000250826702851962,0.0076082407262723995,0.0026076039539277393,0.008042693909968819,-0.0004267324999999998
0.138,0.0004909703647190893,0.0002561693964438895,0.007724852243240917,0.0027350896379997338,0.008194757928566148,-0.00043670049999999983
0.14,0.0005064020264726418,0.0002618585419345606,0.007706809510311537,0.002954055852671402,0.00825356642966727,-0.00042855849999999984
0.142,0.0005217940397663678,0.0002679263875778541,0.0076852037834147366,0.0031137897906221993,0.00829204703633519,-0.00041402450000000004
0.144,0.0005372416378452719,0.00027412707538486283,0.007762394295489263,0.0030868980163865187,0.008353664139897849,-0.00040588250000000005
0.146,0.000552850836061971,0.0002801770596256256,0.007846803921209844,0.002963086224376263,0.00838762253269677,-0.0004137195
0.148,0.0005685551847724589,0.00028616605683933177,0.007857544789278092,0.003025910989329903,0.00842004438413829,-0.0004332745000000001
0.15,0.0005843922958037836,0.00029228613673352755,0.007979566242046574,0.003094168904865866,0.00855846707203154,-0.0004336555000000001
0.152,0.0006005632569458495,0.00029839199950349696,0.00819139490001938,0.003011693865103516,0.008727499661711002,-0.0004063395
0.154,0.0006171344993590946,0.0003044352082822706,0.008379847513225784,0.003031514913670131,0.008911336993780494,-0.00041204650000000007
0.156,0.0006340288078121928,0.00031050547492780036,0.008514460939872393,0.003038751731859629,0.009040467752527663,-0.0004379935000000001
0.158,0.0006510935904741671,0.0003166655581000911,0.0085503217221019,0.003121331440431094,0.009102236621428344,-0.0004383735000000001
0.16,0.0006682893155957023,0.0003230141600702522,0.008645403399433274,0.0032272705297300094,0.009228124132834161,-0.00044194850000000007
0.162,0.0006858027139388499,0.00032940777567377227,0.00886799494371431,0.0031663450737900423,0.009416319633915208,-0.00046150250000000014
0.164,0.0007037415938474698,0.000335596972498027,0.00907088496490559,0.0030228517504646895,0.00956130674917596,-0.0004949055000000002
0.166,0.0007220467499428527,0.0003415350663268983,0.009234271130477213,0.0029152420784066125,0.009683511743519363,-0.0005155255000000002
0.168,0.0007407629249098108,0.00034748055022680287,0.009481903836480952,0.003030241821497931,0.009954339046919555,-0.0005159055000000003
0.17,0.0007599922656597203,0.0003537529646792896,0.009747436913428512,0.0032421726309888035,0.010272497736694888,-0.0005024375000000003
0.172,0.0007796665281072411,0.00036044201307352256,0.009926825534092642,0.0034468757632442103,0.010508226192443425,-0.0004687295000000007
0.174,0.0007996080424063426,0.0003675170877861203,0.010014688765008746,0.003628198949353532,0.010651658024743495,-0.0004786975000000007
0.176,0.0008196517825314721,0.00037476990292729603,0.010029051360120741,0.003624616191822168,0.010663944566714472,-0.0005014485000000008
0.178,0.0008396954858444196,0.00038210169228416964,0.010014651952826675,0.003707173165051442,0.010678782075308618,-0.0004954375000000008
0.18,0.0008596475727739359,0.00038959317870353996,0.009937434976689533,0.0037843132543188903,0.010633609016827078,-0.0005096665000000008
0.182,0.000879606738520705,0.00039728928312465387,0.01002173077007953,0.003911791166795008,0.010758122408700055,-0.0005015245000000008
0.184,0.0008999120464616961,0.0004055437604638137,0.010283577170911651,0.004342686172364817,0.011162924465467993,-0.0004529025000000007
0.186,0.0009205957531855244,0.00041448405792200537,0.010400129552916668,0.004597611285826839,0.011371047632167099,-0.00043197750000000066
0.188,0.0009413924279606049,0.00042366671499411595,0.010396545222163727,0.004585045786283749,0.011362693229107868,-0.00043661850000000066
0.19,0.0009623614553645102,0.00043274354727154967,0.010572482181741564,0.00449178649114995,0.011487102566153052,-0.00041782350000000066
0.192,0.0009837272059580184,0.00044168592874289524,0.01079326841176664,0.004450594980195614,0.011674863540366627,-0.0003862455000000006
0.194,0.0010054250247737316,0.00045058716040259834,0.010904550403946514,0.004450636679507471,0.011777834536330835,-0.00036318950000000053
0.196,0.001027352583750489,0.0004594992452735996,0.011023008572810791,0.004461448191493762,0.011891645721330717,-0.0003550475000000006
0.199,0.001060893985944173,0.0004732310655248222,0.011337926222978533,0.004693098642654601,0.012270849437076096,-0.00035561750000000057
0.201,0.0010835984974853065,0.00048278060810293285,0.011366585318155037,0.004856443935456058,0.012360595029897451,-0.00034640950000000055
0.203,0.0011062688057369165,0.0004926173203964504,0.01130372293345497,0.004980268358061389,0.012352215391362931,-0.0003318755000000005
0.205,0.001128987466234301,0.0005027860991062353,0.0114149375639298,0.005188510351723754,0.012538797360925814,-0.0003152115000000008
0.207,0.0011519429128708757,0.0005133875176833673,0.011540509072644835,0.005412908225408268,0.012746879034198537,-0.0003049395000000007
0.209,0.0011749898168193346,0.0005242510153608981,0.011506394875814003,0.005450589452122457,0.012732087354937026,-0.0003085155000000007
0.211,0.0011979954322172846,0.0005351306556362739,0.011499220522136014,0.005429050823253329,0.012716393571220645,-0.0003248745000000007
0.213,0.0012211392323640843,0.0005460695736513244,0.011644579624663764,0.00550986719179717,0.01288234726695323,-0.00030714550000000065
0.215,0.0012445217244148742,0.0005570911300935981,0.011737912426126052,0.0055116892504765555,0.012967548207630585,-0.0002713065000000007
0.217,0.0012680873027424854,0.0005680786342917642,0.011827665901485209,0.005475814947689463,0.013033734308266962,-0.00025677250000000066
0.219,0.0012918144587492496,0.00057891900080828,0.011899490105279064,0.00536455156882641,0.013052826448713407,-0.00026354450000000065
0.221,0.0013156421336472488,0.0005897252915421923,0.011928184792720044,0.005441739165085925,0.013110839698131763,-0.00028096950000000066
0.223,0.0013395649018414862,0.000600646480141438,0.01199458340151742,0.0054794494341597255,0.013186902482291683,-0.00027495850000000066
0.225,0.0013636187215475219,0.0006114671907813997,0.012059236304518214,0.005341261205801912,0.013189171752495097,-0.00025722950000000064
0.227,0.0013877371968371844,0.0006221389431933375,0.012059238985144261,0.005330491206135887,0.01318481632027975,-0.00024056550000000067
0.229,0.0014119364398651503,0.0006328160982381745,0.012140004042821695,0.005346663838701042,0.013265236988602973,-0.00024307650000000063
0.231,0.0014362936471561014,0.0006434250856885036,0.012217203248129362,0.005262323611628085,0.013302334569525797,-0.0002402615000000006
0.233,0.0014608339609748632,0.0006539066823976837,0.012323110570632323,0.00521927309755199,0.013382819800134052,-0.00024064250000000064
0.235,0.0014856345430131694,0.0006643434727594281,0.012477471467674126,0.005217517264192553,0.013524414243462422,-0.00026339350000000034
0.237,0.0015106792651093852,0.0006746493017124381,0.012567250628541663,0.005088311688817332,0.013558270693681254,-0.0002808175000000003
0.239,0.0015360112272385412,0.0006847380337327197,0.01276471150061435,0.005000420331464342,0.013709196299755803,-0.00028865450000000034
0.241,0.001561795512485732,0.0006947730507851663,0.013019573746576444,0.005034596720982222,0.013959099708987953,-0.0002869045000000003
0.243,0.001587998023384814,0.0007047381889207562,0.013182937152505535,0.004930541414607711,0.014074802684516488,-0.00028408950000000034
0.245,0.0016144913891319888,0.0007144036667033873,0.013310428594669245,0.004734936368023406,0.014127530986800892,-0.00028020950000000035
0.247,0.0016411786347547744,0.0007239561220453352,0.013376817028116317,0.004817518973924408,0.014217866326134324,-0.00026674150000000036
0.249,0.0016679322092610208,0.0007338244939855696,0.013376757478130158,0.005050852966309923,0.014298557840425476,-0.00024368550000000033
0.251,0.0016946838842134293,0.0007441110714765259,0.013374917474278268,0.005235724524646307,0.014363190061463957,-0.00024300050000000033
0.253,0.0017214462468652118,0.0007547350874423542,0.01338744517750421,0.005388291441182017,0.014431125147950042,-0.00023379350000000032
0.255,0.0017483521502687767,0.0007655637491420251,0.013518458226060686,0.005440370258488896,0.014572108336105602,-0.00020967250000000033
0.257,0.0017755560060950405,0.0007763655494648202,0.013685397600202966,0.005361430064306174,0.014698130486905034,-0.0002057915000000003
0.259,0.0018030273325183913,0.0007869950962990249,0.013785928823147869,0.005268116769898562,0.014758214248959312,-0.00020617150000000028
0.261,0.001830703272401393,0.0007976192999509015,0.01389001105985392,0.005356086881977991,0.014886909482164553,-0.00021826950000000033
0.263,0.001858585581821045,0.0008084230332356714,0.013992298359797957,0.005447646402791862,0.015015367618525219,-0.0002016055000000003
0.266,0.0019006311810419053,0.0008244873341863093,0.014038101120775496,0.0052618875643000405,0.01499185591634517,-0.00016702150000000028
0.268,0.0019287450472436046,0.0008351816285105512,0.01407576508092383,0.005432406759941773,0.015087683911681598,-0.00016527050000000027
0.27,0.0019570077799971894,0.0008465490236070935,0.014186967672661168,0.005934988336600635,0.01537836591776638,-0.00015073650000000025
0.272,0.0019854391150000926,0.0008586595219206363,0.014244367330241911,0.006175509976942059,0.015525428306947734,-0.00014259450000000024
0.274,0.0020140157835733946,0.000871111067997867,0.014332301243059974,0.006276036100288693,0.0156461972393916,-0.00014936650000000023
0.276,0.002042766529272852,0.0008837421270662516,0.014418444456397055,0.006355022968095831,0.015756835261791387,-0.00018063950000000027
0.278,0.002071615983151642,0.000896444995437433,0.014431009422392851,0.006347845403085644,0.01576544240453362,-0.00019380250000000028
0.28,0.0021005910567671662,0.0009092609630165377,0.01454406419313165,0.006468122176018967,0.015917487481943958,-0.00018246450000000027
0.282,0.0021298801766016224,0.000922387499869649,0.014745055641325455,0.006658414677092694,0.016178725285939773,-0.00018071450000000034
0.284,0.002159591042228895,0.0009357851376519513,0.014965809985947334,0.00673922310520957,0.016413183621627813,-0.0001768335000000003
0.286,0.0021898421487457037,0.0009492672283116501,0.015285296530861366,0.006742867554489187,0.016706482361459142,-0.0001665605000000003
0.288,0.002220658634307042,0.0009627871068479682,0.01553118903047694,0.006777010981828806,0.01694537431124599,-0.00015522250000000028
0.29,0.0022519058856627994,0.0009763339795911479,0.015716062325280458,0.006769861761350868,0.017112148996543376,-0.0001630595000000003
0.292,0.002283614428474143,0.0009898270854773337,0.015992480486063217,0.0067232441248349095,0.017348240362043636,-0.00018687550000000034
0.294,0.0023158470569777374,0.001003388494386197,0.016240148017531108,0.006838164784028173,0.017621092623468122,-0.00020856050000000036
0.296,0.0023485139973134705,0.0010171707608168997,0.01642679231820204,0.006944101646674461,0.017834238238419058,-0.00022065850000000035
0.298,0.002381557805838977,0.0010311900332991466,0.016617016207304238,0.00707517083557255,0.01806054456505529,-0.00024021350000000036
0.3,0.002414951545383306,0.0010454947734499784,0.016776723337024697,0.0072295693152591945,0.018268144908862707,-0.0002640295000000004
0.302,0.002448598330910871,0.0010599359893384078,0.016870062190540366,0.007211646573170187,0.018346848356298608,-0.0002771935000000004
0.304,0.002482408458800005,0.0010743467380716443,0.01694006569859361,0.0071991021600662465,0.018406327656100722,-0.0002850305000000004
0.306,0.002516363952708353,0.0010888239372300046,0.017015428209754282,0.007278096998294154,0.01850663375867908,-0.00027262750000000045
0.308,0.0025505778765351427,0.0011034088948598177,0.01719849561703549,0.007306860631519025,0.018686317555303172,-0.00023998450000000039
0.31,0.0025851507622707977,0.001118040606826564,0.01737439011861943,0.00732485133522735,0.01885531434575309,-0.00022864650000000035
0.312,0.0026199964553263923,0.0011327369996748779,0.017471302936975124,0.0073715415130864515,0.018962754298748705,-0.00024820150000000036
0.314,0.0026550431762688764,0.0011474298537806733,0.017575418005509016,0.00732131259270896,0.019039352303808273,-0.00027201750000000033
0.316,0.002690265779888198,0.0011621730114993584,0.017647185613812573,0.0074218451259762,0.019144371109084,-0.0002723975000000004
0.318,0.002725664202445735,0.0011772105746960574,0.01775123694372449,0.007615718070722868,0.019315940949510692,-0.0002557335000000004
0.32,0.002761254590928327,0.0011925784432992668,0.01783915153886719,0.007752150532486508,0.019450736888483134,-0.0002486575000000004
0.322,0.002797019022410093,0.001208186867111695,0.017925279942898702,0.007856273279941619,0.019571323176535895,-0.00024051550000000037
0.324,0.0028330346934690507,0.0012239712463613251,0.018090391116059267,0.007928105969688666,0.01975138260979745,-0.00022811150000000036
0.326,0.002869362622719764,0.0012399764647248643,0.018237538134654077,0.008077112393850549,0.019946115958648588,-0.00021038150000000035
0.328,0.0029059399851473866,0.0012562294288474413,0.018339824292968387,0.00817585172872647,0.02007968392647337,-0.00020543550000000032
0.331,0.0029609190923123134,0.0012806600532178326,0.01831291381698283,0.008111231184867656,0.020028851285148887,-0.00019961400000000036
0.333,0.002997579023781555,0.00129688072580397,0.01834701765225882,0.008109441401269577,0.0200593144591963,-0.00018188400000000035
0.335,0.0030344525376809046,0.0013131534859473428,0.018526496247090754,0.008163318742103179,0.02024526700438008,-0.00016735000000000033
0.337,0.003071575525373194,0.001329508853201247,0.01859649144519876,0.008192048511800927,0.02032090433251066,-0.00016453400000000033
0.339,0.003108827739903811,0.0013458839871781758,0.018655723085418265,0.008183085465127868,0.020371521582085984,-0.00017982800000000034
0.341,0.0031462720111671777,0.001362221463784662,0.018788548177948273,0.008154391141358328,0.020481787947377702,-0.00017594700000000033
0.343,0.0031838634778598718,0.0013784656326218448,0.018802918514745665,0.008089777695824439,0.020469348984274608,-0.00017526200000000033
0.345,0.003221444170941287,0.0013947367215982845,0.01877777456667086,0.008181311280615692,0.02048264318751466,-0.00017457700000000036
0.347,0.003259028393889291,0.001411375758746613,0.018806448381333295,0.008457725867712615,0.020620757201740406,-0.00014512900000000035
0.349,0.003296707657756507,0.001428623269695377,0.01887281548588258,0.00878978508105159,0.020819305611264907,-0.00011781200000000031
0.351,0.003334636353964247,0.0014462872182419454,0.019055880721857252,0.008874163465516631,0.021020879317915343,-0.00010114800000000029
0.353,0.003372949137506577,0.0014640535156511668,0.01925690282047276,0.008892133943704703,0.02121080744125308,-0.0001175070000000003
0.355,0.0034115239471899147,0.0014820244577048568,0.019317906862864942,0.00907880810998536,0.021344935752076192,-0.0001178870000000003
0.357,0.0034501418013257673,0.0015003005341682582,0.019299947272987776,0.009197268353416112,0.02137937580718525,-7.778700000000028e-05
0.359,0.003488736308773499,0.0015187291733925043,0.019294560174744083,0.009231370870829914,0.021389208973022527,-6.0058000000000264e-05
0.361,0.0035274079837859912,0.0015373193569637727,0.019377114837748153,0.009358812700438557,0.021518827909464997,-7.109100000000029e-05
0.363,0.0035663129771754264,0.0015561105830335994,0.019527878551686768,0.009432413369388166,0.0216865963834909,-7.040600000000027e-05
0.365,0.003605462074884888,0.0015748641341914364,0.019621219157774712,0.009321137788448997,0.02172270358193651,-6.333000000000026e-05
0.367,0.0036447475934424495,0.0015934417965964562,0.01966429939978678,0.009256524616570894,0.021734026752114704,-6.797200000000026e-05
0.369,0.003684140806013953,0.001611985362641429,0.01972891317171663,0.009287041428401959,0.02180548448051518,-5.450400000000025e-05
0.371,0.0037236452986237336,0.001630570218031638,0.019775579438064156,0.009297813961806907,0.021852297054990748,-5.168800000000025e-05
0.373,0.0037632538989552993,0.0016490725167476866,0.019833020893501578,0.009204484754241734,0.02186484066608167,-6.698200000000026e-05
0.375,0.00380302763052697,0.0016675371336296704,0.01994071067816919,0.00926013212774202,0.021985949817410453,-5.138400000000025e-05
0.377,0.003842977247944646,0.0016862458622726756,0.020008906739507056,0.009448596515263226,0.022127637131391487,-4.3242000000000234e-05
0.379,0.0038830237697171123,0.0017053261328255356,0.02003761503295888,0.009631674037596802,0.022232299947949064,-6.279600000000024e-05
0.381,0.0039232102731165735,0.0017247169246805039,0.020148888366502485,0.00975911781737154,0.022387900370046267,-8.128500000000026e-05
0.383,0.003963642659677717,0.0017442944018336614,0.020283498194641057,0.009818359335785839,0.02253487251036979,-9.657900000000028e-05
0.385,0.004004263507524322,0.0017638683045915564,0.020337349651964216,0.009755543422109223,0.02255611709330548,-8.950300000000027e-05
0.387,0.004045058465079969,0.0017833794006863113,0.020457607903683037,0.009755552672645551,0.02266460961696884,-7.497000000000027e-05
0.389,0.004086181874119603,0.0018030628294581528,0.020665801135950176,0.00992787609919605,0.02292679786694225,-7.322000000000025e-05
0.391,0.004127655263739078,0.0018230209004142018,0.020807588483525874,0.010030194856852958,0.023098929571869736,-8.318800000000026e-05
0.394,0.004190215312777883,0.0018533618813553862,0.020899110875677567,0.0101971257706033,0.02325412241679669,-9.174850000000027e-05
0.396,0.004232065559641768,0.0018740235738960022,0.02095113598820736,0.010464566770012635,0.023419164307899847,-9.958550000000027e-05
0.398,0.00427401986545853,0.0018951250207766856,0.021003169828554682,0.010636880110670816,0.023543074593941508,-0.00010635650000000028
0.4,0.004316072871115404,0.0019163987856718372,0.02104983582831973,0.010636884784480705,0.02358471764337089,-9.395250000000025e-05
0.402,0.004358204844777982,0.0019377371731263773,0.02108213783425814,0.010701502670059425,0.02364273027930462,-7.728750000000025e-05
0.404,0.004400376295817752,0.0019591850500358123,0.02108931320551257,0.010746374239375491,0.02366946747970727,-6.914550000000024e-05
0.406,0.004442565690077226,0.0019806867734914364,0.021100081053961082,0.010755349216248662,0.02368313655847105,-8.763550000000025e-05
0.408,0.004484834053001983,0.0020022477333293378,0.021168281870796522,0.01080561062165321,0.023766728387985533,-7.73625000000005e-05
0.41,0.0045273052297559145,0.0020238858865865143,0.021302894883135064,0.010832542635523093,0.023898897680694975,-5.96325000000005e-05
0.412,0.004570068966785739,0.002045561752652412,0.02146084214668992,0.010843323430374608,0.024044654471646155,-7.705650000000051e-05
0.414,0.00461309294657392,0.002067381228628642,0.021563137641491124,0.010976152545855426,0.0241959672188524,-8.70235000000005e-05
0.416,0.004656221010580971,0.002089394560189285,0.02156492636556032,0.01103717901478784,0.024225304327428202,-7.24895000000005e-05
0.418,0.004699440604970158,0.0021115155906997335,0.021654668023626526,0.011083851495660216,0.024326454965558016,-6.328250000000049e-05
0.42,0.004742907886135256,0.002133722789809248,0.021812613141470986,0.011123347613854613,0.024485076152589724,-4.448850000000048e-05
0.422,0.004786626449231128,0.0021558223068208777,0.02190594995440164,0.010976169397774956,0.024501978247753804,6.263499999999566e-06
0.424,0.004830537066725595,0.0021777297732396774,0.022004667540064644,0.01093129702102486,0.024570279772738478,1.6224999999995614e-06
0.426,0.004874643321260562,0.002199712624957869,0.022101586994902715,0.01105155469716671,0.024710665893854834,-3.923750000000048e-05
0.428,0.004918970339625833,0.002221851635905076,0.022225431370367553,0.011087456250040352,0.02483750159930497,-3.5356500000000474e-05
0.43,0.004963406844686887,0.002244080396645976,0.022211073690686898,0.011141304490859419,0.02484875168396127,-5.90850000000045e-06
0.432,0.005007642327998654,0.0022665819812732165,0.022024409621079682,0.011360280136381297,0.024781658215990446,2.3539499999999574e-05
0.434,0.005051732448859902,0.002289715356179475,0.022065711240168585,0.011773094769877153,0.025010025449707384,5.61824999999996e-05
0.436,0.005095957218934209,0.002313530771119074,0.022159058834138354,0.012042320169721643,0.02521986049693554,7.178049999999964e-05
0.438,0.00514032560611127,0.0023377661755201937,0.022209328342922687,0.012193084231398296,0.025336250087921904,8.631349999999965e-05
0.44,0.005184871694729837,0.002362150537423953,0.02233676027564404,0.012191277672360864,0.02544716312079195,0.00010191249999999965
0.442,0.005229564948091592,0.002386452320458546,0.0223564930861116,0.012110505362231957,0.025425914403183314,8.342349999999962e-05
0.444,0.00527424564028243,0.0024108851273209647,0.02232419910472612,0.012322301500186929,0.025499195672196478,4.89554999999996e-05
0.446,0.00531896941848933,0.0024353789578358295,0.022399579102173828,0.012171529014677721,0.025492886507998348,3.579249999999959e-05
0.448,0.005363888832552906,0.0024596663702964763,0.022519834961402006,0.01211588344596909,0.025572203627475906,4.49994999999996e-05
0.45,0.005409152870054706,0.0024840865906254153,0.02274420254039767,0.01230433688296993,0.025859146453977286,3.7162499999999595e-05
0.452,0.005454772293671013,0.0025085444913925865,0.02287522107590929,0.012153563884201465,0.02590337534683638,5.063149999999961e-05
0.454,0.005500393484519374,0.0025325752191221154,0.022745969772452194,0.011877163845327469,0.02566020580389142,0.00010351549999999966
0.456,0.005545894379859787,0.0025561572349338518,0.02275492556796044,0.01170485196640904,0.02558886861818962,0.00014361549999999972
0.458,0.005591511892240836,0.0025793533331976534,0.022862586813088896,0.0114912462973928,0.025588017063722816,0.0001496264999999997
0.46,0.005637371712093252,0.0026025619605430776,0.022997233039327106,0.011717381048031321,0.025810264355288614,0.00014072449999999969
0.463,0.005706694641114014,0.0026381461749094286,0.023218052974514174,0.012005428529536106,0.026138253539690556,0.00011139199999999965
0.465,0.005753224041295582,0.0026617298432817745,0.023311347207053627,0.011578239842809918,0.02602834121617123,7.479199999999962e-05
0.467,0.005799988530674562,0.0026849186203105795,0.023453142171927083,0.011610537185994935,0.026169723947416713,6.482399999999961e-05
0.469,0.005847081491899124,0.0027083209633489798,0.0236398190526362,0.01179180585240576,0.026417564802650003,7.829199999999923e-05
0.471,0.005894368313738475,0.002731967395369572,0.023647002786714007,0.011854626168186137,0.02645208691922631,7.684599999999924e-05
0.473,0.005941656958177667,0.0027559656213075497,0.023641641652477712,0.012143599769791647,0.026578078098181832,8.711799999999926e-05
0.475,0.005989017444139336,0.002780518455131277,0.023718844309191675,0.012409234053935427,0.02676887493282123,9.206399999999926e-05
0.477,0.006036451559446691,0.0028055451295262244,0.02371527099816358,0.012617440341011844,0.026862871761510004,6.824799999999924e-05
0.479,0.006084090323310294,0.0028309935816037456,0.023923492865438597,0.012831011736509274,0.02714716141818754,8.917299999999926e-05
0.481,0.006132066537355456,0.0028566591858455305,0.02405272117972417,0.012834592505275466,0.027262798112556694,0.00011755499999999929
0.483,0.006180222257923607,0.002882515032275922,0.02410299938842611,0.013021253925115774,0.027395394381187734,0.00011504399999999929
0.485,0.006228550346516623,0.002908893166916737,0.024225089204590263,0.013356880715699402,0.02766335499218738,9.655399999999927e-05
0.487,0.0062769825834842466,0.0029356930837141416,0.0242071477630331,0.013443036081705348,0.0276893701971596,5.5693999999999227e-05
0.489,0.006325341253589331,0.0029628358262565107,0.02415152234205083,0.01369970646066376,0.02776649038944124,6.170599999999924e-05
0.491,0.006373690979208219,0.002990473953537881,0.024198203276837076,0.013938420820706348,0.027925483286815805,6.984799999999924e-05
0.493,0.006422169939434764,0.0030182143794660176,0.024280756949706904,0.013802005107430092,0.02792938422228937,7.479399999999924e-05
0.495,0.006470670411917066,0.0030455994202802225,0.024219715532595183,0.01358303570677474,0.027768569993633987,7.547899999999924e-05
0.497,0.006519009324903626,0.0030726506250128563,0.024119197453965003,0.013468169025858826,0.027624758147945024,3.03569999999992e-05
0.499,0.006567147210542244,0.0030997610675613254,0.024018688184653202,0.013642273522610396,0.027622617706823442,1.932399999999919e-05
0.501,0.006615312036210064,0.00312759843069704,0.024146137483167286,0.014195089613104454,0.02800957915571175,2.7465999999999198e-05
0.503,0.006663893288846819,0.0031561268069100123,0.024435115153586952,0.014333286599867759,0.028328747895433066,2.8150999999999196e-05
0.505,0.00671308120557585,0.0031845869632239716,0.024752801575444173,0.014126869714091547,0.02850034444971198,1.8182999999999192e-05
0.507,0.006762680140736123,0.0032127563409483626,0.0248461335848297,0.014042508010299562,0.028539838565320053,9.279999999999184e-06
0.509,0.006812146252146308,0.003240719308229212,0.024619977825354553,0.013920459270549917,0.028282901096315934,1.9551999999999192e-05
0.511,0.006861301847397408,0.0032684830486141903,0.02453561742574535,0.013843281114428365,0.02817149187522074,1.2779999999999186e-05
0.513,0.0069105274430248465,0.0032963688403196234,0.024689978201693105,0.014042510591004757,0.028403998438574832,9.203999999999184e-06
0.515,0.00696013714321056,0.003324906169311914,0.024919721984019857,0.014494818401286113,0.028828671565771204,-9.28600000000083e-06
0.517,0.007010091458359405,0.0033540788843573655,0.02503459316482552,0.014677896644165068,0.029020191329919256,-2.5645000000000843e-05
0.519,0.007060182184324032,0.003383326985972704,0.025056132799801803,0.01457020497117329,0.028984490055602264,-4.7190000000008225e-06
0.521,0.007110256757797755,0.0034124494478029004,0.02501844067392117,0.014552256859023109,0.02894288433182668,1.7271999999999197e-05
0.523,0.007160232613736425,0.003441781910356067,0.02495741526474963,0.014780205694143688,0.029005638366675458,-1.520000000008178e-07
0.525,0.007209998471225254,0.0034714948823277056,0.02480844222407869,0.014932766277494802,0.02895593746166296,-2.503300000000084e-05
0.527,0.007259732023691041,0.0035015111804292355,0.024925110241708667,0.015083531824034862,0.029133727067575867,1.529999999991835e-07
0.53,0.007335646228162485,0.0035476178916561177,0.025684359405920332,0.01565427566055335,0.030078940548980134,6.349799999999924e-05
0.532,0.00738721956120454,0.0035789318142759492,0.025888973636134845,0.01565964695927822,0.030256627353717345,6.950899999999923e-05
0.534,0.0074388251821092466,0.003609978298333397,0.025716647268571396,0.015386837098169556,0.029968328325445975,6.273699999999923e-05
0.536,0.007490172307909457,0.0036405509512269073,0.02563047853163948,0.015185815795340831,0.029791448959908873,8.153199999999925e-05
0.538,0.007541537376650937,0.0036710859082038296,0.025734590209840313,0.015349141181581228,0.029964400015360257,6.836899999999924e-05
0.54,0.007592958113252268,0.003702046242755679,0.02568614639149071,0.015611193370268275,0.030058068382532492,4.9878999999999215e-05
0.542,0.00764410066045568,0.0037332399241356254,0.02545640081192065,0.015582488009678267,0.029846981000914,6.015099999999923e-05
0.544,0.007694993712983151,0.0037643295154669324,0.02543665171555014,0.015507103321628876,0.029790829191646766,6.935799999999924e-05
0.546,0.007746017775311164,0.0037952108899634253,0.025587410612463064,0.015374271174864014,0.02985102671616241,8.176099999999925e-05
0.548,0.007797284129634964,0.0038258966028867705,0.02567894371133639,0.015311441748481083,0.029897297512436007,0.00010801199999999928
0.55,0.007848753321370722,0.0038566953698654536,0.02579024802442124,0.01548732523020199,0.030083120448969634,0.0001278709999999993
0.552,0.007900484630755177,0.00388800384675144,0.025941061360033636,0.015821151655784144,0.030384988138887785,0.0001317509999999993
0.554,0.007952478046734544,0.003919741262764429,0.026052354619333862,0.01591626435720485,0.030529537374483023,0.00014947999999999933
0.556,0.008004658147029295,0.003951620447182856,0.026127745675417213,0.01596292006122245,0.030618195749590814,0.0001501649999999993
0.558,0.008057003408376857,0.003983727557006748,0.026217515672145746,0.016144189762669767,0.030789494817425947,0.0001465889999999993
0.56,0.008109556913737749,0.004016102072029454,0.02633598968874667,0.016230325260036305,0.030935542842050526,0.00016325299999999927
0.562,0.008162365310971347,0.004048609365578921,0.026472407544851966,0.016276968289430704,0.031076165431337694,0.0001735249999999993
0.564,0.008215460918007109,0.004081292505585191,0.02662319949091238,0.016406171716840768,0.03127230758251433,0.00017847099999999903
0.566,0.008268800675330389,0.0041142502165241275,0.026716557832367656,0.01655153922209588,0.03142813887316307,0.00016317699999999902
0.568,0.0083223020255258,0.0041475309756134685,0.026784792363043763,0.01672921986724529,0.03157992874117992,0.00016705799999999904
0.57,0.00837594343427003,0.00418115812095928,0.02685661638118616,0.016897925478566486,0.03173039125074545,0.00019437499999999907
0.572,0.008429697931761605,0.00421486422093279,0.026897881110388242,0.01680817449494319,0.03171767233075339,0.00019292999999999906
0.574,0.008483547495930981,0.0042482400480646654,0.02695168305898845,0.01656765263693229,0.0316366928361707,0.00017337599999999904
0.576,0.008537492140276654,0.0042813538081870085,0.026992961286683832,0.016546107485410917,0.031660600625117385,0.00017299599999999905
0.578,0.008591557029892683,0.004314417290488504,0.027071928329346618,0.016517374816084642,0.03171297801033998,0.00018859499999999906
0.58,0.00864579780228691,0.004347407149372479,0.02716884406488133,0.016472484067890078,0.031772453779787456,0.00020312899999999908
0.582,0.008700196533876244,0.004380438259427185,0.027229887524452212,0.016558625986815907,0.031869340582534385,0.00019209599999999908
0.584,0.008754713746164489,0.0044135626814797305,0.027287324763793187,0.016565796065729783,0.031922150492347305,0.00015336599999999905
0.586,0.008809345816138214,0.004446579393303924,0.02734474520993134,0.016450915758463754,0.031911874277267605,0.00013594099999999904
0.588,0.00886404608202775,0.004479540453196764,0.027355520679604367,0.016510144134375914,0.0319516724286872,0.00012703799999999902
0.59,0.00891875535030151,0.004512733048767126,0.027353747594156593,0.016682451435986317,0.03203953328871801,0.00012239699999999902
0.592,0.008973549008349504,0.004546167940821877,0.02743991045383664,0.016752440618764495,0.03214954046949667,0.00012627799999999904
0.595,0.0090561837813652,0.004596764456494713,0.02764993822329446,0.016978569829793098,0.032446739700887677,0.00011931499999999903
0.597,0.009111517785966129,0.004630940566840759,0.027684066377634122,0.017197540516253235,0.0325908412135898,0.00011254299999999902
0.599,0.00916689311953202,0.004665524109447528,0.02769126718825838,0.017386002090515603,0.032696778850261815,0.00010364099999999902
0.601,0.00922238694127691,0.004700348153338806,0.027802554556631134,0.017438041800762003,0.03281870414442919,0.00010006499999999901
0.603,0.009278081794587549,0.004735236792197769,0.027892298754008255,0.017450597058200193,0.03290142348699392,8.9031999999999e-05
0.605,0.00933390946892606,0.004770148752991943,0.02793537558450257,0.017461363735973977,0.03294365542205675,6.521599999999899e-05
0.607,0.009389778423645492,0.004805048147522409,0.02793357913492861,0.01743803079449254,0.032929770137020226,6.270499999999897e-05
0.609,0.009445774814866116,0.004839960098716114,0.028062812085695867,0.01747392039921232,0.0330584227735548,5.806299999999897e-05
0.611,0.009502106848418714,0.004874904337206117,0.02826922146690174,0.01747031809079128,0.03323192586261241,6.407399999999898e-05
0.613,0.009558726064419286,0.004909882659792339,0.028349994533670264,0.017508004495430402,0.03332045034916463,7.967299999999899e-05
0.615,0.009615479913184795,0.0049450691764454345,0.02840385423183899,0.017678512157665575,0.03345607160639586,8.1423999999999e-05
0.617,0.009672341478972174,0.004980555426041957,0.028457711555539198,0.017807737438857364,0.03357017812984542,9.382799999999901e-05
0.619,0.009729301782751896,0.005016267819945295,0.02850259222418332,0.017904656464480504,0.03365968637122365,8.0664999999999e-05
0.621,0.009786376964299362,0.005052010718522836,0.028572589323283847,0.017838242113059923,0.03368376081023582,5.578399999999898e-05
0.623,0.009843647779494518,0.005087610016238604,0.02869822587187155,0.017761055602708,0.03374971502569234,4.901299999999897e-05
0.625,0.009901229104833867,0.005123182377744353,0.02888309946747618,0.01781130590304109,0.033933406148216674,1.8805999999998945e-05
0.627,0.009959217867185968,0.005158862427808542,0.029105662884625794,0.017868744161148403,0.034153061793198845,-3.90980000000011e-05
0.629,0.010017624834320258,0.005194590949812075,0.02930130424966341,0.01785977784238406,0.03431527495606958,-3.94780000000011e-05
0.631,0.010076424880323613,0.005230271022841046,0.029498741753691875,0.017820295186586486,0.03446358492072584,-8.966000000001073e-06
0.633,0.010135657491761225,0.00526590263876846,0.02973386968391891,0.017811320740827544,0.03466044074897066,1.1958999999998943e-05
0.635,0.010195329847141402,0.005301539633580211,0.029938485696257944,0.01782567407092353,0.03484347258623682,5.0993999999998984e-05
0.637,0.010255371949593759,0.005337234045990587,0.030103616756099374,0.017868738339452545,0.03500742137950078,9.1093999999999e-05
0.639,0.010315670725801408,0.0053730145900090474,0.030195159451550033,0.01791180567900793,0.03510812494262649,0.00012693299999999902
0.641,0.010376030538134164,0.005408888461308861,0.030164652881206008,0.01796206562080551,0.03510757873750016,0.00012868299999999904
0.643,0.01043639574157968,0.00544480720376273,0.030200550564311666,0.017956676833064133,0.035135672716978796,0.00011764999999999904
0.645,0.010496954779187785,0.005480616435526481,0.0303584870437923,0.017852554930686406,0.035218623669037386,0.00012153099999999902
0.647,0.01055789789058431,0.005516181518570529,0.030584624352731658,0.01771252811336104,0.035343357211282456,0.00011688999999999902
0.649,0.010619354303695627,0.005551466542813736,0.03087178875858621,0.01757249612984621,0.035522668275176486,0.00010585799999999903
0.651,0.01068136710502471,0.005586543299212129,0.0311410125704977,0.017504260268546748,0.03572340677293979,0.00012465299999999904
0.653,0.010743851954959652,0.005621584100522914,0.031343837364444696,0.017536541042238597,0.03591610241179962,0.00014983899999999905
0.655,0.010806645532087156,0.00565669306462803,0.03144973976305858,0.01757242306287736,0.036026048679599215,0.00015371999999999906
0.657,0.010869650928007924,0.005691963535420934,0.03155565615770907,0.01769804773002584,0.036179833180901136,0.00015440499999999906
0.66,0.010964665283649647,0.005745598778188283,0.03178724760343974,0.0180587807815406,0.03655883851434733,0.00014744199999999907
0.662,0.011028325966737392,0.00578194606996352,0.03187343548430481,0.018288510993695925,0.0367475920835458,0.00015664899999999908
0.664,0.011092083627543834,0.0058186541152362116,0.03188422532213683,0.018419534278995404,0.03682231751869888,0.0001711829999999991
0.666,0.011155929280763893,0.005855618810805839,0.03196142789792276,0.018545161290632002,0.036952075456862646,0.0001814559999999991
0.668,0.011219871902018988,0.005892827591662833,0.031981193357172005,0.01866361956636209,0.0370287378108776,0.0001789459999999991
0.67,0.011283778647846755,0.005930154840752272,0.031925552470594344,0.018663629523076725,0.03698069722878861,0.0001711089999999991
0.672,0.011347629747818323,0.005967453381798855,0.031925547500973185,0.018634911523506773,0.036966207686559095,0.0001749889999999991
0.674,0.011411525705054736,0.006004667555963882,0.031970409735439714,0.01857926264151994,0.0369769671411066,0.0001756739999999991
0.676,0.011475624452343215,0.006041705797423797,0.0321283375530392,0.018458978818394867,0.03705352848164368,0.0001763589999999991
0.678,0.011540083957383979,0.0060786632057948055,0.032331167487723765,0.018498429552613646,0.03724911122472933,0.0001930229999999991
0.68,0.011604760646360238,0.006115638524582197,0.03234552148853578,0.018476889234777243,0.03725088181720746,0.0001990349999999991
0.682,0.011669300866049606,0.006152312331751832,0.03219469820083249,0.0181969179348576,0.03698143337636643,0.00018161099999999909
0.684,0.011733622036384393,0.006188594897974809,0.032126472133954795,0.0180856482881191,0.036867341723744056,0.0001865569999999991
0.686,0.01179801858898555,0.006224866679651003,0.03227008046720289,0.018186133388075447,0.03704178101777264,0.0001946989999999991
0.688,0.011862750789588443,0.0062611832678202235,0.03246212013569421,0.018130454781147186,0.03718202030922293,0.0001985799999999989
0.69,0.011927716309905662,0.006297435195164186,0.03250340018152319,0.018121472562815398,0.037213690910807444,0.0001971339999999989
0.692,0.011992694436406017,0.006333915069635597,0.032474726318831824,0.018358401908595234,0.03730467490972869,0.00017544799999999892
0.694,0.012057753398105605,0.006370757494892948,0.03258423538075599,0.018484023348756356,0.037461867472216075,0.0001782629999999989
0.696,0.012123069044728242,0.006407707566412754,0.0327314112418817,0.0184660481710496,0.03758111516361248,0.0001757519999999989
0.698,0.012188623417882377,0.006444709646401016,0.03282296191225261,0.018536031817212795,0.037695242461375816,0.00017963299999999892
0.7,0.012254378839210168,0.006481844509371336,0.03293245941553901,0.018598831153107374,0.0378214674942409,0.00020375399999999894
0.702,0.012320326308610642,0.006518977538520084,0.0330150099849352,0.018534197995640156,0.037861687490746664,0.00021189599999999896
0.704,0.01238648198711751,0.006556135651907403,0.033140668521934265,0.018623915391679402,0.03801518294835838,0.00019979799999999894
0.706,0.012453007461136,0.006593555742338161,0.033384805496554704,0.018796175039077805,0.03831241879785771,0.00019089599999999894
0.708,0.012520006845617356,0.00663129881706083,0.033614578984801635,0.018946899683592044,0.038586590001522134,0.00019797299999999894
0.71,0.012587320370606562,0.0066692302918541875,0.03369894600440402,0.0189845751097648,0.03867858650346518,0.00018907099999999894
0.712,0.01265481338528013,0.006707172500635265,0.03379406866916322,0.018957633671312854,0.03874830256452293,0.00018229899999999894
0.714,0.01272256307384297,0.006745159532215073,0.03395561989367599,0.019029397908494818,0.03892431254529271,0.00018617899999999894
0.716,0.012790567649391139,0.006783234463499354,0.034048955654492966,0.01904553337578618,0.03901363508736162,0.00019858199999999896
0.718,0.01285873018667667,0.00682137397738458,0.034113581631036886,0.019093980509439532,0.039093689303930805,0.00021844199999999898
0.72,0.012927056090417065,0.006859664224655717,0.034212322109359414,0.019196266761697646,0.03922983101799982,0.000222322999999999
0.722,0.012995529206514802,0.0068981016194197865,0.034260793988377156,0.01924112800237153,0.03929405822153861,0.00021342099999999899
0.724,0.013064054389015211,0.0069366054126700286,0.03426438851203174,0.01926266524787069,0.03930774214521839,0.000206648999999999
0.727,0.013167061617604189,0.006994502395174137,0.034407097213953686,0.019335323088201548,0.039467747055229783,0.00023643899999999901
0.729,0.013235888380941236,0.007033194577295122,0.0344196661230933,0.019356859032783193,0.03948925686361111,0.00024777699999999905
0.731,0.013304670295513197,0.007071989078996486,0.034362248448867594,0.019437642668581386,0.03947893198876027,0.00023035299999999903
0.733,0.013373418167182807,0.007111047435954056,0.03438562322074364,0.0196207142889888,0.03958968948462559,0.00022571199999999906
0.735,0.013442189452667046,0.007150461172527611,0.034385662263496104,0.019793022284565445,0.03967540170504294,0.00022746199999999902
0.737,0.01351104337132904,0.007190181815136192,0.03446825639849844,0.019927620324015998,0.03981420287950977,0.000217493999999999
0.739,0.01357999604988677,0.0072300908998809785,0.034484422159231184,0.019981464420770215,0.03985516644118527,0.00022670099999999902
0.741,0.013648970307304182,0.00727016869814891,0.03448983525817938,0.02009633384716068,0.03991755716765355,0.000245495999999999
0.743,0.013718054091488609,0.007310404417331725,0.03459394892624728,0.02013938533565433,0.04002919114858273,0.00024405099999999898
0.745,0.013787193509385065,0.007350606021748077,0.03454546897020829,0.02006221908069753,0.039948492597512715,0.00025538899999999904
0.747,0.013856122903582388,0.007390708965027479,0.03438392522711511,0.02004072419870403,0.03979805196780822,0.0002784449999999991
0.749,0.013924926644798625,0.007430765273486173,0.03441981598912172,0.020015584259989467,0.03981642055727433,0.0002951089999999991
0.751,0.013993961929929905,0.007470837666298951,0.034615469142157435,0.020056808552789178,0.04000632791515476,0.00029472899999999905
0.753,0.014063433361993102,0.007510893774690031,0.034855962921039624,0.01999929983829092,0.04018594462215306,0.00030606699999999906
0.755,0.01413334447379531,0.00755075051756688,0.035055148881166814,0.019857443038558117,0.04028872679932131,0.00032805699999999906
0.757,0.014203530136416185,0.007590407942529765,0.03513051373970855,0.01979998192432643,0.040326074440980554,0.0003383289999999991
0.759,0.014273871946383934,0.007630049161341437,0.03521129622804113,0.01984123688734545,0.04041670525016384,0.00033155699999999914
0.761,0.014344359171919436,0.007669785459996002,0.035275929307462144,0.01989506176722025,0.040499440381646955,0.0003173279999999991
0.763,0.014414932577992671,0.007709607884694451,0.03529747676577231,0.019927362931228345,0.040534080221748335,0.0003009679999999991
0.765,0.014485577822760014,0.007749586443783952,0.035347768001570204,0.020051196158272003,0.04063883819784139,0.00027395599999999903
0.767,0.014556373910108129,0.007789839579863425,0.03544831934654516,0.020201939921201686,0.04080075637870566,0.0002480099999999991
0.769,0.01462735671924176,0.00783031343888586,0.03553448978708554,0.02027191910123247,0.04091027582986211,0.00023271599999999908
0.771,0.014698585449606583,0.007870891342355557,0.03569424057773768,0.020305984368463283,0.041065944669442224,0.00022913999999999907
0.773,0.014770164189633481,0.007911514037441732,0.03588449944916109,0.020316710717711847,0.041236707374668384,0.00021491199999999907
0.775,0.014842092909147502,0.007952037938876699,0.03604422006485934,0.02020719071725604,0.04132210494115186,0.00020068399999999904
0.777,0.014914306981976832,0.007992409217800377,0.03616985276447155,0.0201640882064219,0.04141073172741473,0.00020989199999999904
0.779,0.014986711320115444,0.008032812763972929,0.03623448537414044,0.020239457966129026,0.041503898480642766,0.00023081799999999906
0.781,0.015059232358540635,0.008073356282328366,0.03628655305105006,0.020304060389307942,0.04158087060920363,0.0002591999999999991
0.783,0.015131846777516424,0.008114081059250199,0.03632786592473784,0.020420716532524818,0.04167396677000477,0.0002662759999999991
0.785,0.015204617438185576,0.00815515400324173,0.03644279474441438,0.020652227459005457,0.04188784773418199,0.00023926399999999907
0.787,0.015277664554957862,0.00819640995882723,0.036604322027871054,0.020603728126495104,0.04200464264614819,0.00023462299999999907
0.789,0.015351009515346055,0.008237236869514315,0.03674063836032107,0.02022318256059049,0.04193866497640176,0.0002576789999999991
0.791,0.015424600300328412,0.0082777532059078,0.03685014662203593,0.02029315383289376,0.042068341999073805,0.0002700819999999991
0.793,0.01549838144649805,0.008318648209300221,0.03693099954760266,0.020601849559526257,0.042288709283429066,0.00028141999999999913
0.795,0.01557230989893873,0.00835999368372993,0.03699745289307754,0.02074362487018325,0.04241591085112256,0.00031832499999999924
0.798,0.015683722350185714,0.008422503061677897,0.037277514604912056,0.02092929376179488,0.042751005046512504,0.0003640944999999992
0.8,0.01575859688984155,0.008464422557572893,0.03759702505092407,0.02099020213320186,0.04305955037239107,0.0003722364999999992
0.802,0.015834070938054987,0.008506399265737657,0.037877023162511105,0.020986506031561943,0.04330245165191214,0.00038783549999999925
0.804,0.015909986526909677,0.008548382983813541,0.03803856569217859,0.0209972120443214,0.0434489976127457,0.00039597749999999924
0.806,0.015986232464592475,0.00859059631490254,0.03820737199061824,0.021216119044678582,0.04370271137752728,0.00040518449999999925
0.808,0.016062823139267865,0.008633111046319706,0.03838330268477277,0.021298612372487268,0.043896569501321536,0.0004133264999999992
0.81,0.01613965978107677,0.008675797986201448,0.03845333912413309,0.02138832750925388,0.044001361836182876,0.0004097504999999993
0.812,0.016216609684199423,0.008718937187501285,0.038496563998521076,0.021750873790583644,0.044216353878922754,0.0004115004999999993
0.814,0.016293723084640294,0.008762478372736365,0.03861683644235341,0.021790311444499683,0.044340475072598945,0.00041005449999999933
0.816,0.01637107335220091,0.008805881256074767,0.03873343111826191,0.021612571893902713,0.044355179517867514,0.0003947604999999993
0.818,0.016448570765793202,0.008849210491055878,0.038763982474030456,0.02171666308720737,0.044432643325490045,0.0003752054999999993
0.82,0.0165261095186,0.008892697659214428,0.03877477033276804,0.02177050507134234,0.04446838995758955,0.0003908034999999993
0.822,0.016603655398105484,0.00893606636285446,0.038771109172716194,0.021598198568689473,0.044381089304964316,0.0004351634999999993
0.824,0.016681174297432613,0.008979293283271777,0.0387477901544109,0.02162872184862764,0.044375588454189145,0.0004411744999999993
0.826,0.01675885480804077,0.009022683469991907,0.03893272045374406,0.021761464871501546,0.04460177210922204,0.0004237504999999993
0.828,0.01683690151762433,0.009066172220347501,0.0391139891298172,0.021727285484094028,0.044743480867661396,0.00040100049999999924
0.83,0.016915168977427085,0.00910961421219539,0.03915347067293607,0.021714706363794935,0.044771896745640576,0.0003899684999999992
0.832,0.016993605178948715,0.00915311895716917,0.03928273084869567,0.021790038609985712,0.0449214728782988,0.0004108944999999992
0.834,0.01707216352691048,0.009196856986139474,0.039275617113065944,0.02194799036031829,0.04499209242154429,0.00042223249999999923
0.836,0.017150677107495148,0.009240844520416557,0.03923796347160227,0.022039543916765582,0.04500399175026403,0.00043250449999999925
0.838,0.017229300244505863,0.009284991748907739,0.0393851735391131,0.022107684574416527,0.045165712791319354,0.0004385154999999992
0.84,0.01730836496252087,0.009329232119358983,0.03967954447589641,0.022132685876827145,0.04543481081656382,0.00042535249999999924
0.842,0.017388032782444163,0.009373531463609372,0.03998827544739551,0.02216665837356247,0.045721142994319404,0.0004111244999999992
0.844,0.01746826429144888,0.009418076470689296,0.04024323355732208,0.02237834870636134,0.04604680594756468,0.0004022224999999992
0.846,0.017548876464119203,0.009462998245497607,0.04036893911300136,0.022543426101949187,0.04623696903478054,0.00037094949999999917
0.848,0.017629695138433935,0.0095081586589101,0.040449735201730626,0.022616987310544002,0.046343383485622135,0.0003567204999999992
0.85,0.017710725658622615,0.009553460792270447,0.04058078498694833,0.02268514604980321,0.04649103097865042,0.0003467524999999991
0.852,0.017791971627094068,0.009598944131933913,0.040665183484502945,0.022798193613662754,0.046619896823935,0.0003516984999999992
0.854,0.017873373832979326,0.009644658953927998,0.04073702240075476,0.022916628380421706,0.046740526852036494,0.00040671249999999924
0.856,0.017954919708420666,0.009690580129386357,0.0408088530405836,0.023004547077936418,0.04684625569614868,0.0004372254999999992
0.858,0.018036598486299314,0.009736696888940232,0.04086992483806582,0.023112212475938292,0.04695237077935541,0.0004336494999999993
0.86,0.018118363546249176,0.009783113353977739,0.04089513511179621,0.023304252561568307,0.04706910093963375,0.0004247464999999993
0.862,0.018200189746881045,0.009829800817707367,0.040931065520074035,0.02338321116806005,0.047139438786844734,0.00042862749999999925
0.864,0.018282123642256426,0.009876499002831787,0.04100282985530543,0.023314973956361305,0.04716799833286263,0.0004410314999999993
0.867,0.018405220873846443,0.009946209653768846,0.04106199120470514,0.02315879333501089,0.04714251616565483,0.0004436579999999993
0.869,0.018487321502918125,0.00999248058421514,0.04103863786697531,0.02311213711128297,0.047099264111315826,0.0004592569999999992
0.871,0.018569414963637808,0.01003877126052323,0.04105482285270793,0.02317853919680811,0.047145977121756624,0.00047059499999999927
0.873,0.018651598263039422,0.010085262919152266,0.04112847654890589,0.02331311943222863,0.047276348430216754,0.0004744759999999993
0.875,0.01873392528813774,0.01013203809787558,0.0411985485494132,0.023462059291085056,0.047410849272679634,0.0004975319999999993
0.877,0.018816401417580772,0.010179077048324527,0.04127758089361803,0.023576891157861494,0.047536391124051766,0.0005184579999999993
0.879,0.018898996059353405,0.010226218246169847,0.04131706087901505,0.02356430668745855,0.04756444122809433,0.0005255349999999993
0.881,0.018981669706220738,0.01027342581368217,0.04135658598831621,0.023643260824864426,0.04763791543551797,0.0005027839999999993
0.883,0.019064487049733115,0.010320850488342338,0.04146075752406097,0.023781413835305156,0.04779696704263798,0.0004970769999999993
0.885,0.01914745173163756,0.010368590987753005,0.04150392438038413,0.02395908557536081,0.04792299573879023,0.0005052189999999994
0.887,0.01923041669275375,0.010416886104381866,0.04146103673580862,0.024336031053501066,0.0480755652555957,0.0004941869999999993
0.889,0.019313448314394587,0.01046567837081175,0.04157058490502647,0.024456235376383348,0.04823091309659272,0.00048315499999999933
0.891,0.019396741992803015,0.010514475895919872,0.041723093503400505,0.024341289731738512,0.048304398529512196,0.0004806449999999994
0.893,0.019480286909873173,0.010563188941524174,0.0418218235667551,0.02437175587256275,0.04840503497324002,0.0004600249999999993
0.895,0.01956404184840506,0.010611952145269186,0.041933114965129636,0.024391447872449415,0.04851112099295579,0.00045431799999999935
0.897,0.019647976230080896,0.010660620136817517,0.042001266710706815,0.02427654367588091,0.04851244147794338,0.0004901559999999994
0.899,0.019732050495683856,0.010709045752807584,0.04207299889225303,0.024149072314186684,0.04851097741154411,0.0004951019999999993
0.901,0.019816169556115367,0.010757316986230513,0.042046061539256906,0.02412216110874211,0.048474219411137394,0.0004712859999999993
0.903,0.019900277831219424,0.010805557710349873,0.042062213564800666,0.024118563010617676,0.04848644028662071,0.0004772969999999993
0.905,0.019984610363084264,0.010853591913217952,0.042270318300039265,0.023915639857461538,0.048566836822861316,0.0004992869999999993
0.907,0.02006932686142471,0.01090135131034335,0.042446180040407705,0.02384375726793594,0.048684730261910183,0.0004946459999999993
0.909,0.020154316227300254,0.010949207495863941,0.04254318583513449,0.024012428252654136,0.048852015020791624,0.0004750919999999993
0.911,0.020239533650972228,0.010997286137288287,0.04267423783683892,0.024066213171692528,0.04899258302417256,0.00046086399999999925
0.913,0.020325038250426728,0.01104535387476024,0.042830361617662766,0.024001524300260986,0.04909697592556774,0.0004732669999999993
0.915,0.020410785111512557,0.011093322779541977,0.04291649946816724,0.023967380481475734,0.04915548040396943,0.0004771479999999993
0.917,0.020496609146534905,0.011141279082592763,0.04290753555418014,0.023988922569309318,0.04915816324243157,0.00046824599999999926
0.919,0.020582381161993596,0.011189300024072103,0.0428644799045116,0.02403201891003053,0.049141648022592244,0.0004763879999999992
0.921,0.020668135295617476,0.011237457382679434,0.04288965371936717,0.024125339697301178,0.04920929192416207,0.0004813339999999993
0.923,0.020754013340894287,0.011285749296517282,0.0429883915574424,0.024166574140546182,0.04931556665381125,0.0004820189999999993
0.925,0.020840020585536363,0.011333974737979934,0.04301885308463397,0.02405886732210488,0.04928945949734048,0.00047631299999999926
0.927,0.020926060073008738,0.011382063754781294,0.04302063438773911,0.024030149479255955,0.049277003430798286,0.00047593299999999924
0.929,0.021012148054405946,0.011430220955279024,0.04306734700946855,0.024127051018474156,0.04936507843893327,0.00048620499999999927
0.932,0.02114156417678091,0.011502690853640371,0.04321006790717328,0.02418621455575795,0.0495185111153363,0.0004776444999999993
0.934,0.021228025655233795,0.011551192493780409,0.04325141054571244,0.02431542558427954,0.04961778346055375,0.00046980749999999923
0.936,0.02131443887478048,0.011600126720055417,0.0431618090009705,0.02461880069072827,0.04968930572755128,0.00046942749999999916
0.938,0.021400703335009298,0.011649520503224363,0.04310265122785217,0.024774982478221443,0.049715574015252464,0.00047863449999999873
0.94,0.021486908628648452,0.011699052520182973,0.04310264241130136,0.02475703448038833,0.04970662470033196,0.0005038204999999987
0.942,0.02157313722961772,0.011748532475699403,0.04312595855796657,0.02472292103604102,0.0497098695039302,0.0004906574999999986
0.944,0.02165951656348734,0.011797938769286337,0.043253375311654935,0.024683372550892473,0.049800836903982175,0.00048069049999999874
0.946,0.021746197377135536,0.011847228247529,0.04342743833654204,0.02460610569177128,0.0499139543393306,0.0005261164999999987
0.948,0.02183310069846737,0.011896408125182905,0.043475882995290246,0.024573771962132573,0.049940190935428556,0.0005150834999999987
0.95,0.02192013863760026,0.011945593320667218,0.043562056137601717,0.024611423522180174,0.050033737644950005,0.0004784844999999987
0.952,0.022007478140778917,0.011994830421775177,0.04377744704105439,0.024625677585778577,0.05022836714438405,0.0004866264999999987
0.954,0.022095230471666453,0.012044083474138262,0.043974883846482134,0.024627374777306255,0.05040136900654084,0.0004947684999999987
0.956,0.02218320718027716,0.012093374107611557,0.04400182476422746,0.024663258695989444,0.050442411838522154,0.0004986494999999986
0.958,0.02227117852787132,0.012142713204896504,0.04396952282993053,0.024675838588956382,0.05042039218371879,0.0005057264999999986
0.96,0.022359201895401606,0.0121919930434094,0.04405384470035678,0.02460399992393913,0.05045887479066839,0.0005245214999999987
0.962,0.022447417230604033,0.012241114831541422,0.04416149050207062,0.024517788208083004,0.05051098080596819,0.0005475774999999987
0.964,0.022535713259268533,0.01229009657564485,0.044134538162427496,0.024463955895345044,0.050461298010060704,0.0005344144999999986
0.966,0.022623980529363905,0.012339002952446804,0.04413273193294577,0.02444242090660807,0.05044928114097408,0.0005084684999999985
0.968,0.022712389623361865,0.012387970285814488,0.04427636206501508,0.02452491246107613,0.050614894734018305,0.0004995664999999987
0.97,0.02280101430773583,0.01243734853576259,0.04434832230895162,0.024853337487025378,0.050837604938299724,0.0005087734999999987
0.972,0.022889725557531222,0.012487525459124653,0.04436292748644036,0.025323585875037125,0.05108182980999746,0.0005424814999999987
0.974,0.02297851072132399,0.012538321571522642,0.04442223630632891,0.025472526522951757,0.051207271807017875,0.0005655374999999987
0.976,0.023067347995932956,0.012589234320927135,0.04441503830263509,0.025440222881541772,0.05118496427357416,0.0005704844999999989
0.978,0.023156142238714844,0.0126402278642844,0.04437920447925248,0.025553320475722563,0.05121021360574749,0.0005647784999999988
0.98,0.023244950791789412,0.012691144220407902,0.044429348595316595,0.02536303564777873,0.05115907147197509,0.0005825074999999988
0.982,0.023333863300355445,0.012741809235214408,0.044483159970718035,0.02530197915872859,0.0511755964335466,0.0005874534999999989
0.984,0.023422883681217522,0.012792790086766493,0.044537220891359156,0.025678872393356617,0.051409809687646295,0.0005529854999999987
0.986,0.023512031800864593,0.012844305740647693,0.04461089875571079,0.02583678148784222,0.05155260968605552,0.0005355614999999987
0.988,0.023601230222569644,0.012895898546507838,0.044587522949340215,0.025756024372303912,0.05149194106095296,0.0005266594999999987
0.99,0.02369036766618835,0.012947582923229882,0.0445499206693677,0.025928352349739323,0.05154585227949178,0.0005220184999999987
0.992,0.023779499995241718,0.012999784226017125,0.04458240838399922,0.026272950437503963,0.05174803437821792,0.0005205734999999987
0.994,0.023868664937736275,0.013052574228859751,0.04458253411055952,0.026517052405122046,0.05187250153959409,0.0005095414999999987
0.996,0.023957849858351206,0.013105825503052766,0.0446023865043709,0.02673422178789221,0.05200087976649528,0.0004857254999999987
0.998,0.024047122907601394,0.013159441093636554,0.04467066274581595,0.026881368795896372,0.05213517141519169,0.0004619094999999987
1.0,0.02413647139224406,0.013213155365284984,0.044677821896850954,0.026832902852532387,0.05211633568220406,0.0004466164999999987
1.003,0.02427048857322974,0.01329335927226208,0.04466696542694025,0.026636368465533633,0.05200609508012643,0.00045084049999999853
1.005,0.0243598906817948,0.013346570951590761,0.044735143138118764,0.0265753108631476,0.052033452499914944,0.00047602649999999854
1.007,0.024449484759002296,0.01339960484683662,0.044858934069375196,0.02645858438271128,0.052080520863155774,0.00048203749999999854
1.009,0.024539362368657204,0.013452518349223426,0.045018675585532,0.026454918004093934,0.05221631773764508,0.00047313449999999854
1.011,0.02462962949106763,0.013505485513096578,0.04524844682489628,0.026512245869058846,0.052443504088560806,0.00046955849999999856
1.013,0.024720323864293455,0.013558605040452492,0.04544592640092703,0.026607281486855143,0.052661937436437156,0.00046065649999999853
1.015,0.024811371969652937,0.013612034916272516,0.04560217895855492,0.026822594333169025,0.05290567353819267,0.0004538844999999985
1.017,0.02490281333806627,0.013665870253175746,0.04583918945477661,0.02701274257005983,0.05320638637444969,0.00045563449999999855
1.019,0.024994664070724534,0.013719996173103278,0.04601154320348666,0.027113177357472734,0.05340586573012455,0.0004499274999999985
1.021,0.02508683976011504,0.01377431220478194,0.046164146187021374,0.027202854321189518,0.05358286737751666,0.0004335684999999985
1.023,0.0251792865429634,0.01382878247752688,0.04628263666133612,0.02726741842375105,0.053717730441830584,0.0004097524999999985
1.025,0.025271787239492284,0.013883412468271591,0.04621805986754992,0.027362572320959254,0.05371051500349028,0.00040298049999999854
1.027,0.025364054735493486,0.013938367426110307,0.04604943613365124,0.027592385517755648,0.05368324046467087,0.0004175144999999985
1.029,0.02545605137396667,0.01399372813806786,0.04594720233953145,0.027768326439797462,0.05368636098765681,0.0004299174999999986
1.031,0.025547983477125964,0.014049280928170168,0.04598490081976145,0.027784463662510916,0.05372697203841555,0.0004401894999999986
1.033,0.025640141720993857,0.014104804897902721,0.04617334304813267,0.027739506070042604,0.05386518175269134,0.00046004949999999857
1.035,0.02573270371689891,0.014160131244278428,0.04638865285692062,0.027586840305665338,0.05397166730730274,0.0004926924999999986
1.037,0.02582564599478934,0.014214999712613334,0.04655362503350871,0.027281628029239342,0.053958569585250374,0.0005285304999999987
1.039,0.025918817880187156,0.014269597037737437,0.046618260364308106,0.02731569709486282,0.05403156028815675,0.0005409334999999987
1.041,0.026012111904331423,0.014324350454474232,0.04667576377995991,0.027437719641931813,0.05414291628266683,0.0005192484999999987
1.043,0.02610551010703003,0.01437924381811588,0.04672243891864739,0.027455643999716745,0.05419223824447481,0.0005050194999999987
1.045,0.02619887789610435,0.014434334632360837,0.046645350155672775,0.02763517024524056,0.05421707595978181,0.0005110304999999986
1.047,0.02629219737391806,0.014489723419272127,0.04667412765803895,0.02775361666604968,0.054302278319467844,0.0005095854999999988
1.049,0.026385700008927822,0.014545273650791597,0.04682850735172336,0.027796614853419933,0.05445696372457589,0.0004985534999999986
1.051,0.026479617275331626,0.01460085777698753,0.047088759052079154,0.027787511342512918,0.054676292994999674,0.0004917824999999986
1.053,0.026573997643888285,0.01465649193084478,0.047291609504579696,0.02784664251473758,0.054881069859080214,0.0004956634999999986
1.055,0.02666864384656566,0.014712504671885163,0.04735459317279579,0.02816609852564606,0.055097972745985845,0.0005144574999999986
1.057,0.026763516342711492,0.01476880088578377,0.047517902973036964,0.028130115372959563,0.05522005517790589,0.0005321864999999986
1.059,0.02685879237571904,0.014824529705629726,0.047758130034509245,0.027598704472997247,0.055159110516585855,0.0005403284999999986
1.061,0.026954515054140357,0.014879744952444448,0.047964548386807936,0.02761654234172559,0.05534682748688277,0.0005356874999999986
1.063,0.027050548402071224,0.014935254392576891,0.048068799544059446,0.02789289779071719,0.05557538337043088,0.0005214594999999986
1.065,0.027146768556881924,0.014991023993232513,0.048151355266639356,0.02787670286490458,0.05563868776878456,0.0005040354999999986
1.067,0.027243207702701142,0.015046829383298726,0.048287790552580014,0.027928687201308876,0.055782813529243844,0.0004887414999999985
1.07,0.027388394284643035,0.015130889905610066,0.04850326407534452,0.028111661006249358,0.05606096779839684,0.00047858349999999815
1.072,0.027485490543456028,0.01518708446675896,0.04859299473764804,0.028082900142645126,0.05612422309479988,0.0004739424999999982
1.074,0.02758272136421862,0.015243164090850898,0.04863782602494647,0.027996723949292455,0.05612000242628154,0.0005087164999999982
1.076,0.027680061606488903,0.015299112632374153,0.0487024162453346,0.02795181757396207,0.05615362369270469,0.0005488164999999983
1.078,0.027777486213908898,0.015355073691747578,0.048722191174659965,0.028009241799462462,0.056199373119643146,0.0005526974999999982
1.08,0.027874901959652747,0.015411237575478784,0.048693554569188044,0.02815464193174411,0.05624718765313709,0.0005789494999999983
1.082,0.027972267578605263,0.015467625846366694,0.04867206438332778,0.028233628956165886,0.056268176222170674,0.0006318334999999983
1.084,0.028069674548706118,0.015524125371902594,0.048734905717528164,0.028265896579732816,0.056338725089874996,0.0006410414999999983
1.086,0.028167341848809976,0.015580743195826483,0.048932394386329243,0.028351927344155755,0.05655272764869571,0.0006140304999999982
1.088,0.0282653986386501,0.01563736795705006,0.04912439545379401,0.02827283387942187,0.05667944393053025,0.0006221724999999983
1.09,0.02836369405404763,0.01569384359600811,0.04917101994373581,0.028202805078627186,0.05668498404877877,0.0006324444999999982
1.092,0.028461993145787068,0.015750453849039194,0.04912807179570183,0.028407447952458392,0.056749894603737076,0.0006171504999999982
1.094,0.028560321196584765,0.01580744818584651,0.049199979001994076,0.02858688885485778,0.05690209265217449,0.0006359454999999983
1.096,0.028658794787879027,0.01586469191732504,0.049273612292266566,0.028656842623671346,0.05700090786545833,0.0006653934999999982
1.098,0.028757297229608417,0.015922134863978532,0.04922882943712154,0.02878610402981993,0.05702733934671001,0.0006884494999999984
1.1,0.028855796245169887,0.01597981652891953,0.04927018612434785,0.028895560911177055,0.05711833927119575,0.0007136354999999984
1.102,0.028954469398681303,0.016037553709288572,0.04940296738706968,0.02884161945786465,0.05720570076137646,0.0007239074999999984
1.104,0.029053307598200524,0.016095177693165208,0.04943523213214972,0.02878236441877169,0.057203729576789854,0.0007043524999999984
1.106,0.029152147570538894,0.0161527729565117,0.049404740206218045,0.028812898927718485,0.05719275740391277,0.0006975804999999984
1.108,0.029251140130496928,0.016210402216914808,0.04958781975181637,0.02881636147538862,0.05735272056684749,0.0006961344999999983
1.11,0.029350550886085836,0.016268018622980936,0.04982293583709169,0.028800044590741196,0.05754795829441421,0.0006819054999999983
1.112,0.029450225588698652,0.01632578382061662,0.049851766775722776,0.02896515304494217,0.0576556913199207,0.0006847204999999983
1.114,0.029549875442837704,0.016383958265394148,0.04979808736332995,0.02920929173258676,0.057732419216287856,0.0006800784999999983
1.116,0.029649543457732994,0.01644244321005533,0.0498699275319616,0.029275652928594215,0.057827964916972556,0.0006796974999999983
1.118,0.02974941790425707,0.016500960321972152,0.050004518992111106,0.029241458988229867,0.057926805913952564,0.0006644034999999983
1.12,0.02984949351097558,0.01655968909340351,0.050071087726398726,0.029487312443127224,0.0581086518620362,0.0006437834999999982
1.122,0.02994980266456596,0.01661874617675008,0.050238065863981135,0.029569770903444807,0.0582943789145739,0.0006295544999999982
1.124,0.030050551440781306,0.016677601959814405,0.05051071035136374,0.029286012160880507,0.058386662590754444,0.0006078684999999981
1.126,0.03015177569754647,0.016736198988514667,0.05071354641381156,0.02931101653938878,0.058574734147396196,0.0006128144999999975
1.128,0.03025331956760687,0.01679500223149489,0.050830323646586226,0.02949222644083422,0.058766599548162934,0.0006241524999999976
1.13,0.03035502511590801,0.01685403511832445,0.05087522465455449,0.02954066038872578,0.058829746726068964,0.0006173804999999977
1.132,0.030456850969149782,0.016913148700585908,0.050950628587218674,0.029572921872732447,0.05891115566277275,0.0006169994999999976
1.135,0.030610066310334288,0.017001859163393057,0.0511929322024474,0.02956738666536557,0.059118073900488455,0.0006228194999999978
1.137,0.030712653182941627,0.01706096688857254,0.05139394040489217,0.029540338514117012,0.05927873741798346,0.0006224384999999978
1.139,0.03081560074092293,0.017119941569248124,0.05155361757640945,0.029434342161469527,0.05936460211012229,0.0006209924999999977
1.141,0.030918697290779333,0.017178946669999615,0.05154293227999552,0.029570758590020847,0.059423090054367717,0.0006163514999999977
1.143,0.03102179408707459,0.017238350231189744,0.051553864015261436,0.029832802600107514,0.05956338645410492,0.0006212984999999978
1.145,0.0311250005431028,0.017298031929027655,0.05165259201294698,0.02984889523780386,0.05965690914364692,0.0006219844999999978
1.147,0.031228381075951814,0.017357672237363383,0.05172794083606872,0.02979141309792276,0.05969345154630372,0.0006024304999999978
1.149,0.0313319393058638,0.017417323206800756,0.051830289075917614,0.029859556339449526,0.059816151418174215,0.0006041814999999979
1.151,0.031435745310839466,0.017477114024938466,0.05197571589974852,0.029931261798259997,0.059977958252405934,0.0006251064999999978
1.153,0.03153979903170692,0.017536947766825434,0.05207800496770827,0.02990248008870853,0.06005228485971418,0.0006140734999999978
1.155,0.031644087847908044,0.017596729314925764,0.05221081123341246,0.029879068011622704,0.06015586018746805,0.0005828004999999977
1.157,0.031748732011752996,0.01765644783565833,0.05243335261153857,0.029839452720941906,0.06032950691636114,0.0005611144999999977
1.159,0.03185367595195489,0.017716230799112023,0.05251058759035146,0.029943510732751123,0.06044812357787754,0.0005415594999999977
1.161,0.03195880668119044,0.017776241609002794,0.05262014164520074,0.030067299158019426,0.06060463501596908,0.0005294614999999977
1.163,0.03206424089162892,0.017836530463843214,0.052814068793281356,0.030221555682401303,0.060849554561770935,0.0005258854999999977
1.165,0.03217002348842428,0.017897163749491563,0.052968528002078505,0.030411729965949798,0.061078132569920826,0.0005308314999999977
1.167,0.032276168788877777,0.017958058891821504,0.053176772451419864,0.030483412363993077,0.06129443333373213,0.0005411034999999977
1.169,0.03238261752507422,0.018019138741188108,0.05327196374502345,0.030596437002610853,0.06143324896589653,0.0005556364999999978
1.171,0.03248922432254332,0.018080419527460107,0.05333483372407368,0.030684349269387592,0.06153156733303934,0.0005669734999999978
1.173,0.0325960448031246,0.018141865319029515,0.05348564685720594,0.030761442300019443,0.06170073542601554,0.0005729844999999978
1.175,0.032703114819068645,0.018203397120756734,0.05358436908684056,0.03077035942719928,0.061790773014373156,0.0005885834999999978
1.177,0.03281025123357906,0.018264909141055132,0.053552045423569734,0.030741660871200303,0.061748451658061546,0.0005967254999999979
1.179,0.03291725125652357,0.018326449960555248,0.0534479775209405,0.030799158628914757,0.06168690682250177,0.0005899534999999978
1.181,0.033024098711992404,0.018387983691396576,0.05339947794789516,0.030734572212411472,0.061612646219649396,0.0005948994999999979
1.183,0.03313105915665219,0.018449368381133483,0.05356096671188817,0.03065011752449761,0.06171067054713883,0.0005923884999999979
1.185,0.033238441326798526,0.018510634358945153,0.05382120343444983,0.03061586028717309,0.06191972900664324,0.000593073499999998
1.187,0.0333462776377647,0.018571961091401478,0.05401510753172703,0.030710872169151308,0.06213525175819268,0.0006054764999999981
1.189,0.03345449109639611,0.01863365913468057,0.05419835109967975,0.030987171109938046,0.06243129051461884,0.000607226499999998
1.191,0.033563040478821395,0.01869582543563763,0.05435103132560663,0.03117912984712127,0.06265917924917883,0.0006004544999999979
1.193,0.03367190232522199,0.018758250010174615,0.05451081507498755,0.031245444689863035,0.06283077887474242,0.0005926174999999979
1.195,0.033781142966275386,0.018820803590461843,0.05472982597840938,0.031308135597364874,0.06305198812257992,0.000586911499999998
1.197,0.03389080549064343,0.018883509486074975,0.054932698389635264,0.03139776001576631,0.06327259032451801,0.000581205499999998
1.2,0.03405597522697427,0.01897788024175826,0.055180459164260585,0.03151607710642547,0.06354640973144578,0.000580635499999998
1.202,0.03416645286524727,0.01904100386633674,0.05529717910873983,0.031607547472057,0.06369313208331326,0.000577059499999998
1.204,0.034277149610850925,0.019104355311664618,0.05539956649491584,0.03174389785582068,0.06384972215213923,0.000585201499999998
1.206,0.0343881013539166,0.019167921990316916,0.055552176570760295,0.03182278079647674,0.06402135346405556,0.0006061264999999979
1.208,0.034499381645053125,0.019231630261317512,0.055728114565760295,0.0318854902041199,0.06420519635209856,0.0006494214999999981
1.21,0.034610931293809516,0.019295534001074248,0.05582153419062999,0.03201824955261585,0.06435224925213771,0.000655432499999998
1.212,0.034722578033287765,0.019359699727901095,0.05582520528762131,0.03214747727423115,0.0644198249027601,0.000599658499999998
1.214,0.03483427697034552,0.019424104141580776,0.05587373177013115,0.03225693640544895,0.0645165393382638,0.000573711499999998
1.216,0.034946198526999206,0.019488603552029058,0.056047824883557244,0.032242474042833404,0.0646601562523683,0.000601027499999998
1.218,0.03505841623434716,0.019553097400851833,0.056169882464397664,0.03225137477994272,0.06477041663645969,0.0006187564999999979
1.22,0.03517082607891149,0.019617727542058587,0.05623996209993378,0.032378766426811485,0.06489466736430662,0.0006322244999999979
1.222,0.03528345685047504,0.01968260343838291,0.05639080946362022,0.03249712989751279,0.06508445930894824,0.0006744544999999978
1.224,0.03539644854710297,0.01974771422571876,0.05660088716430601,0.032613657438335594,0.06532465904458747,0.0006580954999999979
1.226,0.03550978495223509,0.019812962991000195,0.05673551796781229,0.0326351078430993,0.06545203788276323,0.0006119094999999978
1.228,0.03562330444861537,0.01987823138367055,0.05678397841246226,0.03263328482725575,0.06549314073216966,0.0005987464999999977
1.23,0.03573691733604357,0.01994359485047344,0.05682890901573409,0.032730181975635056,0.06558040646471146,0.0006079534999999978
1.232,0.03585056805217693,0.020009180860863594,0.056821807117628985,0.03285582841451953,0.06563705679657933,0.0006352694999999978
1.234,0.03596422609886309,0.020075007380382055,0.056836239568532385,0.032970691103943045,0.06570711224946076,0.0006444764999999978
1.236,0.03607797939621035,0.020141024095480933,0.056917057778728616,0.03304602399493581,0.06581482483499447,0.0006291824999999978
1.238,0.03619192662808755,0.020207178892545658,0.05703017409847581,0.033108773069789585,0.06594415525191967,0.0006245414999999979
1.24,0.03630609648564892,0.020273432266753686,0.05713968346288791,0.033144601138239825,0.06605685438205512,0.0006337494999999979
1.242,0.036420494309978776,0.020339714213600295,0.05725814086696754,0.03313734570837051,0.06615571310278168,0.0006397614999999979
1.244,0.036535112971492756,0.020406101916741446,0.05736052064701268,0.03325035743277998,0.06630094719009672,0.0006351204999999979
1.246,0.036650008167911405,0.02047268508394734,0.057534675771634985,0.03333280977311476,0.06649297048198265,0.0006432624999999979
1.248,0.03676514214789114,0.02053937040461639,0.05759930420810025,0.033352510895934655,0.06655876973262588,0.0006386214999999978
1.25,0.03688037489932978,0.020606138225618412,0.05763344723053686,0.03341531010608649,0.06661979577543752,0.0006286544999999979
1.252,0.036995724419702905,0.02067306571711008,0.05771607314259269,0.03351218138558067,0.06673987863504974,0.0006399924999999979
1.254,0.03711112078072277,0.02074026600085098,0.05768028787726835,0.033688102355318904,0.066797483859102,0.0006417424999999979
1.256,0.037226594457010966,0.02080767803229365,0.057793388410930506,0.03372392908735174,0.0669132209440362,0.0006317744999999981
1.258,0.03734231225444195,0.02087511683369107,0.05792440902005052,0.033714872310068894,0.06702186042782131,0.0006388504999999978
1.26,0.0374581629609744,0.02094268837208078,0.057926297512398486,0.03385666607963967,0.06709493111646458,0.000668297499999998
1.262,0.03757412510281895,0.02101049137348503,0.05803584433214976,0.033946335324608876,0.06723475968066152,0.000682831499999998
1.264,0.03769041216312318,0.021078365948420056,0.05825121597208289,0.03392823961041756,0.06741164295051821,0.000688843499999998
1.266,0.03780699545809988,0.021146356988218748,0.0583320790046178,0.034062800188273366,0.06754928421284129,0.0006980514999999979
1.269,0.03798221004565804,0.021248936966586873,0.058477646034161286,0.034323852057145415,0.06780679837403816,0.0007038729999999978
1.271,0.03809926948014668,0.021317642033425867,0.05858178845447135,0.03438121478184811,0.06792564956185553,0.0007045579999999979
1.273,0.03821636303420649,0.02138637220440471,0.05851176560533606,0.0343489561969943,0.06784893150283813,0.0007063089999999978
1.275,0.03833328596992004,0.021454951725694525,0.058411170108218426,0.03423056509281997,0.0677022627390327,0.0007037989999999978
1.277,0.03845009207456253,0.021523296200000187,0.05839493453426748,0.03411390921284326,0.06762933668936505,0.0007119409999999978
1.279,0.03856699860091228,0.021591509575345075,0.058511591815489095,0.03409946613204391,0.06772281718352258,0.0007243439999999979
1.281,0.038684204934829415,0.021659808887046172,0.0586947421016392,0.03419984556905176,0.06793159932847839,0.000733551999999998
1.283,0.038801759687529885,0.02172840050816507,0.05886001059882936,0.034391775549847826,0.06817107211395032,0.0007310419999999979
1.285,0.03891959648353615,0.021797332948178837,0.05897678540743204,0.03454066446391912,0.06834704615858196,0.0007264009999999979
1.287,0.03903765417730093,0.021866442919055422,0.05908090835735035,0.03456930641266769,0.06845137455290827,0.000734542999999998
1.289,0.03915595786136818,0.02193568014582938,0.059222775709903155,0.03466792036129006,0.06862362468539712,0.000733097999999998
1.291,0.03927455253606925,0.022005216902801716,0.059371898991163435,0.034868836611047414,0.06885388991498471,0.000741239999999998
1.293,0.039393382631158665,0.022075146563833133,0.05945819609825489,0.03506082442037115,0.06902563648597981,0.0007515119999999981
1.295,0.039512365665800096,0.02214558585670547,0.05952483854317376,0.03537846845196437,0.06924480076942631,0.0007255649999999981
1.297,0.03963149465755387,0.02221682735397049,0.05960415321059692,0.03586302881305558,0.06956156924335712,0.0006804429999999979
1.299,0.03975087547859863,0.02228885842531221,0.059776667834166054,0.03616804252866474,0.06986685421365073,0.0006651489999999979
1.301,0.039870624507722205,0.02236127155950902,0.05997236128940832,0.03624509166814702,0.07007418061354483,0.000676486999999998
1.303,0.03999065540989478,0.02243379937643915,0.060058540883167484,0.036282725261982535,0.07016740329705529,0.000681432999999998
1.305,0.04011086215597354,0.02250624989364927,0.060148205195591206,0.03616779194813756,0.07018486847358701,0.0006842479999999979
1.307,0.04023129119666424,0.02257830897647114,0.06028083549511135,0.03589129087372944,0.07015670950501691,0.000688127999999998
1.309,0.040352010748511385,0.022649992729637528,0.0604387163520282,0.035792462292659755,0.07024200161763894,0.000709052999999998
1.311,0.040473012156484516,0.022721757052893338,0.0605626916211043,0.03597186096314829,0.07044014762580392,0.000723586999999998
1.313,0.040594178936037166,0.022793858693891434,0.06060408793154752,0.0361297800349468,0.07055647723199043,0.000725337999999998
1.315,0.04071542310883435,0.022866256432955312,0.060640084865640494,0.0362679590289303,0.07065822489021535,0.000722827999999998
1.317,0.0408367194747031,0.022938849774213822,0.060656281003102684,0.03632538222957941,0.07070161115032952,0.000712860999999998
1.319,0.04095801040930716,0.02301137491203136,0.060634653600962436,0.03619975558795973,0.07061857773940741,0.000710350999999998
1.321,0.041079443036289104,0.023083754563810503,0.06079797338098226,0.03617989619118197,0.07074869932118422,0.0007067749999999979
1.323,0.04120112704613119,0.02315627403887694,0.06088603646110498,0.036339578875254644,0.07090609585059565,0.0007170469999999979
1.325,0.04132294938737433,0.023228972902023963,0.06093630478203023,0.03635928427176602,0.07095936015243917,0.000735841999999998
1.327,0.04144499243190509,0.02330158544788425,0.06110673974872628,0.036253261588520165,0.07105161939410133,0.0007429189999999979
1.329,0.04156727410403406,0.023374073972335048,0.06117493238024599,0.03623526286227597,0.07110110144312748,0.0007446689999999979
1.331,0.04168971369421906,0.02344651930379151,0.06126465780475541,0.036210068594184776,0.07116549278638731,0.000734700999999998
1.333,0.04181230595987536,0.023519117086796392,0.06132760785154514,0.03638771441069779,0.0713101763062426,0.000732189999999998
1.336,0.04199637010649817,0.023629031323190258,0.06138182323032117,0.036888443185208716,0.0716134447133132,0.0007475979999999986
1.338,0.04211917869308852,0.023702899713891997,0.06142676336002309,0.036979947516530956,0.07169911976596127,0.0007536089999999986
1.34,0.04224206445436192,0.02377676266047376,0.06145899791337986,0.036882999065229675,0.0716768026948926,0.0007617509999999987
1.342,0.04236507758104141,0.02385053217491683,0.061554128766110085,0.03688651537784369,0.0717601963826379,0.0007645669999999987
1.344,0.04248828816904189,0.023924335640625783,0.0616564592343706,0.03691695033110914,0.07186362213991988,0.0007567299999999986
1.346,0.04261166029436939,0.023998138984336333,0.06171566609313452,0.03688639337944192,0.07189874448043033,0.0007606109999999985
1.348,0.04273510957870214,0.024071917142511834,0.06173361823961303,0.036891764796056874,0.07191690990804502,0.0007644919999999986
1.35,0.04285860554415029,0.024145715009113104,0.06176234720853605,0.03690610180521483,0.07194892551779104,0.0007651769999999986
1.352,0.042982223572539516,0.024219527140628253,0.0618556811806888,0.0369060297099337,0.07202902417274253,0.0007797109999999986
1.354,0.04310597799633245,0.024293319422495872,0.061898742612249376,0.0368862521576838,0.07205588064285752,0.0007878529999999986
1.356,0.04322973778714762,0.024367090161495384,0.061861048202920814,0.03688448684182718,0.07202259821992688,0.0007874729999999986
1.358,0.04335354418612458,0.024440789067049603,0.06194535077404174,0.03681441871239293,0.07205919724539304,0.0008020069999999986
1.36,0.04347750840276803,0.024514324511706674,0.062018865869405665,0.03672102594467932,0.07207477693449452,0.0008069529999999986
1.362,0.04360145638196118,0.024587755865045535,0.06192911332374662,0.0367103273941812,0.07199210522309667,0.0007852669999999987
1.364,0.04372533980236763,0.02466126265452001,0.06195430708270558,0.03679646208029349,0.07205772538544815,0.0007646469999999985
1.366,0.043849402907616394,0.0247350295636209,0.06210879816605412,0.036970447020593926,0.07227943526712276,0.0007525489999999985
1.368,0.04397366895530022,0.024808957857641742,0.06215724951777221,0.03695784700025101,0.07231463283809547,0.0007649519999999985
1.37,0.044098101967021706,0.024882941667379765,0.06227576220371423,0.03702596273777008,0.07245131106275648,0.0007560499999999986
1.372,0.04422296244860424,0.024957320032655144,0.0625847193788199,0.0373524025376076,0.07288380530033478,0.0007087979999999985
1.374,0.044348271965066056,0.025032134225434995,0.06272479708299417,0.037461790242241964,0.0730601525953548,0.0007062869999999986
1.376,0.044473692797995665,0.02510699680150311,0.06269603584662578,0.03740078582588303,0.07300418954604562,0.0007261469999999964
1.378,0.04459922491015723,0.02518185211492017,0.06283607631493936,0.03745452759117743,0.073151993299808,0.0007492029999999965
1.38,0.04472510346702187,0.025256755630151378,0.06304248054970084,0.037448987640029775,0.07332653700484232,0.0007743889999999965
1.382,0.04485118133069851,0.025331754125638768,0.06303538312694025,0.037549507847362246,0.07337182746490142,0.0008027709999999967
1.384,0.044977133912178224,0.025407187085574677,0.06291719835277387,0.03788345208854675,0.07344201652124967,0.0008577849999999967
1.386,0.045103042076861756,0.02548316033334684,0.06299096633075921,0.038089795683615986,0.0736117814925196,0.0008819059999999966
1.388,0.04522914431095424,0.025559390074821626,0.06311126776172414,0.03813994579116976,0.07374067794267564,0.0008964389999999967
1.39,0.04535548180358615,0.025635764991574397,0.06322622487018817,0.038234970961601826,0.07388821635261023,0.0008949929999999968
1.392,0.04548202944570944,0.025712306642904546,0.06332141725310472,0.038306680368547785,0.07400678106633116,0.0008818299999999966
1.394,0.04560860764192667,0.02578889493303262,0.06325677896411892,0.03828160975952442,0.07393849965137184,0.0008942339999999967
1.397,0.04579845071096324,0.0259037841178876,0.06330526706025684,0.0383111801437947,0.07399529283394132,0.0009176324999999976
1.399,0.04592513666360965,0.02598044410204601,0.06338068558615932,0.038348804014613116,0.07407929585736349,0.0009119254999999977
1.401,0.04605197711482406,0.02605726189714303,0.06345976562825242,0.03846899108240925,0.07420919840889814,0.0008806524999999976
1.403,0.04617894517995621,0.02613428240048572,0.06350829950389458,0.03855151226027671,0.07429349368168549,0.0008749464999999976
1.405,0.046305922233767866,0.026211320843994648,0.06346875430776228,0.03848693124865387,0.07422618574544769,0.0008958724999999975
1.407,0.046432877540652256,0.026288129560973046,0.06348655257662604,0.03832178572974302,0.07415592774405184,0.0009093414999999976
1.409,0.046560015630224834,0.02636461503393144,0.06365153699594836,0.03816368722864912,0.07421580144977712,0.0009047004999999977
1.411,0.04668747298322705,0.026440852526302166,0.06380581600626933,0.038073805142078525,0.07430206453540077,0.0008851454999999977
1.413,0.046815156494183684,0.026517095202065088,0.0638776949503669,0.03816887062084386,0.07441251639773275,0.0008837004999999975
1.415,0.04694308807343628,0.026593763045065943,0.06405388430222599,0.03849897238001313,0.0747333323793337,0.0008811904999999976
1.417,0.047071458190026644,0.026671101788179306,0.06431623228814026,0.03883977073334776,0.07513391728348146,0.0008552444999999976
1.419,0.0472002344534597,0.026749027104985,0.06446003114491648,0.03908554607234964,0.07538418618634395,0.0008367554999999976
1.421,0.04732929271034738,0.02682718372481255,0.0645982257427614,0.03907107375519864,0.07549489766531864,0.0008182664999999976
1.423,0.047458586134520454,0.026905388612677605,0.06469519843031374,0.03913381410985509,0.07561034391353053,0.0008072334999999975
1.425,0.04758800354490887,0.026983769295082217,0.06472221195810204,0.03924686829475742,0.07569201669724174,0.0008260274999999977
1.427,0.04771755918421981,0.027062183963902267,0.06483342735284045,0.03916780052529418,0.0757462203697668,0.0008597354999999976
1.429,0.04784733012347768,0.027140497937168384,0.064937511905026,0.039146172740822244,0.07582416034925601,0.0008657464999999976
1.431,0.04797728940564035,0.027218671749170035,0.06502177025764418,0.03902763926082828,0.07583526378744394,0.0008515174999999977
1.433,0.048107413806097295,0.02729683824156461,0.06510263019930011,0.03913885313374422,0.07596184755185739,0.0008362234999999975
1.435,0.04823770553459708,0.02737549459446508,0.06518909830048684,0.03951749976672695,0.07623156383706031,0.0008166684999999976
1.437,0.048368166507176714,0.027454791579116726,0.0652718742791437,0.03977948488491687,0.07643837380283329,0.0008013744999999976
1.439,0.04849886283389977,0.027534366581847252,0.06542445244391712,0.039795517845608946,0.07657703453507816,0.0007903414999999975
1.441,0.048629970132153325,0.02761387125652643,0.0656828458096339,0.0397091568335705,0.07675319778410043,0.0008091354999999976
1.443,0.04876152968266388,0.02769330556691105,0.06587670470092549,0.03972515355105067,0.07692742064379575,0.0008183424999999976
1.445,0.04889329212043707,0.02777282407050909,0.06588573307226134,0.039793350046987495,0.07697038736053854,0.0007881354999999976
1.447,0.04902514271264017,0.027852602759593476,0.06596485913084131,0.03998533903739973,0.07713747453791536,0.0007856254999999975
1.449,0.04915730594295606,0.027932795814848237,0.06619837118505097,0.04020771621736261,0.07745246794628141,0.0008150734999999976
1.451,0.049289952248009056,0.028013302582942313,0.06644793386794574,0.04029905187671368,0.07771320027820854,0.0008072364999999976
1.453,0.0494229737476502,0.028093888020366005,0.06657356577319766,0.040286385546978914,0.07781408947098273,0.0008196394999999976
1.455,0.04955616760603335,0.028174532546344958,0.06662029260994771,0.04035814043197326,0.07789122470831955,0.0008352384999999977
1.457,0.0496894243517548,0.028255255992378,0.06663645311150584,0.040365305601069136,0.07790875932492843,0.0008263364999999976
1.459,0.04982262177787939,0.02833587179470165,0.06656097301308223,0.04025049672258017,0.07778473895863312,0.0008472624999999977
1.461,0.04995580831273958,0.02841634042446945,0.06662556184711227,0.04021813304522041,0.07782328518564628,0.0008564704999999977
1.464,0.050155882952852705,0.028537075422633788,0.06675753156164269,0.04027186573100795,0.07796403779730789,0.0008654884999999973
1.466,0.05028936040691944,0.028617714314846773,0.06671992250509133,0.040367026481976404,0.07798105466125715,0.0008725654999999973
1.468,0.050422902627284626,0.02869852545936172,0.06682229786009664,0.04044411803297354,0.07810855378746025,0.0008657934999999973
1.47,0.0505567984925755,0.02877939912152861,0.06707356743078023,0.04042954413391613,0.07831609979287589,0.0008526294999999973
1.472,0.0506911268826662,0.028860225750099753,0.06725482265991749,0.04039708443722672,0.07845467227670623,0.0008192254999999973
1.474,0.05082583037345844,0.028941019762726426,0.06744866813232278,0.04039692818944415,0.07862082828339652,0.0008007354999999974
1.476,0.05096099706432594,0.029021967762383208,0.06771802273517952,0.04055107146733835,0.07893110920487227,0.0008014204999999973
1.478,0.051096605490995956,0.029103161306081173,0.06789040393483431,0.04064247223062816,0.07912595968108284,0.0008042364999999973
1.48,0.05123252814183134,0.02918450536709618,0.06803224690054863,0.040701588784376665,0.07927802941489971,0.0008081174999999973
1.482,0.05136879381694229,0.0292661022294732,0.06823342821040267,0.040895273592645234,0.0795501359367882,0.0007949534999999973
1.484,0.051505445589412995,0.029347946478224148,0.06841834426030621,0.04094897515830435,0.07973636810036687,0.0007647454999999973
1.486,0.051642334268995574,0.029429765414332457,0.06847033532227,0.04086996095000529,0.07974045727984666,0.0007515824999999972
1.488,0.05177930197374172,0.029511654291231072,0.06849736942387356,0.04101891594860918,0.07984009696630931,0.0007469414999999972
1.49,0.051916350655435414,0.029593819518714773,0.06855131226982275,0.041146311535090366,0.07995186906419051,0.0007177984999999972
1.492,0.052053442429135476,0.0296759972773929,0.06854046143023627,0.04103144714303763,0.07988350585522394,0.0006897204999999971
1.494,0.05219058083896536,0.029758131926333895,0.06859794839965032,0.04110320179795686,0.0799696925258854,0.0007010574999999972
1.496,0.0523279384406022,0.029840569752189516,0.06875965323718174,0.041334624057664034,0.08022743333352934,0.0007358304999999972
1.498,0.052465594211169704,0.029923312489884488,0.06889611733032315,0.04140811363730753,0.08038225462248387,0.0007365154999999972
1.5,0.05260348160760902,0.030006173518493093,0.06899127910899461,0.04145291497129631,0.08048689801894914,0.0007467884999999971
1.502,0.05274157915049984,0.03008922644042658,0.0691062637818256,0.041600006962191065,0.08066124393497541,0.0007847584999999972
1.504,0.05287975950859217,0.030172604171852045,0.06907409431050379,0.04177772446327262,0.08072551496364393,0.0007758564999999972
1.506,0.05301793105759701,0.03025619191432073,0.06909745469433437,0.04181001800540996,0.08076221796637519,0.0007435184999999972
1.508,0.05315625161200691,0.030339817240905016,0.06922309971557039,0.04181530857887686,0.08087247718339345,0.0007442034999999974
1.51,0.05329471038527377,0.03042346220670926,0.06923567355129105,0.04182965722536429,0.08089065901383431,0.0007576714999999973
1.512,0.053433226529307036,0.03050702097549745,0.06928047048197479,0.04172911156282577,0.08087708168589257,0.0007285294999999972
1.514,0.05357187716215497,0.030590403752623074,0.06937016236595918,0.041653665562798994,0.0809150621423295,0.0006535814999999972
1.516,0.053710612109366306,0.03067372364953375,0.06936478484538075,0.041666231347876906,0.08091692166278178,0.0006191134999999972
1.518,0.05384927354320321,0.030757167436504324,0.06929664899152152,0.04177755562269616,0.080915942281244,0.0006229944999999971
1.52,0.05398788302314427,0.03084076740969011,0.06931283094954065,0.04182241756309106,0.08095296872296376,0.0006226144999999971
1.522,0.05412653199760238,0.030924378127417045,0.06933614350856802,0.04178830016384201,0.08095531376768357,0.0006339524999999972
1.524,0.05426518272341433,0.03100791884367753,0.06931458230338267,0.04175241609664392,0.08091832653855183,0.0006591384999999972
1.526,0.05440381358452509,0.03109127828945813,0.0693162788073751,0.041607029683956555,0.08084486023751541,0.0006800634999999971
1.528,0.054542419225841604,0.0311744995466643,0.06928936250913599,0.04161422752221029,0.08082548910580588,0.0006935314999999972
1.531,0.05475013802401084,0.03129953617780427,0.06918983627036017,0.04174352657110325,0.08080690226528704,0.0007057444999999967
1.533,0.05488849259785105,0.031383066324692184,0.06916473756985429,0.041786620316812795,0.08080768874685308,0.0006936464999999967
1.535,0.05502682578721477,0.031466822638847675,0.06916845179386462,0.04196969383867861,0.0809056853655699,0.0006634384999999967
1.537,0.05516523108747338,0.03155106172650297,0.06923684846474867,0.042269393816616374,0.08111992874106078,0.0006289694999999966
1.539,0.05530383942733274,0.031635639917718845,0.06937149139461542,0.04230879739925905,0.08125538847168691,0.0006104794999999966
1.541,0.05544270263531611,0.03172020897763215,0.06949171658875349,0.04226026251404148,0.08133282524422311,0.0006005114999999967
1.543,0.05558183874297735,0.03180491428279849,0.06964439107248226,0.042445042652299314,0.08155932107130585,0.0005926744999999967
1.545,0.05572124242238848,0.03188984737685117,0.06975928833864985,0.04248805140037626,0.08167981893537658,0.0006040124999999967
1.547,0.055860789690683046,0.03197478038607469,0.06978797995591468,0.042444957823145515,0.08168192328132187,0.0006206764999999968
1.549,0.056000408703870866,0.03205963258242122,0.06983103323190203,0.042407238523388804,0.08169912534057264,0.0006405364999999966
1.551,0.056140092245601424,0.03214434832773522,0.06985250849865866,0.04230850679060501,0.08166628857984089,0.0006465484999999967
1.553,0.05627978462900957,0.03222885765745437,0.06983987490949341,0.04220082292854399,0.08159974009284594,0.0006451034999999968
1.555,0.056419502070677495,0.032313259279242106,0.069877566758428,0.04220079885919395,0.08163198981056818,0.0006393974999999967
1.557,0.05655934338981947,0.03239771107870621,0.06996375238355297,0.042251000604909286,0.08173171783159314,0.0006198434999999967
1.559,0.05669934275348095,0.032482317137619815,0.07003561127792435,0.042355058308693884,0.0818470391120252,0.0006120064999999968
1.561,0.056839579128520515,0.03256706843246157,0.07020076376164051,0.0423962365330596,0.08200968299466105,0.0006318654999999967
1.563,0.05698013502314669,0.0326518733719213,0.070355130864533,0.04240870292666557,0.08214829592199548,0.0006357454999999969
1.565,0.05712097097291156,0.03273676608559627,0.0704808189003373,0.04248401074830707,0.08229481758971469,0.0006012764999999968
1.567,0.05726214802386687,0.03282178423797936,0.070696232054979,0.042534141634783335,0.08250521457083333,0.0005604164999999967
1.569,0.057403635700055196,0.03290700503177583,0.07079144413334108,0.04268665216168928,0.08266546337653352,0.0005493834999999967
1.571,0.05754524735597073,0.032992469858576665,0.07082021178219451,0.04277817463914728,0.0827373834631738,0.0005671124999999967
1.573,0.05768704750817126,0.0330779991951949,0.07097994041833097,0.042751161979088535,0.08286020632578753,0.0005592754999999965
1.575,0.05782923719331117,0.033163610878636895,0.07120974472157678,0.042860521462910244,0.08311348893762505,0.0005503734999999966
1.577,0.05797177694296726,0.033249344419102794,0.07133000493451336,0.042873019002989385,0.08322298578150383,0.0005808864999999967
1.579,0.05811445479456732,0.03333491454829795,0.07134784666554123,0.042697110192166744,0.08314781081045737,0.0006273784999999968
1.581,0.05825714330542974,0.033420301593593826,0.07134066419688492,0.04268993510370982,0.08313796321303316,0.0006525644999999968
1.583,0.058399839037185944,0.033505749659070716,0.07135506755932043,0.04275813037318255,0.08318535555856728,0.0006639014999999969
1.585,0.05854262457690947,0.03359129458715783,0.07143047216420932,0.04278679771393388,0.0832647729367887,0.000677369499999997
1.587,0.05868556989146508,0.033676884279917295,0.07151484239140136,0.04280289504552817,0.08334542882813357,0.0006652714999999969
1.589,0.05882867851760994,0.03376243976275673,0.07159378375346089,0.0427525877939048,0.08338737095755483,0.0006329334999999968
1.591,0.05897197558962062,0.03384797358788807,0.07170328825721552,0.04278123733743523,0.08349608263277566,0.0006208354999999967
1.593,0.0591156083150711,0.03393352874072254,0.07192943719326741,0.04277391549703812,0.08368662845334349,0.0006300424999999968
1.596,0.05933196596855261,0.0340617208923757,0.07230899846106245,0.042687518938395466,0.08396913439805012,0.0006534409999999978
1.598,0.05947677433168241,0.03414726093253812,0.0724993646687385,0.042852521224027086,0.08421696059955157,0.0006679749999999977
1.6,0.05962195994409965,0.03423328892546509,0.07268624774850065,0.04317547170293726,0.08454236789046987,0.0006761169999999978
1.602,0.059767447389849834,0.03431975645736953,0.07280119800168407,0.043292060201504196,0.08470074915236035,0.0006672149999999978
1.604,0.05991318094379755,0.03440654510686528,0.07293235594603462,0.04349658929424434,0.08491808890967378,0.0006529869999999978
1.606,0.06005926300450324,0.03449379840042727,0.07314970475965668,0.04375670426774201,0.08523806939859425,0.0006451499999999978
1.608,0.060205725784472724,0.034581369139063955,0.07331307520982852,0.043814034368945654,0.08540770810884182,0.0006543569999999978
1.61,0.060352522433861,0.034668975558396015,0.07348357417844777,0.04379238496311516,0.08554302224493304,0.0006529119999999978
1.612,0.06049971923945861,0.03475642377230663,0.07371323141916529,0.043655828947499566,0.08567071779405586,0.0006184439999999977
1.614,0.0606472965477505,0.034843864568562304,0.07386407687272137,0.04378496730817516,0.08586632177074584,0.0006010199999999977
1.616,0.060795098511562715,0.03493180061265685,0.07393788693948966,0.0441510767863681,0.08611694784693967,0.0006070319999999977
1.618,0.060943076658907476,0.035020212191130336,0.0740402604052714,0.044260501687116816,0.08626095391586897,0.0006066519999999977
1.62,0.061091336649154296,0.03510870436803456,0.07421972984154633,0.04423167521710866,0.08640028582281373,0.0006030759999999976
1.622,0.06124000588978195,0.035197228605213876,0.0744495107861066,0.0442925619622054,0.08662886759889228,0.0006090879999999976
1.624,0.061389039577598156,0.0352858962111375,0.07458417703009985,0.04437504396141989,0.08678677312721808,0.0006087079999999976
1.626,0.061538251038246304,0.035374694734460255,0.07462728361806406,0.04442347936134214,0.0868485865099632,0.0005816960000000007
1.628,0.061687541578265226,0.03546366731301604,0.07466325640085636,0.04454909919444247,0.08694379848739238,0.0006026210000000006
1.63,0.06183692919946229,0.035552901883229036,0.07472436479620709,0.044685471018552865,0.08706619329192336,0.0006310030000000006
1.632,0.06198647486186416,0.03564228712367126,0.07482129760566078,0.04469976942367032,0.08715673216639178,0.0005986650000000006
1.634,0.06213624128303818,0.03573165069121362,0.07494512356835432,0.04466379811868407,0.08724463541709866,0.0005876320000000006
1.636,0.06228617813800169,0.035820877747095636,0.07499173139516178,0.044563257763332885,0.08723327186415365,0.0005893820000000006
1.638,0.06243621726880413,0.035910050897212185,0.07504739940727385,0.04460989235321922,0.08730495205634498,0.0005847410000000006
1.64,0.06258644855460248,0.035999401627374965,0.07518388639107391,0.04474083780956287,0.08748919556589556,0.0005992750000000006
1.642,0.06273693483227866,0.03608895502567104,0.07530239128510276,0.0448125604865142,0.08762771086027646,0.0006191350000000006
1.644,0.06288767249075207,0.03617866980785243,0.07543526718830461,0.04490222169487025,0.08778774999341413,0.0006272770000000006
1.646,0.06303865799800012,0.03626863392286244,0.07555024005974727,0.04506189331514345,0.08796824996685344,0.0006332880000000006
1.648,0.06318981958815717,0.036358890491864033,0.0756113500972925,0.04519467568644776,0.08808879028536223,0.0006297120000000006
1.65,0.06334103691027498,0.036449290616274714,0.0756059720205257,0.04520544872423165,0.08808970200612357,0.0006101570000000006
1.652,0.06349230810685684,0.036539739171346154,0.07566522456132822,0.045243106347209204,0.08815988248552234,0.0006001890000000006
1.654,0.06364379296818003,0.03663031503475183,0.0758196367618527,0.045332757058464936,0.08833841848947199,0.0006083310000000007
1.656,0.06379561361814734,0.036721136593043865,0.07600101320545573,0.04548880123357262,0.08857417821195596,0.0006036900000000007
1.658,0.06394779520621385,0.03681223613808202,0.07618057486105857,0.04561074380458508,0.08879087755264527,0.0006043750000000007
1.66,0.06410017972669253,0.03690351684361103,0.07620394561762059,0.04566996172442349,0.08884135710131617,0.0006242350000000008
1.663,0.06432872704361715,0.037040680232871416,0.07616093233212444,0.04577229778249552,0.08885713734972495,0.0006188710000000005
1.665,0.06448109559815647,0.03713226428820409,0.07620762220718869,0.04581175755018046,0.08891748316450547,0.0005907930000000005
1.667,0.06463348036924128,0.03722395423281523,0.07617714887762357,0.04587818706096051,0.08892562093752346,0.0006000000000000005
1.669,0.06478574859817128,0.03731584707079524,0.07609108005237569,0.046014650919049375,0.0889224412774358,0.0006369040000000006
1.671,0.06493797387992135,0.03740794634545276,0.0761342016976914,0.04608462373847185,0.08899555726698542,0.0006333280000000005
1.673,0.06509031234158966,0.03750020708659336,0.07620425997060701,0.04617611740212192,0.089102879055631,0.0006361440000000005
1.675,0.06524277470934273,0.037592568258895585,0.07625810778246274,0.04618505490010212,0.08915356582149225,0.0006741130000000005
1.677,0.06539540924527845,0.03768473367076533,0.07637642815326912,0.045980356969642894,0.08914904376664545,0.0007099510000000005
1.679,0.06554821586827385,0.03777658306468064,0.07643019484212803,0.045869036945664576,0.08913777669388212,0.0007425940000000006
1.681,0.0657011427956328,0.037868493397312734,0.076496732516817,0.04604129568643039,0.08928354268416303,0.0007411490000000006
1.683,0.06585424586508225,0.037960733857112364,0.07660633693263538,0.0461991641131999,0.08945889348183798,0.0007247900000000007
1.685,0.06600749613617309,0.03805300472205522,0.07664393415820672,0.046071700829657294,0.08942535580351342,0.0007478460000000007
1.687,0.06616078384394354,0.03814493991777649,0.07664377361224173,0.04586349489161141,0.08931812916310679,0.0007943380000000008
1.689,0.06631409106409847,0.03823657714759645,0.07666344654268971,0.04577373492835037,0.08928896261629836,0.0008099370000000009
1.691,0.06646753639599359,0.03832809580376362,0.07678188535243284,0.04574492123881679,0.08937592370107116,0.0008074260000000008
1.693,0.06662122044520788,0.038419614267326346,0.07690216386185383,0.04577354232391113,0.08949391031525163,0.0007985230000000009
1.695,0.06677510914259138,0.038511173849300154,0.0769865335216455,0.04578603964989653,0.08957280709289703,0.0007874900000000008
1.697,0.06692920775795169,0.03860262736731747,0.07711208183866171,0.04566747836742148,0.08962026414785537,0.0007935020000000008
1.699,0.06708354308917167,0.03869381685076166,0.07722324938130931,0.04552200507676857,0.08964197226309353,0.0007941870000000009
1.701,0.06723810097179841,0.03878498820858659,0.07733463324543931,0.04564935274816109,0.08980261079463474,0.0007927410000000009
1.703,0.0673929067732417,0.03887644296015826,0.07747116819784072,0.0458053988235086,0.08999953590613015,0.0007891650000000009
1.705,0.06754794067228055,0.038968084198640035,0.07756273084101983,0.04583583965826215,0.09009384780713058,0.000784524000000001
1.707,0.06770313621689929,0.03905986172135988,0.07763281377771689,0.045941683061583055,0.09020804851883571,0.0007777520000000008
1.709,0.06785850597410722,0.03915178090519204,0.07773694343021766,0.04597750077057657,0.09031590641177904,0.0007645880000000008
1.711,0.06801413075414418,0.03924389732992102,0.07788783660673858,0.04613892395839836,0.09052798128378248,0.0007695340000000009
1.713,0.06816993715699966,0.03933645694917519,0.07791856624873414,0.04642069529577003,0.09069831265244738,0.0007680890000000009
1.715,0.06832566489505623,0.03942941867945939,0.07780917180783367,0.046541034988434676,0.09066606396671072,0.000759187000000001
1.717,0.06848128853921831,0.039522391257702356,0.07781447235424997,0.04643154325452702,0.09061445975542395,0.0007737210000000009
1.719,0.06863701067433285,0.03961507119507669,0.07790766276029198,0.046248394119805886,0.09060087127303072,0.0007946470000000009
1.721,0.06879297857629901,0.03970758042452146,0.0780602392058682,0.04626083532496016,0.0907384473629588,0.0008187680000000008
1.723,0.06894912249401353,0.03980023130866306,0.07808367850864353,0.046390048816638475,0.09082454227053005,0.0008386280000000009
1.725,0.06910526116468572,0.03989304912221514,0.07805499216355788,0.04642776473544022,0.09081915623910226,0.0008414440000000009
1.727,0.06926150587298625,0.0399860319731085,0.07818971613696492,0.04655508615791847,0.09100004261949751,0.0008570430000000009
1.73,0.06949643893950123,0.04012621383352769,0.07843232820635719,0.04689948745487634,0.0913848566853384,0.0009139979999999989
1.732,0.06965337012568922,0.04022014377372451,0.07849885798162992,0.04703045274194184,0.09150920275869596,0.0009168139999999989
1.734,0.06981027812404136,0.04031423347960677,0.0784091403705158,0.04705925314032002,0.09144706993538923,0.0009185639999999988
1.736,0.06996709821870453,0.04040837352102645,0.0784109542926488,0.047080788279362795,0.0914597090422337,0.0009341619999999989
1.738,0.0701239937315817,0.040502551181951056,0.07848455858451173,0.047096872645242926,0.09153109498508082,0.000966804999999999
1.74,0.07028100962482677,0.040596856162857936,0.07853133466056,0.047208108261637134,0.0916284672425078,0.000990925999999999
1.742,0.07043817301015873,0.04069148048677111,0.07863205067140848,0.04741621565154073,0.09182209374384995,0.0009692399999999989
1.744,0.07059562200302359,0.040786332485224834,0.0788169421934517,0.04743578280218009,0.09199056400947606,0.000951814999999999
1.746,0.0707534228398233,0.04088123440480977,0.07898389460626476,0.047466136782754687,0.09214927969470361,0.0009556959999999988
1.748,0.07091153794429995,0.04097630833342918,0.07913120987038982,0.04760779183665581,0.09234852580910012,0.0009489249999999988
1.75,0.07107003917548443,0.04107162420661492,0.0793700213140899,0.04770808134908343,0.09260486655359884,0.0009240439999999988
1.752,0.07122902704488389,0.04116718732226711,0.07961784808537042,0.04785503430310552,0.09289298166113805,0.0009087499999999988
1.754,0.07138841542003328,0.0412630246885875,0.0797705270640178,0.04798233201728865,0.09308942568245074,0.0008945209999999987
1.756,0.07154804280789076,0.04135919389172211,0.0798568607934644,0.048186871117319396,0.09326892710792754,0.0008728349999999987
1.758,0.07170789308484166,0.04145573443920612,0.07999341615742703,0.04835367636669245,0.09347205275754962,0.0008554099999999986
1.76,0.07186791943573255,0.04155247944895586,0.08003293473346797,0.04839133338305564,0.09352535372101822,0.0008252019999999986
1.762,0.07202790636556976,0.04164930525467541,0.0799539951037383,0.04843447233649505,0.09348015534627288,0.0007694279999999985
1.764,0.07218776771038947,0.04174620115809097,0.07990734971596809,0.048461431079061104,0.0934542392877959,0.0007477429999999985
1.766,0.07234764153326691,0.04184298218131808,0.07996647316146535,0.04831959214804809,0.09343136419445597,0.0007580159999999986
1.768,0.07250767135328763,0.0419395566772729,0.08006334685925454,0.048254903806771596,0.09348088174437638,0.0007544399999999984
1.77,0.0726678897463734,0.04203628000611382,0.08015504622652436,0.048468425034146737,0.09366973716663754,0.0007487329999999986
1.772,0.0728283220875074,0.042133478816487144,0.0802772949074779,0.0487303853391794,0.09391003425069702,0.0007526129999999984
1.774,0.07298904377662982,0.04223117638642949,0.08044439421493663,0.04896718460316228,0.09417582348229456,0.0007341229999999985
1.776,0.07315004764206828,0.04232939426034009,0.08055947122353309,0.04925068930744106,0.09442170725565888,0.0007220249999999985
1.778,0.07331122421951211,0.042428172007689675,0.08061710622029016,0.04952705804214545,0.09461525930653887,0.0007163179999999984
1.78,0.07347253926752108,0.04252731760497459,0.08069794178868042,0.049618539242773166,0.09473202861501423,0.0007138069999999986
1.782,0.0736338759095868,0.042626538572708254,0.08063870027703167,0.04960242849088646,0.0946731265701226,0.0007134269999999986
1.784,0.07379497022159506,0.04272572561012573,0.08045561173123117,0.049584608926586,0.09450787745711516,0.0006896109999999985
1.786,0.07395584009253009,0.04282479075513283,0.08041425920379004,0.04948053608052289,0.09441809431518017,0.0006764479999999984
1.788,0.07411683548988746,0.04292368710055697,0.08058113815357318,0.049415809343609264,0.09452640921567468,0.0006664809999999983
1.79,0.07427816470258529,0.04302253835323905,0.08074807454426099,0.04943544333846845,0.0946790082366543,0.0006415999999999984
1.792,0.0744398008435945,0.04312139658660665,0.08088806646495296,0.04942279002913322,0.09479183229953116,0.0006358939999999984
1.794,0.07460175646216648,0.04322023846065235,0.08106755210702865,0.049419084016566195,0.0949431085948961,0.0006568199999999983
1.797,0.0748454074177535,0.043368539837788114,0.08136641828432509,0.04944850074061115,0.09521369780611387,0.000665837999999998
1.799,0.07500820313164759,0.04346752295040458,0.08142929560977125,0.04953461187585642,0.09531216059451829,0.000665457999999998
1.801,0.0751710851703051,0.04356676266994627,0.08145274304773266,0.049705107665828606,0.09542089434747285,0.000674664999999998
1.803,0.07533418276321846,0.043666255320515476,0.08164484986562717,0.04978754290338319,0.09562782512395136,0.000667892999999998
1.805,0.0754976897483357,0.04376599359658882,0.08186213525162486,0.049950733169961126,0.09589830515797439,0.0006536639999999978
1.807,0.07566160451796707,0.043866268272927646,0.08205263437973688,0.05032394316886203,0.09625556640900118,0.0006490219999999979
1.809,0.07582588395558235,0.04396702014860486,0.08222680323554506,0.050427932508348955,0.09645840319745937,0.000657163999999998
1.811,0.07599042190444735,0.04406784903508199,0.0823111456294628,0.05040095396878538,0.09651622068750028,0.000677023999999998
1.813,0.07615506934044096,0.04416867425896677,0.0823362903641411,0.050424269915989445,0.09654984053580157,0.000678773999999998
1.815,0.07631980476210654,0.04426955326967212,0.08239913130144098,0.05045474078935878,0.09661934437447552,0.000666675999999998
1.817,0.07648468926189379,0.04437058833616996,0.08248536848581643,0.05058032570847941,0.09675848987565268,0.000657773999999998
1.819,0.076649737164727,0.0444717256043094,0.08256253434739476,0.05055694243095326,0.09681206797621597,0.000643545999999998
1.821,0.07681490167388974,0.04457276587384519,0.08260197481533613,0.05048332710483735,0.09680729600070147,0.000630382999999998
1.823,0.07698006811405891,0.0446740251154666,0.08256446535384246,0.05077591451657337,0.0969282437381397,0.0006236109999999979
1.825,0.07714527441278064,0.044775880229997476,0.08264183336788318,0.05107920001430496,0.09715326703979821,0.0006179039999999979
1.827,0.07731079862019763,0.044878085147962155,0.0828823740491069,0.05112571795037382,0.09738237501702884,0.0006132619999999979
1.829,0.07747667469844584,0.04498041369474283,0.08299370419910247,0.051202828830297885,0.09751761182941728,0.0006288599999999979
1.831,0.07764273030091054,0.045082806742010546,0.08306189826559522,0.05119021843742184,0.09756903918331396,0.0006742859999999979
1.833,0.07780893309485362,0.04518521943359595,0.08314089567748839,0.0512224731479839,0.09765321443480977,0.0006909499999999979
1.835,0.07797526169274456,0.045287863577755154,0.08318770221344744,0.05142167101121805,0.09779765870990548,0.0007097439999999979
1.837,0.07814172698978168,0.04539090787936755,0.08327759482366852,0.051622630601178505,0.09797986420587056,0.000769017999999998
1.839,0.07830835758223299,0.04549417820998524,0.08335299762764233,0.051647700016510284,0.09805716256607257,0.0007888779999999981
1.841,0.07847520364532824,0.04559756504039098,0.0834930654676075,0.051739130389227665,0.09822438391057331,0.0007629319999999981
1.843,0.07864243567638435,0.04570104491006988,0.08373896558850288,0.051740739289664654,0.09843433577808873,0.000751898999999998
1.845,0.07881009114205995,0.04580431625551331,0.08391650008708981,0.05153060615376688,0.09847528805462405,0.0007419309999999981
1.847,0.07897787384631082,0.04590732365898977,0.08386620416378714,0.05147679732269434,0.09840427258734134,0.0007404849999999981
1.849,0.07914542316515512,0.04601025944370574,0.08368311468050749,0.05145898739327058,0.09823894882464769,0.0007678009999999981
1.851,0.07931276796841925,0.04611332281986361,0.08366168858362744,0.05160438876460573,0.09829695354604039,0.0007695509999999981
1.853,0.07948028889893857,0.04621668400973058,0.08385924193568604,0.05175680110236286,0.09854511108308456,0.000767039999999998
1.855,0.07964822657771181,0.04632047744187339,0.08407843683755233,0.052036631040452086,0.09887868582807124,0.0007890299999999982
1.857,0.0798164606786347,0.04642460807884856,0.08415566408533882,0.0520940059347149,0.09897454850601997,0.0007758669999999981
1.859,0.07998474295222519,0.04652834739438606,0.08412660950515166,0.051645309602788694,0.09871435777433885,0.000724354999999998
1.861,0.08015295109158534,0.04663135086599587,0.08408152985500382,0.05135816200701791,0.0985259583434589,0.0007186489999999981
1.864,0.08040533338679352,0.04678597852090711,0.08417333361711049,0.0517269412671385,0.09879689542223166,0.0007212739999999983
1.866,0.08057387793113308,0.046890053288837275,0.08437121072244308,0.05234782666302526,0.09929147070676833,0.0007027839999999982
1.868,0.08074272278034256,0.046994922973262424,0.08447363848703171,0.052521857762126825,0.0994703028145728,0.0007141219999999982
1.87,0.08091166267674162,0.047099690284069635,0.08446625791202368,0.05224545304508605,0.09931835726363376,0.0007371779999999983
1.872,0.08108062933418693,0.047204229626215774,0.08450039953329085,0.052293889101051115,0.09937287536646412,0.0007581029999999983
1.874,0.08124987450028794,0.04730916362704219,0.08474476656771873,0.05264011172536849,0.09976300327815125,0.0007737019999999982
1.876,0.08141964786225712,0.04741475055269959,0.08502859540148512,0.052946813932043785,0.10016599793095421,0.0007903669999999965
1.878,0.08158995843992513,0.047521038852234694,0.08528198226651963,0.05334148560305533,0.10058991294184486,0.0007857259999999965
1.88,0.08176070020655248,0.04762785988880526,0.0854597843608298,0.05347955096751187,0.10081387362206766,0.0007714969999999964
1.882,0.0819316231961437,0.047734600014032784,0.08546320523038946,0.05326057426001215,0.10070078559156298,0.0007732469999999964
1.884,0.08210257833815496,0.047841139089409186,0.08549193678087356,0.05327850111639173,0.10073465111744934,0.0007707359999999965
1.886,0.08227368435286964,0.047947812666904906,0.08561407793380856,0.053395076379325335,0.10089997285435826,0.0007458549999999964
1.888,0.08244504888024458,0.048054550667303186,0.08575044944113586,0.053342924018952,0.10098815337577216,0.0007369529999999965
1.89,0.0826166449940283,0.04816135311188018,0.08584566434258341,0.0534595205580417,0.10113060083236516,0.0007429639999999966
1.892,0.08278844424730585,0.048268587971608164,0.08595358893496263,0.0537753391699425,0.1013893808721746,0.0007297999999999965
1.894,0.08296043228716865,0.04837626602697912,0.08603445092784047,0.053902716201017095,0.1015255118691966,0.0007294199999999965
1.896,0.08313252805568852,0.04848399425976354,0.08606131759203407,0.053825516583399485,0.10150732299271205,0.0007301059999999963
1.898,0.08330472429568092,0.04859166677816542,0.08613492240036062,0.053847001818477735,0.10158112256593393,0.0007169429999999964
1.9,0.08347710546489294,0.04869941993289818,0.08624624681166092,0.053906152914288574,0.10170687494519037,0.0007197589999999964
1.902,0.08364967332939013,0.048807214235684494,0.08632161768553522,0.05388814987202436,0.10176126166905294,0.0007406849999999964
1.904,0.08382249968642709,0.04891504962900608,0.0865047393514247,0.05394724344956005,0.10194790339219353,0.0007530879999999964
1.906,0.08399566540273677,0.04902305528031457,0.08666097695826051,0.05405840785893696,0.10213929893828005,0.0007495119999999963
1.908,0.08416898740902282,0.049131242095974345,0.08666102932779018,0.05412840780083713,0.10217640889758181,0.0007459359999999964
1.91,0.0843423130656821,0.049239509677870004,0.08666462733148719,0.05413917409482396,0.10218516429587622,0.0007476859999999963
1.912,0.08451566213606435,0.04934788134417431,0.08668444305076158,0.0542324922094856,0.10225143460251618,0.0007654149999999963
1.914,0.08468904196369233,0.04945656529408956,0.08669538457721729,0.05445145770576158,0.10237700402567926,0.0008012529999999963
1.916,0.08486244542060184,0.04956562255837196,0.0867080723322987,0.054605806576644,0.1024699171438574,0.0008030029999999963
1.918,0.08503586703688319,0.0496749436541585,0.08671354394905809,0.05471528920988647,0.10253292923508402,0.0007983619999999964
1.92,0.08520940726203867,0.04978444952509771,0.0868266812064178,0.054790581729323426,0.10266878988065739,0.0008086349999999964
1.922,0.08538335862316242,0.04989409147091829,0.08712467991733644,0.054851364091259444,0.10295330006061114,0.0008178429999999965
1.924,0.08555797422012615,0.050003894407778804,0.0874909170463921,0.05495157276925334,0.10331667781841036,0.0008387689999999964
1.926,0.08573318581286003,0.05011381530812974,0.08772067568749552,0.05496932758168746,0.10352074148620474,0.0008490419999999965
1.928,0.08590873835249951,0.050223642587493504,0.08783186395198214,0.05485795178207011,0.10355593270790153,0.0008390749999999964
1.931,0.08617237113193738,0.05038807498267466,0.0879233223399166,0.05476364500536461,0.10358362527717628,0.0008385049999999963
1.933,0.08634821237647278,0.050497584328212185,0.08791792219548952,0.05474570053215695,0.10356955522704903,0.0008413199999999963
1.935,0.08652404457393087,0.050607007526296974,0.08791427526260692,0.054677497552630044,0.10353042322702677,0.0008281559999999963
1.937,0.08669989824812978,0.0507163571154609,0.08793939893629903,0.05467209161129599,0.10354890383983546,0.0008331019999999965
1.939,0.0868758147604215,0.05082572819028843,0.08797711335542807,0.05469898321623501,0.10359513134913147,0.0008316569999999964
1.941,0.08705187132777177,0.05093516735502283,0.08807945399484209,0.05474018151816027,0.10370379785075684,0.0008163629999999964
1.943,0.08722810385120773,0.051044679965813175,0.08815306944111995,0.05477242927218659,0.10378334481152357,0.0008074599999999964
1.945,0.0874043813244864,0.05115428946355526,0.08812440383754482,0.05483706846989888,0.10379313382924257,0.0008102749999999964
1.947,0.08758060871775065,0.0512641143880985,0.08810298942671464,0.054987856073337456,0.10385471131087827,0.0008290689999999964
1.949,0.08775673583752451,0.051374228372009646,0.0880241303471464,0.05512612783781028,0.10386114525539386,0.0008340149999999964
1.951,0.08793275720027532,0.05148451116261715,0.08799723240366052,0.05515666276969762,0.10385456349431155,0.0008464179999999965
1.953,0.08810894192920835,0.051594833298951696,0.08818749652936564,0.05516547356484873,0.10402049806528953,0.0008609509999999965
1.955,0.08828550555551724,0.05170536690431438,0.08837612977953517,0.055368131797836444,0.10428792036277179,0.0008467219999999965
1.957,0.08846233705875713,0.051816426177868864,0.08845537346034703,0.05569114175664221,0.10452682126692595,0.0008229059999999964
1.959,0.08863925507255072,0.051927914352012786,0.08846264033323824,0.0557970323872774,0.10458942373851551,0.0008097429999999963
1.961,0.08881617680589893,0.052039560470534756,0.08845909301498024,0.05584908613468935,0.10461420342913708,0.0008146899999999964
1.963,0.08899314721229602,0.05215146501003978,0.08851131338211098,0.056055453370338036,0.1047686329450776,0.0008270939999999963
1.965,0.08917023815273924,0.05226370688586245,0.08857962706110441,0.05618642245233566,0.10489644607076386,0.0008373669999999964
1.967,0.08934748720520003,0.052376144271230246,0.08866942539968488,0.056250962915457524,0.10500684658452733,0.0008455089999999965
1.969,0.08952493022019663,0.05248871790321731,0.08877358959691631,0.056322669071605935,0.10513321673605999,0.0008589769999999964
1.971,0.08970258149882544,0.05260135956147923,0.08887768903189844,0.056318989190316075,0.10521916247086259,0.0008692489999999964
1.973,0.08988047149305105,0.052713997422400995,0.08901230519371275,0.05631887173144804,0.10533283338542622,0.0008741949999999965
1.975,0.09005864699624726,0.05282677503370578,0.08916319800250304,0.05645873957333476,0.10553513705038337,0.0008791409999999965
1.977,0.09023697534908756,0.05293987558881128,0.08916515483779705,0.056641815532165816,0.10563484322906065,0.0008894129999999966
1.979,0.09041518735168315,0.053053331634280824,0.08904684775778522,0.05681422993737377,0.10562763757168366,0.0009082069999999965
1.981,0.0905932865241758,0.05316706239697276,0.08905232473485915,0.056916532754566325,0.1056873135313999,0.0009120879999999963
1.983,0.09077151151779518,0.05328099227589738,0.08917266888452846,0.05701334617005517,0.1058408546710404,0.0009095779999999964
1.985,0.09094997712021688,0.053395029626843914,0.08929293353717258,0.05702400477647627,0.10594793580066347,0.0009251769999999964
1.987,0.0911286474053155,0.053509140379182384,0.089377351561449,0.05708674756199377,0.10605285342387376,0.0009322539999999964
1.989,0.09130744184260194,0.05362357947959727,0.08941708572499196,0.057352352852892405,0.10622950436349234,0.0009212219999999964
1.991,0.09148635160411028,0.053738508475732485,0.08949267578334891,0.05757664328232443,0.10641432643457195,0.0009037979999999965
1.993,0.09166538906735561,0.05385372812512885,0.0895447874619779,0.057643006114040274,0.10649406140942358,0.0008767859999999963
1.995,0.09184451285709753,0.053969150518990414,0.08957900227994554,0.05777938774752549,0.10659669459204346,0.0008348599999999963
1.998,0.09211348449419704,0.054142973105139984,0.08973542245306523,0.058102336352194396,0.10690335603905808,0.0008039299999999974
2.0,0.0922930882463043,0.05425928536220731,0.08986832965420267,0.05820992071513198,0.10707339326134385,0.0008163339999999974
2.002,0.09247297929194298,0.05437573917759034,0.09002271598449292,0.05824389466790867,0.10722145615179415,0.0008393899999999949
2.004,0.0926532240814416,0.054492375772615315,0.09022207351409882,0.05839270035705346,0.10746967015940863,0.000848596999999996
2.006,0.09283380483925487,0.05460939977611302,0.09035868429919094,0.05863130314066399,0.10771407306500526,0.0008237159999999986
2.008,0.09301458512762717,0.054726784382144004,0.0904216040730857,0.058753302890310805,0.10783328374704386,0.0008094879999999971
2.01,0.0931955073207824,0.05484430528234793,0.09050058908216434,0.058767597313630786,0.10790730799272043,0.0008250869999999954
2.012,0.09337659099977011,0.05496176502383946,0.09058308990552817,0.0586921441778821,0.10793546203648874,0.0008502729999999982
2.014,0.09355785046979403,0.05507909897676379,0.0906763801184107,0.0586418087464579,0.10798642342644123,0.0008520229999999981
2.016,0.09373934682184303,0.055196386063021886,0.09081997193056002,0.05864527751163075,0.10810890747706173,0.0008399249999999965
2.018,0.09392115204438069,0.05531385417060847,0.0909852506071179,0.058822830074960426,0.10834408689941374,0.0008491329999999954
2.02,0.09410324108849981,0.05543159665219565,0.0911037935119785,0.0589196515122082,0.10849620512530968,0.0008700589999999979
2.022,0.09428553830569911,0.0555493066462486,0.09119342368734012,0.05879034254075637,0.10850135897710311,0.0008909849999999956
2.024,0.09446801850807454,0.05566691058202499,0.09128677868807708,0.05881359323562154,0.1085924247474524,0.0008938009999999959
2.026,0.09465065864975612,0.05578473335031662,0.0913533629935256,0.05900917505601929,0.10875440069725355,0.0008795719999999975
2.028,0.09483345520821992,0.055902852135474974,0.0914431954702608,0.05910961010232067,0.10888436069638602,0.000865342999999996
2.03,0.09501640266723053,0.056021119764883234,0.0915042635403706,0.0591580193059504,0.10896192681055523,0.0008681589999999956
2.032,0.09519938975409441,0.05613954710437595,0.091482823323486,0.05926932018674898,0.1090044002718951,0.000889084999999998
2.034,0.09538236443810581,0.05625815573656031,0.0914918606879357,0.05933931199762478,0.10905005511457612,0.000898292999999997
2.036,0.09556546477991539,0.05637678220512182,0.09160848112161478,0.05928715656387381,0.10911957086993394,0.0008947169999999966
2.038,0.09574888109184017,0.0564954891609801,0.0918078308031894,0.05941979929441935,0.10935899754924663,0.0008943359999999967
2.04,0.09593260993831813,0.056614448915441706,0.0919210156747596,0.05953995516717065,0.10951931055292528,0.0008896939999999961
2.042,0.09611644483781029,0.05673358267917393,0.09191388381741242,0.05959380856506502,0.10954261297636826,0.000891443999999996
2.044,0.09630023694647794,0.056853035970496686,0.09187822485020905,0.05985948275767886,0.10965749348604693,0.0009081079999999976
2.046,0.0964840474996956,0.05697303309057474,0.09193232836746326,0.06013763732039176,0.10985485160675457,0.0009418159999999941
2.048,0.09666809705320095,0.05709333690696434,0.09211722513787875,0.060166179069190764,0.11002523470044756,0.0009606099999999962
2.05,0.09685251995035948,0.05721365472598407,0.09230567202067712,0.060151639950550624,0.11017511913281279,0.0009485119999999976
2.052,0.09703720323592649,0.05733411229672731,0.09237761354630805,0.06030593079267555,0.11031966630334779,0.0009513279999999978
2.054,0.0972219513829249,0.05745482826715506,0.09237053345212448,0.06041003963509344,0.11037068604907559,0.0009679919999999959
2.056,0.09740667094890675,0.05757568785447911,0.09234903252969538,0.0604495476889432,0.11037432502610629,0.0009803949999999974
2.058,0.0975914354501465,0.05769661380812771,0.09241546871007379,0.060476405959672005,0.11044462202706694,0.0009757539999999978
2.06,0.09777633827462143,0.057817661677782864,0.0924873557648453,0.06057146369546919,0.11055683240118906,0.0009625909999999964
2.062,0.0979613544286498,0.05793897148843674,0.09252879826354483,0.06073834695842188,0.11068299462581149,0.0009611459999999966
2.065,0.09823918361389748,0.0581216870640936,0.09269065856823598,0.06107203681281141,0.11100158497192142,0.000970163999999997
2.067,0.09842469609536891,0.058243974600318514,0.09282182290316948,0.06121549941209416,0.11119005430046097,0.0009729799999999973
2.069,0.0986104760286328,0.058366283414051236,0.09295811036073826,0.061093314320642876,0.11123669959379441,0.0009971009999999946
2.071,0.09879649984925438,0.05848837480587849,0.0930657102608129,0.06099807750660139,0.11127439905859265,0.001027613999999998
2.073,0.098982674526547,0.058610543224661235,0.09310896703181427,0.061170341276158856,0.11140507346424229,0.0010517349999999955
2.075,0.0991688819325233,0.05873311007260432,0.09309843894446185,0.061396506666915825,0.11152062753049917,0.0010875729999999994
2.077,0.09935510594642322,0.05885609690165782,0.09312557495548639,0.061590322386597306,0.11165008070966587,0.0011148889999999965
2.079,0.09954138949436259,0.05897935827936101,0.09315797298385832,0.06167105531657394,0.11172164962226973,0.0011304879999999983
2.081,0.09972778621525154,0.059102705685433944,0.09323874790511076,0.06167635075637251,0.11179193331155826,0.0011088030000000007
2.083,0.09991434451330013,0.059226088810371655,0.09331955014345894,0.06170677418132262,0.1118761119222611,0.0010871179999999982
2.085,0.10010105917401395,0.059349662018670174,0.09339511057038714,0.06186643411721089,0.11202723931631108,0.0011005869999999968
2.087,0.10028800046332968,0.05947366394970827,0.09354617874533153,0.06213549692087198,0.11230185900267727,0.0011151209999999986
2.089,0.10047526526872477,0.05959806039133207,0.09371862664978271,0.06226094470293948,0.11251491552867048,0.0011253939999999972
2.091,0.10066285702513264,0.059722711338454144,0.09387312975806832,0.062390002419121494,0.11271502514054246,0.0011164919999999963
2.093,0.10085071829482496,0.05984761506086106,0.09398813993427017,0.06251371998780386,0.11287929675107611,0.001118241999999996
2.095,0.10103880052719223,0.05997268904749356,0.09409409243298293,0.06256026664468478,0.11299329711731043,0.0011572760000000005
2.097,0.10122708578033537,0.060097931518070184,0.09419116071017779,0.06268220393195481,0.11314165212554443,0.0012080279999999947
2.099,0.10141564404872042,0.06022333699044094,0.0943671076748379,0.06272326843878827,0.11331089715715228,0.0012470619999999993
2.101,0.10160453447231325,0.06034882640925554,0.09452331591801866,0.0627661503758242,0.11346473850997998,0.0012573339999999982
2.103,0.10179361001241088,0.060474509443779016,0.0945522241795961,0.06291688414763737,0.1135722563311825,0.001265475999999999
2.105,0.10198282414216629,0.06060049563498944,0.0946619055758311,0.06306930706280284,0.11374802794171718,0.0012874669999999968
2.107,0.10217236709486496,0.06072676319479336,0.09488104712282172,0.06319825274109991,0.11400189582919688,0.001308392999999999
2.109,0.1023623446479921,0.06085321685321899,0.09509650600433035,0.0632554056845481,0.11421292309781937,0.0013197309999999978
2.111,0.10255269393696534,0.06097982079196299,0.09525278296889234,0.0633485330594415,0.11439462095790195,0.001328937999999999
2.113,0.10274327140653065,0.06110660032656156,0.09532468659643939,0.06343100153913797,0.11450016520061233,0.0013306879999999987
2.115,0.10293402456698031,0.061233227062650906,0.09542847385318828,0.06319573455019552,0.11445651788905434,0.0013388299999999994
2.117,0.10312504662383265,0.06135960215648359,0.09559358299917456,0.06317935928250118,0.11458518468793182,0.001353363999999998
2.119,0.10331639946172598,0.06148636270323366,0.09575925489414033,0.06358118746755853,0.11494521433128811,0.0013529839999999978
2.121,0.10350802773279874,0.06161372775128948,0.09586901617864083,0.06378386058827838,0.11514881299694509,0.0013366249999999997
2.123,0.1036997496207132,0.0617413026736222,0.09585287173579157,0.06379106174442183,0.11513936155146401,0.0013266579999999986
2.125,0.10389147158539999,0.06186893503190053,0.09586909295101997,0.06384129653392555,0.11518070205717588,0.0013390619999999972
2.127,0.10408318460427111,0.06199658894132971,0.0958439259201306,0.06381261289526749,0.11514385654608213,0.0013472039999999964
2.129,0.10427470353969799,0.062124067214879015,0.09567500950672655,0.06366566065402382,0.11492181599080974,0.0013510839999999968
2.131,0.10446595661352423,0.06225138251305501,0.09557806431952706,0.06364963752198491,0.11483223735409723,0.0013432469999999975
2.134,0.10475273937312922,0.06244240809347292,0.09561044208378902,0.06370074942328365,0.11488751939416895,0.0013266989999999972
2.136,0.10494409291908688,0.06256968916066945,0.09574310387385579,0.06358031777323464,0.11493127836905598,0.0013220579999999966
2.138,0.10513574622978841,0.06269698418978564,0.09591020682769989,0.0637147113429778,0.11514483147432696,0.0013312649999999955
2.14,0.10532770367562885,0.06282487650473781,0.09604723901271385,0.06417760360917957,0.11551552677879437,0.0013564509999999983
2.142,0.10551984330285823,0.06295343626616623,0.09609238821667643,0.06438215781925243,0.11566680301040391,0.001367788999999997
2.144,0.10571207126078054,0.06308227770347564,0.09613556970561173,0.06445927949014998,0.11574561103995176,0.001357821999999996
2.146,0.10590436956060004,0.06321137212296687,0.09616273011390292,0.06463514000109466,0.11586618137282527,0.0013382669999999978
2.148,0.10609673104592027,0.06334073748343383,0.09619875520630995,0.06473022046585082,0.11594913516193728,0.0013304299999999972
2.15,0.10628926498635781,0.06347021210215074,0.0963351852312464,0.0647443982510757,0.11607025897460747,0.0013257889999999976
2.152,0.10648205738505628,0.06359968278978669,0.09645721346720453,0.06472628938484774,0.11616146765338718,0.0013104949999999962
2.154,0.10667513520651314,0.06372918182237935,0.09662060798967623,0.06477274320783774,0.11632304221848384,0.0013015929999999972
2.156,0.1068685597355461,0.06385891014867229,0.09680392104325643,0.06495558308507936,0.11657712855990093,0.0012852339999999953
2.158,0.10706235436194718,0.06398891261626563,0.09699070535785029,0.06504688450827263,0.1167831071261845,0.0012624829999999976
2.16,0.10725639328783701,0.06411906913416647,0.09704822053196326,0.06510963339255438,0.11686582677983076,0.001271689999999999
2.162,0.10745039305938629,0.06424948596167844,0.09695155101734344,0.06530719411942441,0.11689582049166998,0.0013053979999999952
2.164,0.10764437875574484,0.06438012536584314,0.09703414534117855,0.06533221004526175,0.11697830154131647,0.0013380409999999988
2.166,0.10783855660311015,0.06451083989565434,0.0971437020241555,0.06538231976595518,0.11709716726264358,0.0013504439999999975
2.168,0.10803287103737012,0.06464168347230928,0.09717073223579617,0.06546125688897018,0.11716367763400287,0.0013596509999999986
2.17,0.10822725219247137,0.06477275131649166,0.09721042286546543,0.06560658729342596,0.11727783511803296,0.0013859019999999957
2.172,0.1084216556227691,0.06490434502782512,0.09719300743224589,0.06598712404001784,0.11747672634525233,0.0014132179999999989
2.174,0.10861613896335881,0.06503660272531707,0.09729033315747937,0.06627057345194966,0.11771659964314117,0.0014352079999999964
2.176,0.10881089203966052,0.06516921542022956,0.09746274314420164,0.06634212146053269,0.11789937820479247,0.0014295009999999958
2.178,0.10900587501038213,0.06530193368396969,0.09752022757742847,0.0663761422796083,0.11796604193867083,0.001424858999999996
2.18,0.10920085455831698,0.06543476861954352,0.09745932035739145,0.06645879329420303,0.11796224112251455,0.0014276739999999966
2.182,0.10939571404818173,0.06556774193154995,0.09740016950738288,0.06651451871224257,0.1179447931007901,0.001415575999999998
2.184,0.10959050011019897,0.06570082842516298,0.0973858925098362,0.06657197490077736,0.11796541824673493,0.0014045439999999967
2.186,0.10978547493781582,0.06583413003901767,0.09758893510703093,0.06672963895392484,0.1182220155903521,0.0014041639999999968
2.188,0.1099808936163244,0.06596779897874956,0.09782974340153787,0.06693930077795102,0.11853914409447934,0.0014123059999999977
2.19,0.11017654453101797,0.0661019629764712,0.0978211712920396,0.0672246969436992,0.11869347678840128,0.0014065999999999983
2.192,0.11037220157087832,0.0662366528619438,0.09783586856829037,0.06746518852888785,0.1188419489984499,0.0014062199999999982
2.194,0.11056798110146344,0.06637165488059385,0.0979436620168555,0.06753683012117381,0.11897135937732373,0.0014228839999999967
2.196,0.11076397439140612,0.06650677685085053,0.09804962792578885,0.06758514013548812,0.11908602228439406,0.001427829999999997
2.199,0.11105845846722566,0.06670953179940453,0.09827308928726129,0.06758482556719173,0.11926989865431162,0.0013969000000000004
2.201,0.11125507655592626,0.06684478391413186,0.09834499941331702,0.06766728916011606,0.11937588086328027,0.0013954550000000005
2.203,0.11145176494805106,0.06698025310956067,0.09834339271151107,0.06780190626871287,0.1194509162111443,0.001406792999999999
2.205,0.11164849851017675,0.06711593583057879,0.09839016941414562,0.0678808147493881,0.11953422291705845,0.0013978909999999983
2.207,0.11184541351410685,0.06725173317044869,0.09852483451597749,0.067916525120527,0.11966535589237147,0.0013836629999999996
2.209,0.11204263025893386,0.06738767727211485,0.09869191031101895,0.06802757654562186,0.11986594316780998,0.0013747609999999987
2.211,0.11224015443607617,0.06752399249015635,0.0988322668313072,0.06828764149588659,0.12012917609009661,0.0013669239999999996
2.213,0.1124379447525857,0.06766067170397358,0.09895804967819463,0.06839157232132766,0.12029174020145951,0.0013750660000000005
2.215,0.11263603332507774,0.0677975748676176,0.09913052281386295,0.06851159132271381,0.1205018618068632,0.0013746860000000006
2.217,0.11283455686102403,0.06793492077024244,0.09939301313241324,0.06883431130210152,0.12090133775924354,0.0013402179999999968
2.219,0.11303355126126878,0.06807271475636636,0.09960138711235593,0.06895967482184949,0.12114401787228539,0.0013185329999999991
2.221,0.1132328705068997,0.06821048677315741,0.09971785851854273,0.06881234196918193,0.12115605521313304,0.0013224139999999998
2.223,0.11343230253656894,0.0683480378718454,0.09971417115071673,0.06873875671881889,0.12111124061590402,0.0013209689999999997
2.225,0.11363169492631531,0.06848547415073435,0.09967821859562798,0.06869752217011475,0.12105823728566018,0.0013216550000000001
2.227,0.11383106551108849,0.06862271122808816,0.09969236617757615,0.0685395551837212,0.12098032277550881,0.0013425809999999976
2.229,0.1140305328005826,0.06875978484315784,0.0997749233165233,0.06853405988593969,0.12104525057707828,0.0013485929999999982
2.231,0.11423018508342624,0.06889694795285292,0.09987735952713402,0.06862904980916194,0.12118347009316419,0.0013492779999999985
2.233,0.11443013036728457,0.06903443733622891,0.1000679243311799,0.06886033356681068,0.12147153995435796,0.0013329189999999966
2.235,0.11463046247311354,0.06917262620519382,0.10026418149781478,0.06932853539811192,0.1218989413894723,0.001301647
2.237,0.11483105611985368,0.06931180011608323,0.10032946524231408,0.06984537549128414,0.12224720067685471,0.0012820929999999976
2.239,0.1150317619481061,0.06945167208978699,0.1003763630101262,0.07002659821248476,0.12238929164086786,0.0013030189999999955
2.241,0.1152325684744764,0.06959168931795784,0.10043016336014345,0.06999062995835516,0.12241285061018921,0.0013314009999999988
2.243,0.11543350602788888,0.06973170637186003,0.10050739005235464,0.07002642394384849,0.12249667548754029,0.0013374119999999983
2.245,0.1156345583839929,0.06987167301541608,0.10054496605164674,0.06994021961217894,0.12247826140881743,0.0013466189999999992
2.247,0.11583564832747875,0.07001156242963323,0.10054497743422552,0.06994919460498575,0.1224833960712026,0.001338782
2.249,0.11603673852107876,0.07015164030668444,0.10054521616575929,0.0701286824462141,0.12258618435803115,0.0013213579999999982
2.251,0.1162379691335181,0.07029203389752092,0.10068539627359073,0.0702649083902854,0.12277909583420624,0.0013209779999999983
2.253,0.1164394854688498,0.07043268198403897,0.10083093905809902,0.07038317812775399,0.12296613369013935,0.0013408380000000007
2.255,0.11664127676817053,0.0705735899615402,0.10096036026264922,0.0705247993734929,0.12315332586266335,0.0013436540000000003
2.257,0.11684332680401455,0.07071470220760802,0.1010896755813525,0.07058744669430868,0.12329521539769889,0.0013400779999999998
2.259,0.11704551690585291,0.07085586272852167,0.10110042625703088,0.07057307421934958,0.1232958028244399,0.0013503499999999986
2.261,0.11724776259906625,0.07099698548399234,0.10114526695628302,0.07054968125131791,0.12331918971644404,0.001335055999999997
2.264,0.11755142879325914,0.07120878768478747,0.10129886250566489,0.07065178594544498,0.12350358052389646,0.0013121149999999995
2.266,0.11775414706037744,0.07135030648255788,0.10141940461261918,0.07086701182495025,0.12372561980841236,0.0013319750000000017
2.268,0.11795708107613363,0.07149209961030123,0.10151461114358978,0.07092611591841652,0.12383751529688773,0.0013358560000000014
2.27,0.1181601854920961,0.07163380815237938,0.10158980481885006,0.07078242615972175,0.12381696287742044,0.0013141699999999986
2.272,0.11836340460437005,0.07177538551681434,0.10162930745511295,0.07079493827525003,0.12385652755992452,0.001304202
2.274,0.11856676561824592,0.07191704525820043,0.10173170642074046,0.07086480311082353,0.12398048399329432,0.0013208660000000017
2.276,0.11877044977130023,0.07205875303244658,0.1019524466335973,0.0708429711353386,0.12414921640453042,0.0013407259999999998
2.278,0.11897453056133098,0.07220043873950165,0.10212834339711968,0.0708427359197204,0.124293570862017,0.0013296929999999988
2.28,0.11917891308748833,0.07234227661026262,0.10225418276026436,0.07099513484127004,0.12448384257846341,0.001299485000000002
2.282,0.11938356182635275,0.07248455746989202,0.10239455610413466,0.07128572478811428,0.1247649777715267,0.0012692769999999986
2.284,0.11958842819779524,0.07262719164250403,0.10247181533837801,0.07134844782391503,0.12486422203988046,0.001262504999999999
2.286,0.11979345991343807,0.07276999432359652,0.10255990030442558,0.071454233268558,0.12499696237289615,0.0012802340000000012
2.288,0.11999871293078793,0.07291321133713688,0.10269311704545597,0.07176278027182365,0.12528277184375258,0.0012937019999999997
2.29,0.12020419250067169,0.07305673857112487,0.10278645283828175,0.07176445371614691,0.12536024770338208,0.0012890609999999991
2.292,0.12040984766693523,0.07320003044904064,0.10286871342528171,0.07152742419964395,0.12529223684813257,0.0012716370000000008
2.294,0.12061568551920383,0.07334301696458592,0.10296913884329445,0.07145909134562493,0.1253357303009482,0.0012563429999999994
2.296,0.1208217047269764,0.07348606427603253,0.10305006892929873,0.07158822010100582,0.1254758541057333,0.001241049000000001
2.298,0.12102781037100035,0.07362933942719568,0.10305557509463018,0.07168693106213375,0.1255367183066057,0.001223624999999999
2.3,0.1212338965008717,0.07377280126900743,0.1030305547767379,0.0717749107496239,0.12556644866650832,0.001224309999999999
2.302,0.12143993983072879,0.07391648752254544,0.1030127750803266,0.07191134278837527,0.12562990508385002,0.001243104000000001
2.304,0.12164602834546445,0.07406042500066651,0.10307573965535864,0.07202613533271433,0.12574725554247995,0.001260832999999999
2.306,0.1218522283826617,0.07420455259588038,0.10312429754186056,0.07210145988113968,0.12583020806028172,0.0012913450000000023
2.308,0.12205845917352033,0.07434886682072316,0.10310649331679123,0.07221276496164615,0.1258794359198176,0.0012920300000000024
2.31,0.12226468481012545,0.07449335874443694,0.10311914328830553,0.07227915875212466,0.12592789406016813,0.0012809980000000009
2.312,0.1224710092103341,0.07463788643745688,0.10320525692036539,0.07224853426783108,0.12598085473534695,0.0012955319999999992
2.314,0.12267757763471948,0.07478235458274717,0.10336316746499112,0.07221961102244634,0.12609368185848668,0.0013036740000000001
2.316,0.12288437580683896,0.07492682601918739,0.10343500465450917,0.07225182541778777,0.12617102069841876,0.0013064899999999998
2.318,0.12309126397823411,0.07507149298049685,0.1034531667406158,0.0724151358916602,0.12627949008001763,0.0013039799999999995
2.32,0.12329831069404304,0.07521661742937481,0.10359354906832974,0.07270931298631476,0.12656329485089396,0.0012961430000000005
2.322,0.12350568473781652,0.07536225119793562,0.10378049470512697,0.07292445557447312,0.12683992787002912,0.0012861749999999992
2.324,0.12371338941381035,0.0755081753088269,0.10392418128872351,0.07299965531682671,0.12700072886762098,0.0012794030000000001
2.326,0.12392138690391467,0.07565429468495849,0.10407330881557271,0.07311972081473567,0.12719177323964964,0.001276892
2.328,0.1241295837832121,0.07580053765202904,0.10412357048187743,0.07312324625582815,0.12723492866695443,0.0012626630000000015
2.33,0.12433784885932025,0.07594677335304653,0.10414150562625643,0.07311245476165026,0.1272434054691164,0.0012590870000000012
2.333,0.12465043078230335,0.07616604186297411,0.10424644302913702,0.07306655185673386,0.1273029531647239,0.0012920735000000025
2.335,0.12485897366715144,0.07631197746539481,0.10429644181897839,0.07286905056397393,0.1272306814655747,0.0013129995000000002
2.337,0.12506753041076665,0.07645753253802881,0.10426030179621656,0.07268602207001751,0.12709629552037002,0.0013328595000000024
2.339,0.12527614444684326,0.07660297984358427,0.10435373428040995,0.07276128348545591,0.127215982615068,0.0013271525000000028
2.341,0.12548507284139843,0.07674862057941138,0.10457466027474083,0.07287945234163284,0.12746479570922237,0.001327837500000003
2.343,0.12569436942322715,0.07689444031352147,0.10472192155400996,0.07294028176846098,0.12762039632608377,0.0013413055000000018
2.345,0.12590389597694548,0.07704043025325938,0.10480463216429267,0.07304965796943484,0.12775078650460084,0.001317489499999999
2.347,0.1261135088498789,0.07718654392253355,0.10480824076916077,0.0730640113047547,0.12776195474814753,0.0012744995000000035
2.349,0.12632318638233914,0.07733269161125551,0.10486929169104028,0.07308367741719689,0.12782328522065683,0.0012592065000000018
2.351,0.12653311507862258,0.07747874564798347,0.10505940459244235,0.07297035931078351,0.1279146271200575,0.0012716105000000007
2.353,0.12674327158314705,0.07762468811373673,0.1050970999320104,0.07297210644244578,0.1279465854673997,0.0012722965000000006
2.355,0.126953335156971,0.0777709448013764,0.10496647389194441,0.07328458119724404,0.12801793031666972,0.0012804384999999998
2.357,0.1271631931993023,0.07791788380501541,0.10489156843935638,0.07365442244175045,0.12816869771865522,0.0013077545000000032
2.359,0.12737291737125417,0.07806539554792345,0.10483260351251844,0.07385732046630912,0.12823719642005582,0.0012956565000000046
2.361,0.12758265999336157,0.07821329675963772,0.1049100185948651,0.07404389124793234,0.12840798196650616,0.0012558615
2.363,0.12779250360712816,0.07836157835913064,0.1049335951717439,0.0742377082450066,0.12853908635562242,0.0012618724999999993
2.365,0.12800241747673535,0.078510064483302,0.10498027443543934,0.07424841592633806,0.1285833787396748,0.0012817325000000015
2.367,0.12821262209060244,0.07865853228435124,0.10522433943166129,0.07421938512291887,0.128765984393603,0.0012813525000000014
2.369,0.12842326273742546,0.07880690619344279,0.10541630739132636,0.07415452396861462,0.1288855744023917,0.0012831025000000018
2.371,0.12863423159647902,0.07895508583662492,0.10555255166226366,0.07402511921353083,0.1289226878287615,0.001280591500000002
2.373,0.12884552150719245,0.0791030855827715,0.10573735905113396,0.0739746269330426,0.1290450871943262,0.0012770155000000017
2.375,0.12905713091875984,0.07925109569085982,0.10587205251626965,0.07403548115529131,0.1291903400951606,0.001265982500000003
2.377,0.12926883918326024,0.07939921156906297,0.10583621198414946,0.07408039704788368,0.12918672143036183,0.0012368405000000061
2.379,0.12948040753595227,0.0795473976181035,0.10573214070785217,0.07410565199263612,0.12911596816784027,0.0012023725000000023
2.381,0.12969184862870708,0.07969572920612919,0.1057089520469708,0.07422593603306667,0.12916606413007123,0.0011998625000000027
2.383,0.1299033276037851,0.07984421869685468,0.10577002303101951,0.07426355469240083,0.1292376621868935,0.001202678500000003
2.385,0.13011489979984664,0.0799926129464773,0.10580217303055522,0.07413069493023518,0.12918769194016566,0.0011746015000000062
2.387,0.13032670166997126,0.08014094948887339,0.10599969709404346,0.07420584746583218,0.12939259477323778,0.001172090500000006
2.389,0.13053909626363436,0.08028963712539193,0.10639489656907775,0.07448178905271831,0.1298745968865289,0.001199406500000003
2.391,0.13075203188365692,0.08043896488899821,0.1065407234534605,0.07484597455354831,0.1302030938989437,0.0012213965000000056
2.393,0.13096489029180247,0.08058973224072903,0.10631768469212105,0.0759213771772943,0.13064266374653516,0.0012295385000000048
2.395,0.13117749239269838,0.08074225529093577,0.10628441620377127,0.07660167302943753,0.13101218813028553,0.0012408765000000062
2.397,0.13139018123596943,0.08089526105195533,0.10640442706731178,0.07640408799012602,0.1309942241517762,0.0012426275000000059
2.399,0.1316029541213214,0.0810480118362361,0.10636845828461115,0.07634669629063386,0.1309315353623387,0.0012230735000000037
2.402,0.13192210440631916,0.08127745571722855,0.1063983983805496,0.07661589103766131,0.13111298157482704,0.0012113180000000033
2.404,0.13213501263896416,0.08143081480004902,0.10650983426446596,0.07674319178282074,0.1312778057405699,0.0012162640000000027
2.406,0.13234812728262724,0.08158417542701504,0.1066048093985784,0.0766174351831814,0.13128144103778047,0.0012158840000000026
2.408,0.13256141042934083,0.08173735995168341,0.10667833731503361,0.0765670894852056,0.1313117924808567,0.0012016550000000042
2.41,0.13277487119307207,0.0818904832366956,0.10678242641617526,0.07655619552696083,0.13139002117698337,0.0011799690000000016
2.412,0.13298861735836956,0.08204362234155477,0.10696373888132606,0.07658290933222318,0.13155296818110954,0.0011433700000000057
2.414,0.1332026919491293,0.08219672876213564,0.10711085187838464,0.0765235112486326,0.13163807338279018,0.0011344680000000048
2.416,0.13341696200686706,0.08234968060114214,0.10715920585942378,0.07642832775788812,0.13162212839902543,0.0011532620000000028
2.418,0.13363144543791414,0.0825024437309025,0.10732422518762941,0.07633480200245402,0.1317022828537108,0.001163534000000004
2.42,0.13384615119022916,0.08265499839727856,0.10738152712740637,0.07621986437363419,0.13168242135284838,0.0011780680000000022
2.422,0.13406075982707558,0.0828073880528626,0.1072271097189933,0.07616979121038298,0.13152752621304167,0.0011904720000000036
2.424,0.13427522487518417,0.08295977788077272,0.10723793838962763,0.0762200366997566,0.13156545680599377,0.0011751790000000051
2.426,0.13448987513758037,0.08311246365056067,0.1074123240065515,0.07646573308818388,0.13184997415700078,0.0011385800000000012
2.428,0.13470482369924117,0.08326545241246583,0.10753623765426663,0.07652302881698449,0.13198415188256488,0.0011179600000000038
2.43,0.13492000744685131,0.08341848937141057,0.1076475099558573,0.0765139301277386,0.13206955706478635,0.001121841000000004
2.432,0.1351354498821993,0.08357172527103722,0.1077949253921665,0.07672196949893553,0.13231026620825131,0.001140635000000002
2.434,0.1353512694977082,0.08372518689769386,0.10802469011671743,0.07673965715767982,0.13250776828356545,0.0011359930000000016
2.436,0.13556750721961247,0.08387856010013593,0.10821303178757496,0.07663354528441246,0.13260000192879637,0.001131351000000002
2.438,0.13578396764045272,0.08403204971595862,0.10824738905266527,0.07685607053825469,0.13275674301255005,0.001141623000000003
2.44,0.13600054510272913,0.08418586586651387,0.10833007322375733,0.07696008001701392,0.13288438087634608,0.0011316550000000042
2.442,0.13621731835773998,0.08433981282133661,0.10844318178707824,0.07698687480571176,0.13299211468525354,0.0011387310000000048
2.444,0.1364342697192614,0.08449411675198897,0.10850817973436211,0.07731705584666429,0.1332364521970652,0.0011745690000000012
2.446,0.1366512899616513,0.0846489985519851,0.10851206265551039,0.07756474414944632,0.1333834970178938,0.0011986900000000038
2.448,0.13686840214997628,0.08480422306233923,0.10860012566949752,0.07765976620469921,0.1335103987800171,0.0012025710000000034
2.45,0.13708573169634433,0.0849595962854932,0.10872942069853771,0.07771345694925647,0.13364680436300577,0.0011872770000000018
2.452,0.13730322701014075,0.08511550597631372,0.10876589309789159,0.07819623387128286,0.13395771904983433,0.001192223000000001
2.454,0.13752080653094947,0.08527278146293708,0.10881362771081003,0.07907925275206096,0.1345136936947726,0.0012280610000000051
2.456,0.1377383128841607,0.08543186268666741,0.10869272550042948,0.0800019709782859,0.13496082371237297,0.0012628340000000013
2.458,0.1379556415320283,0.08559236746882226,0.10863592236714821,0.08050281117654895,0.13521267039700144,0.0012848240000000039
2.46,0.1381729190445129,0.08575359205965824,0.10864159011747157,0.08072177965944073,0.1353477033962527,0.0012919000000000032
2.463,0.1384985182837438,0.08599700166355788,0.10842456936977857,0.08155128960698035,0.13567055715807871,0.0012641650000000024
2.465,0.13871524266012483,0.08616081157849002,0.1082998070112715,0.08225862532518516,0.1359975354154179,0.0012233050000000068
2.467,0.13893174267430644,0.08632608638628894,0.1082002071703167,0.08301618247371977,0.13637804582926605,0.0011899020000000033
2.469,0.13914802937168697,0.08649309709089611,0.1080864902102363,0.0839945221334711,0.13688597121106924,0.0011724780000000048
2.471,0.1393640794351081,0.08666187961255964,0.10796357321086192,0.08478799953002877,0.13727759469323936,0.0011667720000000043
2.473,0.13957986914268763,0.08683211448990559,0.1078261343686935,0.08544687781594629,0.1375777750270326,0.0011610660000000049
2.475,0.13979526602688114,0.08700411597768413,0.10757074982479198,0.08655460996258102,0.13806942718662418,0.001154294000000004
2.477,0.14001007880907582,0.08717856096116913,0.10724203236989703,0.08789037352243313,0.1386563062566534,0.0011496520000000045
2.479,0.14022428437011447,0.08735563433816466,0.10696352866872885,0.08918300347307431,0.13926523102965926,0.0011663160000000064
2.481,0.14043802779596345,0.08753505594554031,0.10677989718028201,0.09023860390259741,0.1398032620367689,0.001188307000000004
2.483,0.1406514541889035,0.08771655100504323,0.10664649575976408,0.09125645560030832,0.1403610193271922,0.0011953840000000046
2.485,0.14086449014552876,0.08790025781407206,0.10638946086550803,0.09245035342853276,0.14094603659668506,0.0011939390000000048
2.487,0.1410768828174873,0.08808637231481428,0.10600321109298494,0.09366414731367012,0.14145548152694834,0.0011829070000000034
2.489,0.14128852430688932,0.08827473488704697,0.10563827830906358,0.09469842491904414,0.14187049561572349,0.001178266000000004
2.491,0.1414996277475759,0.08846497194143271,0.10546516237749291,0.0955386294666805,0.14230435761311955,0.001171494000000003
2.493,0.1417103977282042,0.08865707784830071,0.10530481825082313,0.09656727740134248,0.1428787731314443,0.001155135000000005
2.495,0.14192063173237274,0.08885133104221057,0.1049291859176758,0.097685916508501,0.14336203242648313,0.0011526250000000048
2.497,0.14213005691126893,0.08904770850589831,0.10449599297853365,0.09869154717926389,0.14373390008347586,0.0011650290000000034
2.499,0.14233879884323722,0.08924614548231555,0.10424593898972248,0.09974542923795422,0.144278780316832,0.0011657150000000036
2.501,0.14254718383841852,0.08944633108206555,0.10413905619159211,0.10044017051207475,0.14468300134075954,0.0011685310000000032
2.503,0.14275530120508217,0.08964789007344962,0.10397831047203637,0.10111882087196994,0.14503966692997033,0.0011692160000000033
2.505,0.1429630885708035,0.08985121022065447,0.10380905524930302,0.1022013263329088,0.1456757737441561,0.0011549870000000049
2.507,0.14317050300212344,0.09005642259645072,0.10360537607060485,0.10301104946331592,0.14610048002065285,0.0011578020000000053
2.509,0.14337747026416212,0.09026296908193585,0.10336188596808361,0.10353543602183225,0.14629855085786064,0.0011765960000000033
2.511,0.14358412098492696,0.09047049593690393,0.1032888347967326,0.10399141894623287,0.14657011498978106,0.001183672000000004
2.513,0.1437908135587648,0.09067850376782066,0.10340373904112904,0.10401641197053073,0.14666883515903806,0.0011683780000000057
2.515,0.14399766958788032,0.09088661550892987,0.10345229007437633,0.10409532913865789,0.14675903335099486,0.0011594760000000048
2.517,0.14420461250930455,0.09109536253237598,0.10349063134987393,0.10465169430746239,0.14718113975172928,0.0011729440000000035
2.519,0.14441170578394627,0.09130528322498609,0.10360264329181436,0.10526899830262852,0.14769925423200259,0.0011917380000000053
2.521,0.1446190048624691,0.0915162052124605,0.10369643523103038,0.10565298917180639,0.14803886246712758,0.0012084020000000036
2.523,0.14482642103612284,0.09172748603454423,0.10371973842270447,0.10562783291189197,0.14803723593791127,0.0012026960000000029
2.525,0.1450338174674817,0.09193877226401778,0.10367669293618587,0.1056583965616822,0.1480288938760601,0.0011629010000000072
2.527,0.14524125011076724,0.09215033486547426,0.10375595034932972,0.10590420489476775,0.1482598996603111,0.0011412150000000047
2.53,0.145553003169399,0.09246856384703524,0.10407942207187054,0.10624844947923522,0.14873217242935763,0.0011566230000000029
2.532,0.14576135229595094,0.09268108385951587,0.10426970448002564,0.10627156300137446,0.14888188733055133,0.0011615690000000034
2.534,0.14597006387534836,0.09289350832496283,0.1044418749174045,0.10615290244560543,0.14891791005076924,0.001155863000000004
2.536,0.1461790715056288,0.09310584270447933,0.10456575536301564,0.10618147707087369,0.14902517662324882,0.0011618750000000047
2.538,0.1463883181319141,0.09331841372909587,0.10468087092230992,0.1063895475456873,0.14925421456035795,0.0011732130000000035
2.54,0.1465978415268532,0.09353129135168585,0.10484252401676644,0.10648807504427149,0.14943782977827483,0.0011845510000000048
2.542,0.14680768798396304,0.09374415961663925,0.10500393309309822,0.10638018990914759,0.14947431475048198,0.0012076070000000022
2.544,0.14701773705617513,0.09395685712701461,0.105045139118961,0.10631732046618989,0.14945853566669381,0.0012168140000000033
2.546,0.1472277897168207,0.09416955283976264,0.10500752152663399,0.10637839228186279,0.14947555626804132,0.0012185640000000031
2.548,0.14743788193215776,0.09438230414418734,0.10508469381037842,0.10637291214281294,0.14952588174280593,0.0012330980000000047
2.55,0.14764820037590126,0.09459511260270949,0.10523374993315138,0.10643554637936167,0.14967520722573358,0.0012604150000000017
2.552,0.14785881540869733,0.09480825991725432,0.10538128286290284,0.10671176816545233,0.1499753854565088,0.0012941230000000055
2.554,0.1480696968729224,0.09502201894048812,0.10550018136218826,0.10704725506837026,0.15029771483667786,0.0013054610000000043
2.556,0.1482808574097499,0.09523644349958293,0.10566035546526172,0.10737730402641955,0.15064526589650137,0.0012986900000000036
2.558,0.14849242260819845,0.0954514939442833,0.10590484298330834,0.10767314067396906,0.151027616646478,0.0012993750000000034
2.56,0.14870440472220142,0.09566693333398935,0.10607727101964345,0.10776624903204679,0.15121491942732374,0.001314973000000005
2.562,0.14891664523215636,0.09588232571771016,0.10616323893530805,0.10762613468878658,0.1511754549167428,0.0013422890000000022
2.564,0.14912899138924973,0.09609752949894312,0.10618291815802874,0.1075776465441557,0.15115476222909396,0.0013557570000000034
2.566,0.1493413770671846,0.09631275655893798,0.10620275977685839,0.10764941345072702,0.1512197817764153,0.0013617690000000031
2.568,0.14955382761392982,0.09652817019566247,0.10624778696835045,0.10776422327374167,0.1513331426141175,0.0013432800000000007
2.57,0.1497664185318892,0.09674386185040104,0.10634313099107347,0.10792743146485495,0.15151630925938492,0.0013098770000000044
2.572,0.14997926473615306,0.09695986906847728,0.1065030732727382,0.10807978661135609,0.15173709134715382,0.0013020400000000037
2.574,0.15019240384289925,0.09717613616055544,0.10663603347348384,0.10818730546682641,0.1519070001650035,0.0013037900000000035
2.576,0.15040582659859872,0.09739244775525932,0.10678672222594762,0.10812428923703404,0.15196797678055562,0.0012884960000000018
2.578,0.1506194556846107,0.09760869985008304,0.10684236378604237,0.10812780558671078,0.15200958206766618,0.0012550930000000055
2.58,0.15083318901527873,0.09782506847959327,0.10689096688198735,0.10824082392349131,0.15212414260925963,0.0012259510000000022
2.582,0.15104713086365648,0.0980416899314413,0.1070508814957892,0.10838062792456293,0.15233598307145968,0.001226636000000002
2.584,0.15126139811929815,0.09825874534043305,0.10721637414586015,0.10867478106716463,0.15266158300299795,0.0012518220000000049
2.586,0.1514759298517172,0.09847630657255353,0.10731535827323542,0.10888645105333904,0.15288180187420633,0.0012684860000000031
2.588,0.1516906234849809,0.09869415477828335,0.10737827499045242,0.10896175467645726,0.1529795996925658,0.0012819540000000046
2.59,0.15190545370585717,0.0989121410130259,0.1074519458858285,0.10902448006611695,0.15307598743218398,0.0012900960000000038
2.592,0.15212038994248575,0.09913021864941594,0.10748429074273248,0.10905315632391259,0.15311911592180763,0.0012971730000000045
2.594,0.15233536923303934,0.09934827828204323,0.1074949998108752,0.1090064763033968,0.1530933926086396,0.001313837000000003
2.597,0.15265806414886401,0.09967523281908214,0.1076349440722436,0.10896321505586393,0.15316090695979004,0.0013164620000000028
2.599,0.15287343272881374,0.09989313937516502,0.10773363587745603,0.1089433410269879,0.15321614749594398,0.0013246040000000037
2.601,0.15308898988576364,0.10011113183393347,0.10782352107246439,0.10904911774149104,0.15335456229490452,0.001341268000000002
2.603,0.153304854251352,0.1003293374721379,0.10804084451587462,0.10915652046291562,0.1535837557923178,0.0013259740000000004
2.605,0.15352121231726096,0.10054762502333651,0.10831722139310666,0.10913103073571889,0.15376021045694396,0.0012915060000000041
2.607,0.1537379977244209,0.10076604304442642,0.10846818576681852,0.10928699035416486,0.15397725021644065,0.001254907
2.609,0.15395492887381926,0.10098474626247703,0.10846296363157328,0.1094162276964628,0.15406532823146218,0.001237482000000002
2.611,0.15417192479033315,0.10120356965606812,0.10853295288228999,0.1094071658946086,0.15410817567682703,0.0012509500000000035
2.613,0.15438907510229455,0.10142242157435483,0.10861735907913503,0.10944475239211282,0.15419430767540235,0.0012665490000000018
2.615,0.1546063887085949,0.10164124277381567,0.10869624722118289,0.10937644706871262,0.15420143103532924,0.001258712000000001
2.617,0.15482394614292827,0.10185984469218808,0.1088611871122334,0.10922547130371327,0.1542107701848447,0.0012348960000000036
2.619,0.15504184788259304,0.10207819669722104,0.10904055255251861,0.10912653372922371,0.15426743812196395,0.0012142760000000013
2.621,0.15526008880206635,0.10229650700608456,0.10920036692082388,0.10918377513432338,0.1544209081964779,0.0012234830000000003
2.623,0.15547856863815737,0.10251497856169141,0.10927946917017059,0.10928778047249617,0.1545503844793625,0.001220972
2.625,0.15569723001157917,0.10273365989688021,0.10938190425164769,0.10939355471632749,0.1546976108128072,0.001195026000000003
2.627,0.1559161663243819,0.10295261192923398,0.1095544085511038,0.10955847763746161,0.15493620769600738,0.0011839940000000042
2.629,0.15613543314610048,0.10317177536541007,0.10971241316745374,0.10960495853860772,0.15508081937904505,0.0011708310000000026
2.631,0.15635498531938488,0.10339090974834732,0.10983976011697402,0.10952942439865965,0.15511759317258664,0.0011885600000000006
2.633,0.1565748084491696,0.10360998457975135,0.10998336966771946,0.10954540700533871,0.15523059556489352,0.0011967020000000015
2.635,0.15679484158030607,0.10382905916024514,0.11004976146878721,0.10952917348847244,0.1552661902810939,0.0011941920000000021
2.637,0.15701489785368694,0.1040479739694023,0.11000651191206305,0.1093856356686677,0.15513429651014432,0.0012236400000000052
2.639,0.15723489124685872,0.10426683500779964,0.10998688125973559,0.10947540272869712,0.15518369067609392,0.0012392390000000037
2.641,0.15745499263656298,0.10448594001412885,0.11011450844450259,0.10962960360049286,0.15538293006497086,0.0012399240000000036
2.643,0.15767544623332228,0.10470537663562117,0.1103390883148073,0.1098070178918465,0.15566725920514932,0.0012438050000000032
2.645,0.15789628802846975,0.10492522021223522,0.11050270683265544,0.11003655872217219,0.1559451585422319,0.001241294000000003
2.647,0.1581173365395008,0.10514530942993489,0.11054580419843504,0.11005265897752346,0.155987058994975,0.0012291960000000042
2.649,0.15833838500164668,0.10536535736464418,0.11050265794741959,0.10999527573175297,0.1559159969238204,0.001218164000000003
2.651,0.15855934006992758,0.10558535515600603,0.11045241033350521,0.11000251563012475,0.1558854977008344,0.0012071320000000044
2.653,0.15878020180880287,0.10580535664944722,0.11040932854174677,0.10999897781104169,0.15585247815967965,0.0012195350000000057
2.655,0.15900101677231016,0.10602527025034303,0.11040563496556977,0.10991462308478767,0.1557903353870887,0.001235133000000004
2.657,0.15922181187969256,0.10624509233668926,0.11038947241679864,0.1099074632614244,0.15577382996196923,0.0012432750000000048
2.659,0.1594425370730802,0.1064649827146616,0.11033572097088137,0.10998291471093243,0.15578900105744445,0.0012642010000000026
2.662,0.15977384302720174,0.10679489068220065,0.11053491511013835,0.10995573031509363,0.15591096846447686,0.001301981500000004
2.664,0.15999517296552737,0.10701468872454728,0.11079502321546256,0.10984231203151464,0.15601561037839615,0.001327168500000007
2.666,0.1602169351012698,0.10723420978587835,0.11096711252699416,0.10967874929957154,0.15602284483528958,0.0013438335000000052
2.668,0.16043898428095998,0.1074536299514836,0.1110820671631741,0.10974141630565185,0.1561486602504623,0.001333866500000004
2.67,0.16066123501384993,0.107673450106277,0.11116866572681199,0.11007873848778063,0.15644743815908543,0.0013015285000000075
2.672,0.16088358146991452,0.10789372244277075,0.11117779033774636,0.11019359800593505,0.15653475686210236,0.0012809085000000055
2.674,0.1611058815114644,0.10811419047872885,0.1111222512121594,0.11027443795219517,0.156552248083925,0.001268810500000007
2.676,0.1613281478135165,0.10833494573789036,0.11114405083991755,0.1104808212092949,0.1567131516248281,0.0012513865000000047
2.678,0.16155052385584728,0.10855590009165496,0.11123199149087763,0.11047353255532698,0.15677039684289748,0.0012424845000000057
2.68,0.1617730846973004,0.10877679498495645,0.11132884996219888,0.11042136074613793,0.1568023907436826,0.0012506265000000068
2.682,0.16199584656687493,0.1089976914214569,0.11143301961235158,0.11047507575434175,0.15691418107632682,0.0012651605000000051
2.684,0.16221877732787615,0.10921872585012765,0.11149774138882786,0.11055935291637718,0.15701947921228748,0.0012669115000000055
2.686,0.16244187328040374,0.10943981032668008,0.11159821113878525,0.11052512363608014,0.15706674913598898,0.0012665315000000054
2.688,0.16266525268179466,0.10966078316307627,0.11178119025209304,0.1104477127600811,0.1571423932238147,0.0012672165000000056
2.69,0.16288895325368488,0.10988166764471506,0.11191938163816584,0.1104367688787341,0.15723303694403523,0.001261510500000006
2.692,0.16311287810755742,0.11010249081793644,0.11200547223436537,0.11038640434261993,0.15725897136295777,0.0012590005000000057
2.694,0.16333691610150292,0.11032336410563985,0.11203252171116033,0.11048688336081931,0.15734877602240477,0.0012586205000000058
2.696,0.1635610512688118,0.11054443650120349,0.11210264559769396,0.1105855122027894,0.15746796073854344,0.0012699585000000072
2.698,0.16378547903290805,0.110765535448798,0.11232511849859864,0.11051343539174747,0.1575758599780124,0.0012642525000000078
2.7,0.16401025839627403,0.11098647959229498,0.11245424486735862,0.11043070810520549,0.1576099567962156,0.0012681335000000083
2.702,0.16423515243091225,0.11120726564306366,0.11243978977087637,0.11035534266350094,0.157546843757968,0.0013082335000000039
2.704,0.164460042782694,0.11142797810934468,0.11245056201084568,0.11035712361749361,0.15755577942329446,0.0013057225000000037
2.706,0.16468503393093079,0.11164890941954553,0.1125405862259679,0.11057418658337946,0.15777209603304548,0.0012872325000000057
2.708,0.16491019418292308,0.1118701402549361,0.11261966576628814,0.1106566488071684,0.15788629783025332,0.0012943095000000065
2.71,0.1651354065183623,0.11209139794635953,0.11259266967296243,0.11060104261628328,0.1578280706715182,0.0012917995000000068
2.712,0.1653606370052615,0.11231281356314221,0.11263781722619841,0.11081457416637835,0.15800996081626706,0.0012956805000000073
2.714,0.16558607104201503,0.11253479071104407,0.11279621952736771,0.11116257373550356,0.15836699447538743,0.001314474500000005
2.716,0.16581167821538348,0.11275740122450684,0.11281095384105189,0.11144793972723945,0.1585779132665528,0.0013162245000000055
2.718,0.16603725719725707,0.1129804120328214,0.11276802803257291,0.11156286858734445,0.15862818726125644,0.001304126500000007
2.72,0.16626284549850492,0.11320368667700002,0.11282027321526929,0.11171177559125793,0.15877006913810796,0.0013037465000000068
2.722,0.1664886567403171,0.11342725000581107,0.11299096859692807,0.1118515532198084,0.1589897133218235,0.001303366500000007
2.724,0.16671491866328544,0.11365094197856355,0.11327095437140396,0.11184041953265625,0.1591809930407812,0.001294464500000006
2.726,0.1669416759058907,0.11387458305120343,0.11348628823387434,0.11180065310723857,0.1593063829615973,0.0012898235000000065
2.728,0.16716872721195425,0.1140979939987137,0.11356501782963982,0.11161029440300355,0.15922898948172576,0.0012894435000000064
2.731,0.1675093045692326,0.1144323727227375,0.11348655368929475,0.1113088549462181,0.15896181635132195,0.0012728940000000081
2.733,0.16773618622388745,0.11465505695930922,0.11339510096551095,0.11137538162548014,0.15894314881491356,0.0012789050000000088
2.735,0.16796290492026794,0.11487803037940097,0.11332359541501723,0.1115980384663026,0.15904829287770703,0.001312613000000005
2.737,0.1681895917020481,0.11510130537685659,0.11336318636513718,0.11167695898928584,0.15913187987311486,0.0013335380000000074
2.739,0.16841639706174755,0.11532466816350465,0.11344217333431714,0.11168582765879527,0.15919438052470122,0.001335288000000007
2.741,0.16864345193805177,0.11554805215519075,0.11361270296988525,0.11169816402728242,0.15932459359179002,0.0013349070000000071
2.743,0.16887085330500312,0.11577149670945751,0.11378866398149719,0.1117463902395052,0.15948390446140281,0.0013281350000000078
2.745,0.16909855628882145,0.11599500009322083,0.11391431983681355,0.11175699352378994,0.15958100722003318,0.0013181680000000067
2.747,0.1693266180873804,0.11621838095310308,0.11414747872214837,0.11162386635847311,0.15965442192259374,0.0013156580000000069
2.749,0.1695550637226112,0.11644155848764087,0.11429815650862492,0.11155366817929248,0.1597131474410476,0.0013120820000000067
2.751,0.16978375507293858,0.1166645956994606,0.11439319381879406,0.1114835436404519,0.1597322237205027,0.001308506000000007
2.753,0.17001270838899732,0.11688756615700419,0.11456012223991,0.11148691390311302,0.15985416347178216,0.0013209090000000083
2.755,0.17024198691575626,0.11711079285291891,0.11471840451906642,0.11173978201163391,0.16014397028738742,0.0013215940000000082
2.757,0.17047152830586196,0.11733463843439863,0.11482298558659776,0.1121057994680614,0.16047438516284532,0.0012956480000000054
2.759,0.1707013055087562,0.1175590096069638,0.11495421730766342,0.11226537309713916,0.16067976248880056,0.0013016600000000046
2.761,0.17093135772648668,0.117783687345118,0.11509800042279555,0.11241236505703785,0.16088533034134153,0.0013172590000000064
2.763,0.17116164895585706,0.11800858912951236,0.11519322894761778,0.11248941933734352,0.16100729628880486,0.0013285970000000051
2.765,0.17139206224868703,0.11823350152250103,0.11522006388232289,0.11242297365130206,0.16098008611517117,0.0013356740000000059
2.767,0.1716224952679669,0.11845840132529135,0.11521295539757545,0.11247682913904865,0.16101261498596453,0.0013203800000000073
2.769,0.17185299840728813,0.11868339257495257,0.11529018392361079,0.11251442052214417,0.16109413811363188,0.0013040210000000057
2.771,0.17208362908728805,0.11890846442744622,0.11534049607633629,0.1125574319715303,0.16116018592431886,0.0013047060000000055
2.773,0.17231433340936386,0.11913357746482235,0.1153638259994438,0.11255560540457354,0.16117560813355106,0.0013256310000000079
2.775,0.17254514907024235,0.1193587334297985,0.11545183487905755,0.11260035957160314,0.16126985816511247,0.0013316430000000073
2.777,0.17277602766955216,0.11958397725908994,0.11542676443073792,0.11264346971981264,0.16128201765065878,0.0013270020000000068
2.779,0.17300676264118448,0.11980919256189575,0.11530820720160413,0.11257183308602725,0.16114713851755622,0.0013287520000000064
2.781,0.1732374114366574,0.12003439362327215,0.11534058827131524,0.11262922829033928,0.16121040403165804,0.0013049360000000037
2.783,0.1734683046194626,0.1202598151375357,0.1155525945339076,0.11279228597323358,0.16147601022624183,0.0012949690000000048
2.785,0.1736994889063131,0.12048549473621645,0.11563169231654402,0.11288731270748942,0.1615989902143773,0.0013212210000000076
2.787,0.1739307702106439,0.12071124779788654,0.11564961201430508,0.11286574896263592,0.16159675135334883,0.0013389510000000058
2.789,0.17416218777101689,0.12093688580254681,0.11576794835865586,0.11277225569761204,0.16161621058018902,0.0013513550000000072
2.791,0.1743939337721868,0.12116250720866205,0.11597805281128051,0.1128491504176409,0.16182039267002016,0.0013541710000000069
2.793,0.17462609648956032,0.12138835420339311,0.11618466456221095,0.11299784431339106,0.1620721725001144,0.0013623130000000078
2.795,0.17485850350309792,0.1216143444558039,0.11622234897541468,0.11299240809742225,0.16209539996254518,0.0013693900000000068
2.798,0.17520728780038805,0.12195342248398394,0.11630051588465669,0.11305961068927184,0.16219829087954962,0.0013544395000000065
2.8,0.1754400290354071,0.12217969228637605,0.11644071913441735,0.11321019170286668,0.1624037825234994,0.0013434075000000078
2.802,0.1756729986657535,0.12240629383353162,0.11652891121197861,0.11339135545266589,0.16259331671271737,0.0013398315000000076
2.804,0.17590613195484217,0.12263313746833968,0.11660437787671779,0.11345227935542158,0.16268989099190218,0.0013405165000000073
2.806,0.17613945029622693,0.12286011547017957,0.11671396350802288,0.11352572248445177,0.16281965158840273,0.0013412015000000073
2.808,0.1763730308589362,0.12308722055687735,0.11686659920124814,0.11357936421335589,0.1629664811670649,0.0013472125000000069
2.81,0.176606835765223,0.12331431457332279,0.1169383070855604,0.1135146522320558,0.16297283189354414,0.0013361795000000056
2.812,0.17684065494344423,0.12354134395366415,0.11688087113568676,0.11351472810932614,0.16293167750677354,0.0013059715000000088
2.814,0.17707442403613924,0.12376850622194563,0.11688822155930607,0.11364754017213786,0.16302950569291166,0.0012906775000000072
2.816,0.17730831917130652,0.12399598063815706,0.11700691360798994,0.11382687603932265,0.16323962613574852,0.0012796445000000083
2.818,0.17754249106792103,0.12422372931891659,0.11716498300648485,0.1139218047201784,0.16341912627845112,0.0012547625000000054
2.82,0.17777686064700407,0.12445167339102906,0.11720459607657895,0.11402226739230645,0.1635175672603915,0.0012352075000000074
2.822,0.17801119817322486,0.12467982211601944,0.11713293014417363,0.11412645759804572,0.1635388994950082,0.0012241755000000063
2.824,0.17824543365542317,0.1249081845554992,0.11710255205415812,0.11423598188173298,0.16359360395223416,0.0012216655000000067
2.826,0.17847969825553067,0.12513687542156535,0.11716204805331207,0.11445488418439553,0.16378909004481954,0.001206371500000005
2.828,0.1787141660489149,0.12536587296620952,0.11730574533093915,0.1145426604598094,0.16395322184348296,0.0011889465000000069
2.83,0.17894901989820522,0.1255950010765536,0.11754810395935976,0.11458544988424584,0.1641565779054116,0.0011853705000000067
2.832,0.17918442150945976,0.12582440494982786,0.11785350729520198,0.11481842339002167,0.16453789694641932,0.0011764685000000075
2.834,0.1794202795083756,0.12605422469610747,0.11800449162063013,0.11500132288956295,0.16477367601954168,0.0011771535000000078
2.836,0.1796562869154576,0.12628441221587003,0.11800291546138619,0.11518619687302666,0.16490163130623878,0.0011874255000000067
2.838,0.17989240059640818,0.1265149172997041,0.11811076548916666,0.1153188869610087,0.16507149546291397,0.0012147415000000098
2.84,0.18012883024477766,0.12674548302548122,0.11831888288034136,0.11524683881613819,0.16517019072206968,0.0012175565000000096
2.842,0.18036562219259006,0.12697582933736448,0.11847306493203978,0.11509947306709596,0.1651779519630706,0.0011788265000000052
2.844,0.18060267587286713,0.127205906106716,0.1185806153450684,0.11497729628445935,0.16517003661832683,0.0011400965000000094
2.846,0.18083998953589314,0.12743574386098294,0.11873304768090917,0.11486045798244471,0.16519824883918716,0.0011141495000000065
2.848,0.18107751857850043,0.12766557957852862,0.11879599492640386,0.1149752595632406,0.16532331572463915,0.0011041815000000076
2.85,0.1813151304275275,0.12789563417898941,0.11881585410065246,0.11507934089753374,0.1654099812196299,0.0011006055000000073
2.852,0.1815528285715271,0.1281258161216601,0.11888228989898486,0.1151026017731859,0.16547388853406117,0.001102355500000007
2.854,0.1817906148875197,0.12835620078931276,0.11890402609360279,0.11528206587943396,0.16561437780186333,0.0011062355000000074
2.856,0.18202847864800903,0.1285868258852127,0.11895973439574813,0.11534303002052261,0.16569681041535506,0.0011122465000000068
2.858,0.1822665381525819,0.12881754229941297,0.11909977017709394,0.11537338417972763,0.16581849424391606,0.0011448895000000104
2.86,0.1825048760328005,0.12904840557542585,0.11923811004152113,0.11548989183318445,0.16599892168901142,0.001169010500000008
2.862,0.18274344390114372,0.12927947858472683,0.1193297583016765,0.11558311746777664,0.1661296128325904,0.0011750225000000086
2.865,0.18310165144723836,0.1296263892138453,0.1194752724280681,0.11569063527788002,0.1663089408683747,0.0012064115000000098
2.867,0.1833406774116189,0.129857799111187,0.119550691952522,0.1157192620638459,0.16638303867560497,0.0012156195000000089
2.869,0.18357989195322125,0.130089303908748,0.11966384964979743,0.11578553549712804,0.16651044154456507,0.0012163045000000087
2.871,0.18381936700427123,0.13032101659616577,0.11981120140021242,0.11592715192064029,0.1667148119796003,0.0012074015000000098
2.873,0.18405914015615,0.1305528527698738,0.11996195047852866,0.11590902178737848,0.16681058387980047,0.0011974335000000088
2.875,0.18429915370644973,0.13078459173104273,0.12005159982122893,0.11582993938158187,0.16682014709494,0.0011938575000000088
2.877,0.18453925692316966,0.13101626596779573,0.12005161689872343,0.11584429737142568,0.16683012903392827,0.00118495550000001
2.879,0.1847794230997237,0.13124805679464835,0.12011455965529377,0.11594652948116904,0.16694641397739793,0.0011909675000000108
2.881,0.1850197833388819,0.13148002867102443,0.12024567950291666,0.11602534689493989,0.16709549533488116,0.00119804450000001
2.883,0.1852603500963856,0.13171209183861765,0.12032107800078243,0.11603782069824743,0.16715842079796336,0.0011806195000000081
2.885,0.18550111072610262,0.13194417810966574,0.12043955171623957,0.1160484503498806,0.16725109400604066,0.0011759775000000086
2.887,0.1857422123508262,0.13217623884856913,0.12066207300730221,0.11601228855347412,0.16738634041591946,0.0011947715000000106
2.889,0.18598377524235707,0.1324082864740378,0.12090081852359101,0.11603533691521135,0.16757448294027613,0.0011901295000000109
2.891,0.18622571700589124,0.13264046467347498,0.12104094501057142,0.11614286252194031,0.16775003691159804,0.0011663135000000084
2.893,0.1864678421837817,0.1328729316302965,0.12108423287991309,0.11632409429959856,0.167906778799246,0.001161672500000009
2.895,0.18671007195107073,0.13310581667075735,0.12114553440908157,0.11656094616123314,0.16811512328539588,0.0011644875000000094
2.897,0.18695242432953477,0.13333918259399258,0.12120684405497273,0.11680497707402974,0.16832855288105786,0.0011598455000000098
2.899,0.18719492972512292,0.13357293782609012,0.12129855153315605,0.1169502550234935,0.1684954027684491,0.0011562695000000096
2.901,0.18743767415770074,0.1338069673957199,0.12144588104469438,0.11707931460632867,0.16869104283099842,0.0011580205000000091
2.903,0.18768071308323733,0.13404111149559278,0.12159304449186858,0.11706478526651877,0.16878694386207035,0.001156575500000009
2.905,0.18792403722987483,0.13427511347279342,0.12173110214564338,0.11693719193415669,0.16879800972475612,0.001138085500000011
2.907,0.1881676466773821,0.1345090451262687,0.12187834536158536,0.11699446154110409,0.16894388150912942,0.0011217255000000093
2.909,0.18841154351267814,0.13474316312255333,0.12201848993448365,0.11712353474353958,0.16913436752095304,0.0011170835000000095
2.911,0.1886557456686421,0.13497745308489192,0.12218366602944924,0.11716642759502802,0.16928325374878914,0.0011135075000000094
2.913,0.18890024572844602,0.1352117032280911,0.12231639377448839,0.11708371560415956,0.16932187290976738,0.001117388500000009
2.915,0.18914500241032522,0.13544591539329867,0.12244028810469831,0.11712844960339416,0.1694423142478182,0.0011010295000000072
2.917,0.18939011289966184,0.13568032640050076,0.12267020123193909,0.11728255759871331,0.16971498633644566,0.0010868015000000085
2.919,0.18963574058799534,0.13591498812544567,0.12295748710153048,0.11737916734617329,0.16998944838196278,0.00110133550000001
2.921,0.18988187104061033,0.1361498305806021,0.12317296551348882,0.11746328781028222,0.17020341775824685,0.0011190655000000084
2.923,0.19012840744603238,0.13638495258524633,0.1233634399085417,0.1176587168339136,0.17047613308927279,0.0011101635000000077
2.925,0.19037529970749198,0.13662049778467045,0.12352882155109242,0.1178864825902254,0.1707530161704242,0.001105522500000008
2.927,0.19062249923484784,0.1368563513616748,0.12367070580472354,0.11796709441409178,0.17091131863847323,0.0011094035000000085
2.93,0.19099393948981008,0.1372103087149368,0.12395613083676259,0.11800447442724851,0.17114373595569238,0.0010768745000000073
2.932,0.19124199710426915,0.13744628878899928,0.12410148362233982,0.11797559963526236,0.1712291457274888,0.0010818205000000067
2.934,0.19149025554685187,0.1376820891590431,0.12415695896035085,0.11782477040852829,0.1711654958807547,0.0011048765000000094
2.936,0.19173866997870476,0.13791774038465252,0.12425747289255314,0.11782645520092268,0.17123957812041762,0.0010959745000000104
2.938,0.19198740217877122,0.13815346126385675,0.12447472717389638,0.11789442400329173,0.1714440226898677,0.0010806805000000085
2.94,0.1922365956417959,0.1383891636939039,0.12471873585081124,0.11780800604387243,0.1715619111582099,0.0010824305000000085
2.942,0.19248616765664284,0.13862471315037742,0.12485327899610595,0.11774145042961646,0.1716140740887801,0.0010777895000000082
2.944,0.19273594237156422,0.13886015110760264,0.12492143592529921,0.11769650679562445,0.17163284320179256,0.0010624965000000097
2.946,0.19298594143404177,0.13909557985576296,0.1250776265522121,0.11773224136467778,0.17177104913426297,0.0010376155000000069
2.948,0.19323628517461608,0.13933106747942722,0.12526611402212692,0.11775538229960728,0.17192419661796057,0.0009978205000000112
2.95,0.19348685876449292,0.13956666076578386,0.12530747585469243,0.11783790405700957,0.1720108576155102,0.0009761355000000089
2.952,0.193737380610714,0.13980256999917318,0.1252143703663996,0.1180713293323359,0.17210310094986322,0.000982147500000008
2.954,0.1939879278826802,0.1400387843356406,0.12533290159979252,0.11814300713504823,0.17223851589680902,0.0009870935000000085
2.956,0.1942387678170825,0.14027510069114071,0.125507032802528,0.11817334836508486,0.17238606540759188,0.0009760605000000097
2.958,0.1944898017677798,0.14051159275350078,0.12552691789474701,0.11831871399495361,0.17250021796384546,0.00097887650000001
2.96,0.1947409435878833,0.1407482677860968,0.1256149022087684,0.11835631860109998,0.17259003971760228,0.0009955405000000082
2.962,0.19499232768583985,0.14098491565352644,0.12576919574776838,0.11829154882849849,0.1726579888776813,0.0009972905000000083
2.964,0.19524393443617125,0.14122165304208312,0.12583755458365237,0.11844583972820998,0.17281350379097837,0.0009969105000000086
2.966,0.1954957192140961,0.1414587258962376,0.1259472233411547,0.11862701442624128,0.17301754714198894,0.0009805515000000068
2.968,0.19574775191167457,0.14169602645585228,0.1260854742373486,0.11867354518846723,0.1731501000324755,0.0009652575000000085
2.97,0.1960000557872373,0.14193348290405067,0.12621840132535522,0.11878290300988922,0.17332184767243045,0.0009733995000000094
2.972,0.19625271885655243,0.14217116335999258,0.12644466798980686,0.11889755293205861,0.17356521009777323,0.0009900635000000076
2.974,0.19650566568892602,0.14240901943499965,0.1265021643837589,0.11895852207498273,0.1736488628469525,0.0009907485000000076
2.976,0.1967586216393719,0.14264702268127064,0.1264537860621522,0.11904472419604512,0.17367269897242055,0.0009701285000000099
2.978,0.19701161543059803,0.14288518025091293,0.1265400051639379,0.11911284544622304,0.17378217071145488,0.0009718795000000101
2.98,0.19726483547933055,0.14312344529261664,0.12668004356859955,0.11915219625751755,0.1739111247492013,0.0009736305000000099
2.982,0.1975183538002912,0.14336204568658975,0.12683827739203296,0.11944819771555944,0.1742292184143454,0.0009594025000000083
2.984,0.1977722246653198,0.14360142651206537,0.12703258763659078,0.11993262776007711,0.17470292934889597,0.0009568925000000086
2.986,0.1980264534723368,0.14384160391917572,0.12719621938037487,0.1202447793502582,0.17503623963526163,0.0009565125000000086
2.988,0.19828096093874262,0.1440822567012021,0.12731124702547064,0.12040800267613351,0.17523196263135382,0.0009508055000000092
2.99,0.19853567332382002,0.14432322697995106,0.12740113805190886,0.12056227607281651,0.17540328499996677,0.00095575150000001
2.992,0.19879060657822997,0.14456430115121188,0.12753211635807563,0.12051189518803776,0.1754638355461955,0.0009521755000000103
2.994,0.19904585009030898,0.14480510220949266,0.12771139572089993,0.12028916309271541,0.17544139578368095,0.0009219675000000069
2.996,0.1993013804446367,0.14504553864183753,0.12781895860682524,0.12014726925218705,0.17542249709798008,0.0009002815000000091
2.999,0.19968514420453826,0.14540593575540864,0.1280235479942163,0.12011747312854724,0.17555123523295035,0.0008773405000000084
3.001,0.19994128657647442,0.14564634113076014,0.12811882394196325,0.12028790222297626,0.17573733942869418,0.0008609815000000101
3.003,0.2001975261584561,0.14588707847236942,0.12812075803969758,0.12044943938627342,0.17584935623747472,0.0008701885000000112
3.005,0.20045381793370018,0.14612798089656134,0.12817101720440077,0.1204529848056585,0.17588840552976479,0.0009038965000000075
3.007,0.20071019059124412,0.14636900888955018,0.1282016403395094,0.12057500818315253,0.17599429872614686,0.0009024505000000075
3.009,0.20096666758161866,0.14661029166020367,0.12827535003505847,0.12070776247037361,0.17613894897841564,0.0008914175000000086
3.011,0.2012234032770335,0.14685184522508693,0.1284603453797608,0.12084580241286867,0.1763682746298141,0.0008931685000000088
3.013,0.20148049286196562,0.14709373411521562,0.12862923955237932,0.12104308771583967,0.17662647126523204,0.0008917235000000089
3.015,0.20173785560430227,0.14733599968415453,0.12873350278422632,0.12122248122304106,0.17682535082099216,0.0009030615000000102
3.017,0.20199542690789773,0.14757865993574434,0.12883780081125557,0.1214377703667868,0.1770488943471187,0.0009175955000000086
3.019,0.202253237112196,0.1478215192006628,0.12897240348699637,0.12142149455163861,0.17713571125091124,0.0008969755000000063
3.021,0.2025113847364275,0.14806436560339947,0.1291752207445165,0.12142490818505322,0.17728577490070424,0.0008507885000000112
3.023,0.2027698824398238,0.14830731221795637,0.1293224826517769,0.12152170637182877,0.17745937461498082,0.0008344285000000095
3.025,0.20302857219977685,0.14855026405401023,0.12936727730129474,0.12143012968205874,0.17742933475316783,0.0008500265000000078
3.027,0.20328734254695166,0.14879300223041536,0.12940306987349484,0.12130804672305019,0.1773719163014436,0.0008773425000000108
3.029,0.20354634254204482,0.14903562892285502,0.12959692521969537,0.12131864571663387,0.17752063774366472,0.0008769615000000109
3.031,0.20380570710426166,0.14927849401366622,0.1297676369971032,0.12154644509454086,0.1778009502981696,0.000876580500000011
3.033,0.2040652586520406,0.14952172509421535,0.12978391078184356,0.12168463545461145,0.17790731857782358,0.0008964405000000086
3.035,0.20432490901653974,0.14976507095584335,0.1298664537172847,0.12166122617335623,0.177951537658735,0.0009173665000000111
3.037,0.20458476396588263,0.15000838252443122,0.12998849562563927,0.12165034241454263,0.17803318456004855,0.0009468145000000078
3.039,0.20484480922594822,0.15025174955455547,0.1300567644399236,0.12171668770968644,0.17812836395026793,0.0009602835000000093
3.041,0.20510488144988206,0.1504951596364036,0.13001545949393997,0.1216933941384873,0.17808228964264122,0.0009556425000000099
3.043,0.20536490525210394,0.15073861284157172,0.13000834272790046,0.12175981102959166,0.1781224880828277,0.0009541965000000097
3.045,0.2056250262120953,0.15098231185010041,0.1301126172634943,0.12193919749911837,0.1783212299696409,0.0009719255000000078
3.047,0.20588530175277667,0.15122624045335764,0.13016292341783514,0.12198940575807447,0.17839226931087945,0.0009821985000000092
3.049,0.2061456025347336,0.15147028390538503,0.13013785853912682,0.12205404626932856,0.17841819536096978,0.0009711665000000101
3.051,0.20640595912139814,0.15171449782025506,0.1302187281253748,0.12215986860068816,0.17854957477162378,0.0009409595000000069
3.053,0.20666650792210003,0.1519588838637411,0.13033007257656015,0.12222617488537475,0.1786761473866102,0.0009395145000000069
3.055,0.2069272721652212,0.15220333072806955,0.13043417054457912,0.12222068944304662,0.17874834201632753,0.0009817455000000117
3.057,0.20718827710852442,0.1524479658184241,0.13057077275867857,0.12241440091152103,0.17898048007904402,0.0009920185000000105
3.06,0.20758021642472985,0.15281607302885292,0.13072210471159917,0.12299040604101008,0.17948512093865282,0.0009658825000000093
3.062,0.20784179355742136,0.15306216140392462,0.13085502797994267,0.12309796903071232,0.1796556381723596,0.0009740245000000086
3.064,0.20810367947839753,0.1533083230652229,0.1310308929962026,0.12306369226754339,0.17976030505621343,0.0010002755000000114
3.066,0.2083658867811424,0.1535545831242873,0.13117640974868577,0.1231963667968785,0.17995720398613146,0.0009998955000000114
3.068,0.20862839587087767,0.15380109236972303,0.13133267998654186,0.12331287863883358,0.18015087807347238,0.0009899285000000103
3.07,0.20889126950425485,0.1540477861268978,0.1315409533906575,0.1233808785359664,0.18034928224761534,0.0009895485000000104
3.072,0.20915444469996133,0.15429450112547974,0.13163424231580914,0.12333412004594849,0.1803853622597066,0.0009753195000000088
3.074,0.20941783517355972,0.15454110463118872,0.13175623128260705,0.12326938566306885,0.1804301691057963,0.0009781345000000085
3.076,0.20968148596476188,0.1547877671131918,0.1318945599195289,0.12339309633998666,0.18061570020553425,0.0009926675000000102
3.078,0.20994526260420737,0.1550346376774101,0.13188207952599582,0.1234774678783269,0.18066424099346373,0.0009986785000000095
3.08,0.21020900896722,0.1552817469900163,0.13186428348660595,0.12363184472782636,0.18075680427093566,0.0009919065000000087
3.082,0.2104727378813331,0.15552936606330234,0.13186463062653037,0.1239872285582422,0.1810003139660953,0.0009616985000000121
3.084,0.210736487205433,0.15577767614277085,0.13188469347333562,0.1243228509102396,0.18124498236090664,0.0009368175000000093
3.086,0.21100035182408072,0.1560264312426941,0.1319799251744179,0.12443224901303557,0.1813893195408347,0.0009332425000000097
3.088,0.21126432792169184,0.1562753962373896,0.13199617243666079,0.12453274568241372,0.18147009198523437,0.0009296675000000093
3.09,0.21152828445953864,0.15652455868546664,0.13196036541017758,0.12462970239464817,0.18151060783922843,0.0009133085000000111
3.092,0.21179225176194783,0.15677371394598547,0.13200693699896413,0.12452555812415124,0.18147298984140822,0.0009001445000000095
3.094,0.21205636071233047,0.15702270754226139,0.1321020133836982,0.12446803815178438,0.18150271199456175,0.0008773935000000121
3.096,0.2123206329268456,0.15727162381470558,0.13217020113140826,0.12444823429237159,0.18153877019966266,0.0008706215000000113
3.098,0.21258507210826533,0.15752058840006708,0.13226898028832518,0.12451635106916743,0.18165738308721038,0.0008926115000000089
3.1,0.21284977536102445,0.15776980223582293,0.1324342724707645,0.1246974846866557,0.1819018944707268,0.0009071445000000104
3.102,0.2131147697274,0.15801939452689545,0.13256009390482942,0.12489480638589233,0.1821287763046431,0.00091102450000001
3.104,0.21337999055609116,0.158269324047692,0.1326607347862961,0.12503471441062375,0.1822979713594922,0.0009202315000000109
3.106,0.21364533196094115,0.15851960345815463,0.13268067006372591,0.12524469605204527,0.1824565540004757,0.0009145255000000116
3.108,0.2139107544016746,0.15877017535852933,0.1327417706696762,0.12532720432261157,0.18255762329698133,0.0009130805000000115
3.11,0.21417634932818422,0.1590209409472542,0.13285315583997948,0.12543838440228672,0.18271493999697375,0.0009212225000000104
3.112,0.21444217958744127,0.15927192888298242,0.13297710341705168,0.12554955132590323,0.18288138197018544,0.0009314945000000116
3.114,0.21470831670733626,0.15952285550467646,0.13316001647794978,0.1253770703681685,0.18289614474480465,0.0009588105000000086
3.116,0.21497472101306608,0.15977351982085017,0.13324428925183926,0.12528724580549958,0.18289596654862425,0.000997844500000013
3.118,0.21524125992964635,0.1600241750309265,0.13329462732844416,0.12536796427087113,0.18298793441112787,0.0010038555000000122
3.12,0.2155079211111883,0.1602750437087494,0.13336655421347335,0.125500713552001,0.18313128319551722,0.0009747135000000089
3.122,0.2157747098991777,0.1605260845700559,0.13342223377596513,0.12554014775454447,0.18319885688508308,0.0009636815000000101
3.124,0.2160416369134178,0.16077714683811156,0.13350478046409886,0.1255221203010875,0.1832466345984229,0.0009611715000000099
3.127,0.21644241766499417,0.16115357967715097,0.1336823872535113,0.12543310572521818,0.18331515123871112,0.000951015000000011
3.129,0.21670998519954995,0.16140438287458822,0.13388514730224502,0.12537009171200184,0.18341998954317817,0.0009602230000000121
3.131,0.21697791166051145,0.16165513547161994,0.13404131365927685,0.1253825053197413,0.1835424921040346,0.0009747570000000103
3.133,0.21724612168110222,0.16190585548754297,0.13416870693145905,0.1253375106032498,0.18360482968560357,0.0009594630000000087
3.135,0.2175146528086684,0.1621563903257517,0.1343624206347593,0.12519732760550525,0.18365083968877519,0.000929255000000012
3.137,0.21778354087947382,0.16240667354725802,0.13452565017060966,0.12508589390078823,0.18369439677568966,0.000928875000000012
3.139,0.21805269453308987,0.1626568937014853,0.13462800344545806,0.12513426032653271,0.18380229165921388,0.0009434090000000105
3.141,0.21832199369892843,0.16290725013044077,0.1346711623930808,0.12522216862890317,0.18389375600174412,0.0009462250000000108
3.143,0.2185914365271809,0.16315768539863107,0.13477166585942418,0.1252130995614315,0.18396119759423518,0.0009458450000000108
3.145,0.21886107505777658,0.1634081868927526,0.13486686473621556,0.12528839456007335,0.18408219092355807,0.0009412040000000105
3.147,0.21913081253245928,0.16365892880642535,0.1348706099465053,0.12545351911271116,0.18419735851826366,0.0009386940000000106
3.149,0.2194006076892737,0.16390993271719387,0.1349245468678888,0.12555039165578152,0.18430283283885043,0.0009361840000000103
3.151,0.21967061121131704,0.1641611069451313,0.13507897517549142,0.12562383628168314,0.18446592578736093,0.0009443260000000093
3.153,0.2199409487461623,0.16441245855241732,0.13525855966973874,0.12572777100430846,0.18466821698831692,0.0009279670000000077
3.155,0.22021152157891496,0.1646639930172238,0.13531427308295818,0.1258066938021905,0.18476275789619373,0.0009030860000000103
3.157,0.22048210711075406,0.16491567464973936,0.13527125875611343,0.1258749387133421,0.184777741196149,0.0009048360000000107
3.159,0.2207525904626762,0.1651674963751541,0.1352120931660734,0.12594678670143675,0.1847833954087004,0.0008895420000000124
3.161,0.22102295191548027,0.165419486927497,0.1351493596379579,0.12604376564142777,0.18480362622963126,0.0008934230000000128
3.163,0.22129330992350515,0.16567163902114881,0.13520864838695976,0.12610832801041866,0.1848910192308211,0.0009015650000000118
3.165,0.2215637847305978,0.1659239399837708,0.13526615870565822,0.12619263461155442,0.18499058008771582,0.0008798800000000094
3.167,0.22183426333946046,0.16617648324778564,0.13521245015705494,0.1263506294033175,0.18505914791787126,0.0008603260000000116
3.169,0.22210473318595075,0.16642927062021826,0.13525739633321696,0.12643674302927688,0.18515078517438788,0.0008705990000000128
3.171,0.22237548500538462,0.16668226056251034,0.13549442310069026,0.1265531992628424,0.18540348145342245,0.0008915240000000104
3.173,0.22264677003585054,0.1669354025911136,0.13579060736518545,0.12658882934041288,0.18564433942994904,0.0009135140000000129
3.175,0.22291858454062996,0.16718853157295555,0.13602389741427778,0.12654015250154202,0.1857818905676317,0.0009301780000000111
3.177,0.22319084419723056,0.1674416834757288,0.13623575918630726,0.12661175027167357,0.18598579888778105,0.0009319290000000113
3.179,0.2234635347770663,0.1676950001048048,0.13645482064945055,0.12670487880433315,0.1862096785650372,0.0009443330000000101
3.181,0.22373660066555393,0.16794850843287606,0.13661106783815222,0.1268034492669159,0.1863912514091462,0.00094501900000001
3.183,0.22400989822195957,0.1682021529524389,0.13668648856752652,0.1268410702959362,0.18647212464799984,0.0009350520000000113
3.185,0.22428333036734707,0.16845576683327226,0.13674565681993084,0.126772810537403,0.18646908631370127,0.000915497000000009
3.187,0.22455699216108305,0.16870927640101294,0.1369161369160694,0.12673675720329944,0.1865696496604631,0.0009172470000000088
3.189,0.22483110446832538,0.16896278555185565,0.13719617032622625,0.1267723936393911,0.18679943506671431,0.0009509550000000126
3.191,0.2251057104647378,0.16921639833952665,0.13740982608620522,0.12684039403164807,0.18700252902874043,0.0009708150000000105
3.194,0.22551828348252556,0.1695971978415569,0.13763885243896937,0.12702594065518275,0.18729667188727725,0.0009718425000000105
3.196,0.2257936206364533,0.1698514758191073,0.1376983014887422,0.12725203689519685,0.1874937415671816,0.00096720050000001
3.198,0.2260690067297693,0.1701062473390573,0.13768779182727925,0.12751948305480862,0.18766764925484042,0.0009817335000000082
3.2,0.22634440049083437,0.17036151603112973,0.13770596923777648,0.12774920901758283,0.18783714853120378,0.0010154415000000123
3.202,0.22661989871171773,0.17061714179731627,0.13779225164559625,0.12787655716898416,0.18798701680423519,0.001019322500000012
3.204,0.22689561078801831,0.1708730311920809,0.13791982465497007,0.12801283759561924,0.18817323035474542,0.0010114855000000113
3.206,0.22717156902726718,0.17112918418144946,0.1380384145939212,0.12814015177296798,0.1883467610552476,0.001039867500000008
3.208,0.22744773742306346,0.17138549131213054,0.13812998120231654,0.1281669789081028,0.18843212621361144,0.0010682495000000113
3.21,0.22772410520110553,0.17164194182168013,0.13823779683979354,0.12828353064151166,0.18859043641969678,0.0010582815000000126
3.212,0.22800074970741907,0.17189869537285882,0.13840670947370912,0.1284700205371341,0.18884110623524578,0.001028073500000009
3.214,0.2282776026908908,0.17215571075718497,0.1384462739980748,0.12854536378904516,0.18892136283546115,0.0010255625000000093
3.216,0.22855445561637086,0.17241267049927425,0.13840665148192868,0.12841437830021213,0.18880321429644692,0.0010358345000000106
3.218,0.22883128490235605,0.17266933411124585,0.13842263450329553,0.128249233671426,0.18870265414175014,0.0010343885000000104
3.22,0.22910817333784528,0.17292591868789295,0.1384658009858938,0.12833534297563995,0.18879284493682563,0.0010372035000000112
3.222,0.22938516984301174,0.17318286571654967,0.13853070418061003,0.1286116856811187,0.18902836214313065,0.0010410835000000105
3.224,0.22966226896706837,0.17344011058667194,0.13856841987600027,0.1286331844411105,0.1890706299941698,0.0010385725000000103
3.226,0.2299394774025112,0.17369718482925997,0.13864001556685474,0.12844105814694715,0.1889924848619256,0.0010360615000000106
3.228,0.2302168364598907,0.1739541171196828,0.13871904181261474,0.12849123227585293,0.1890845560408812,0.0010378115000000108
3.23,0.23049440206803007,0.17421118560353074,0.13884656632679826,0.12857725157210503,0.1892365678260372,0.0010587365000000084
3.232,0.23077232485926952,0.1744682608846317,0.13907622491262145,0.12849802952881284,0.18935136632391575,0.0011009665000000133
3.234,0.23105067657086165,0.17472528364573953,0.13927548667953824,0.12852473157905542,0.18951587748072843,0.001119760500000011
3.236,0.23132947194222675,0.17498259668162672,0.1395198846855357,0.12878830430811097,0.18987423613861826,0.0011183145000000106
3.238,0.2316087595197031,0.1752402753219623,0.1397676927908469,0.12889033602749891,0.19012555501393846,0.0011094125000000118
3.24,0.23188843674793524,0.17549809891370222,0.13990953544124382,0.12893325571239597,0.19025893549576786,0.0011090325000000117
3.242,0.2321683546055712,0.17575602813509913,0.14000832219473566,0.12899596568455438,0.19037407766467482,0.0011203695000000105
3.244,0.23244846082469361,0.1760138691958427,0.1400978969276479,0.12884509505898534,0.19033780298277278,0.001124249500000011
3.246,0.2327287642165763,0.17627147490549572,0.14020549495504442,0.12876061459407218,0.19035986101652885,0.0011313255000000102
3.248,0.2330092398366738,0.1765290086255729,0.14027012514241619,0.1287731054830727,0.19041591504709807,0.0011320105000000105
3.25,0.2332897443318821,0.17678667872372159,0.14023437006593434,0.1288969926656488,0.19047339254089463,0.0011486745000000085
3.252,0.23357023468921242,0.17704454088903684,0.1402559872644334,0.12896517264963447,0.1905354500350812,0.0011525555000000082
3.254,0.23385086504822925,0.17730240289388768,0.14037437175234815,0.1288968322011752,0.19057638257760157,0.0011180875000000043
3.256,0.23413169091007946,0.1775601408315341,0.14045149009789085,0.128841105445265,0.19059551810857417,0.0010900105000000073
3.258,0.23441264603353176,0.17781790555021398,0.14050363335439295,0.12892361323460635,0.19068971926994924,0.0011024135000000086
3.261,0.23483432656281109,0.17820470042939907,0.14061671949848137,0.12893963955544616,0.19078388939111962,0.0011673575000000112
3.263,0.23511561213861495,0.17846265323770183,0.1406688563054088,0.12901316874735955,0.1908720116845485,0.0011669775000000113
3.265,0.23539697177198185,0.17872101339628274,0.14069077706146044,0.12934698983352313,0.19111394122133293,0.0011261175000000067
3.267,0.2356784216867688,0.17897984550419943,0.14075913772552295,0.12948511808320418,0.1912577597334395,0.0011236065000000072
3.269,0.23596013387749157,0.17923887654726392,0.1409530529972099,0.12954592498124373,0.1914416616843896,0.001132813500000008
3.271,0.2362421317069753,0.17949813162774308,0.14104477648655367,0.12970915549795034,0.19161965972763165,0.0011398905000000073
3.273,0.23652415660106796,0.1797575123204111,0.14098011760606824,0.12967153717003557,0.19154660297760634,0.0011395105000000072
3.275,0.23680617780228327,0.1800168032737604,0.14104108360928266,0.12961941617930714,0.19155620667664383,0.0011455215000000065
3.277,0.23708842164571992,0.18027616037941013,0.14120275982733588,0.12973768947039296,0.1917552801149747,0.0011898815000000115
3.279,0.23737102820680742,0.1805356498767821,0.14140380126018945,0.1297518079016229,0.19191291427251791,0.0012012185000000104
3.281,0.23765400089396044,0.18079511739689516,0.14156888589279587,0.1297157122113969,0.19201019620696555,0.0011869895000000087
3.283,0.23793724651456488,0.18105468151428988,0.14167673471168868,0.1298484051833573,0.1921793575991645,0.0011727605000000103
3.285,0.23822071145907728,0.18131454152627935,0.1417882098006729,0.1300116068060737,0.19237181275534299,0.001188359500000012
3.287,0.23850438489854475,0.18157464359608977,0.1418852296668316,0.13009046300438187,0.1924966154567503,0.0012412435000000062
3.289,0.2387883187475426,0.18183486918928998,0.1420486193310024,0.13013513019580297,0.19264724852673765,0.0012589735000000084
3.291,0.23907264413558588,0.18209529890697834,0.14227676871228187,0.13029458749258715,0.19292319312377038,0.0012553975000000085
3.293,0.23935742045323816,0.18235606010987992,0.14249954893996908,0.13046661540895677,0.19320367280246842,0.001260343500000009
3.295,0.23964268693335455,0.18261694992858082,0.14276693117644879,0.13042320329197438,0.1933716850898304,0.0012482455000000104
3.297,0.2399285365425686,0.18287767389270165,0.1430826780375705,0.13030076082881906,0.19352245613099314,0.0012244295000000075
3.299,0.2402148796091437,0.18313828955576242,0.14326038853757028,0.1303149022319707,0.19366340043400992,0.0012251145000000076
3.301,0.24050145783333804,0.18339892826494844,0.1433178356567384,0.13032380695401702,0.19371189090068727,0.0012226035000000074
3.303,0.2407881599760019,0.1836596260546368,0.1433843070071536,0.13037398273434478,0.19379482673677567,0.0012222235000000077
3.305,0.24107504922381837,0.18392068079456278,0.1435049408092854,0.13068075719161473,0.19409051583436598,0.001236757500000009
3.307,0.24136226209167025,0.1841821766728093,0.1437079270426275,0.13081512105494822,0.19433106851841758,0.0012385075000000089
3.309,0.24164990037154485,0.18444369535692598,0.1439303528319531,0.13070356306167719,0.19442059526538935,0.0012423875000000092
3.311,0.2419380051706198,0.18470509500210897,0.14417444624303521,0.13069608212133624,0.1945963433144439,0.0012324195000000102
3.313,0.24222646010143825,0.184966601907286,0.14428048457536918,0.13081082305568195,0.1947519695864673,0.0012149955000000082
3.315,0.24251502821850457,0.1852281966219237,0.14428763249099083,0.13078389158203402,0.1947391773300803,0.0012082245000000092
3.317,0.24280369131965598,0.18548967096654523,0.1443754686603899,0.1306904530394758,0.19474154786940215,0.001196126500000008
3.319,0.2430925499489011,0.18575105174497863,0.14448316058473548,0.130690325393955,0.1948213151688806,0.0011744405000000103
3.321,0.2433815576440891,0.18601251132111785,0.14452453460327194,0.13076925074521403,0.19490494617314616,0.0011655375000000092
3.323,0.2436706284457201,0.18627421492500382,0.14454626702774895,0.13093435314077675,0.19503186443258685,0.001176874500000008
3.326,0.24410448970321158,0.18666730849428317,0.14469457129990046,0.13112802637879084,0.1952718061207476,0.0011651190000000076
3.328,0.24439409965659165,0.1869296001900159,0.1449153820802012,0.13116366935396606,0.1954593976299099,0.0011508910000000091
3.33,0.2446842427119765,0.18719191281036224,0.14522767330463474,0.1311489509923405,0.19568118059708514,0.00115690300000001
3.332,0.24497482569396703,0.18745438287282004,0.14535530868592192,0.13132111146550157,0.19589129659000762,0.0011575880000000097
3.334,0.2452656153852515,0.18771711115854417,0.14543438259849492,0.1314071742585871,0.19600766589200558,0.0011550770000000096
3.336,0.2455565199064571,0.18797980341465165,0.14547013860715774,0.13128508184892299,0.195952376720631,0.0011546970000000096
3.338,0.24584739925935267,0.1882424598025537,0.14540921428836687,0.1313713060530943,0.19596494496224565,0.0011734920000000116
3.34,0.24613833260328857,0.18850523997176405,0.1455241296475767,0.13140886315728412,0.19607539780904318,0.0011837650000000107
3.342,0.24642958888706123,0.18876790309553218,0.14573215412503943,0.1312542606108262,0.19612634110292002,0.0011663410000000084
3.344,0.24672112670366075,0.1890303415311538,0.14580566247450844,0.13118417501081733,0.19613408419471368,0.0011723530000000077
3.346,0.24701282775016523,0.18929269182535802,0.14589538402991878,0.13116611919337293,0.1961887201280634,0.001185822000000009
3.348,0.24730468305942208,0.18955496116607812,0.14595992522695517,0.13110322152674445,0.19619468511391683,0.0011662670000000112
3.35,0.2475965401035352,0.18981718024624114,0.14589711888615423,0.13111585863623604,0.1961564112773224,0.0011456460000000086
3.352,0.24788832009823472,0.19007951249186375,0.14588287581339596,0.1312163869863983,0.19621303134438076,0.0011410040000000093
3.354,0.24818015597954846,0.19034205826201692,0.145953005500309,0.13132938316673431,0.19634074130839005,0.0011523410000000105
3.356,0.24847217875593997,0.19060480304753244,0.14606977089121911,0.13141540234882482,0.1964850781680806,0.0011604830000000097
3.358,0.24876430950167003,0.1908677882214717,0.14606097483880406,0.13156977159041022,0.19658182308447153,0.0011590380000000096
3.36,0.2490565033597296,0.19113102639941992,0.1461328832207988,0.13166840635783034,0.19670126789432332,0.0011586580000000097
3.362,0.24934900956343078,0.19139429831857807,0.1463733204803692,0.13160351280029914,0.19683656553046072,0.0011497560000000087
3.364,0.24964194626195732,0.19165733102346508,0.1465633780461907,0.1314291920867223,0.19686151558107837,0.0011365930000000102
3.366,0.24993510699942612,0.19192008346970982,0.14659735942258126,0.13132325415798934,0.19681611436139404,0.0011021250000000063
3.368,0.25022835550724765,0.19218267786607685,0.14665114839896204,0.13127114220906003,0.19682142186155868,0.0011092020000000055
3.37,0.2505217207438868,0.19244532238850895,0.14671408824012333,0.1313733802230218,0.19693650936114754,0.0011375840000000088
3.372,0.2508151958460315,0.1927082970449244,0.14676101390462581,0.1316012761924617,0.19712354272840765,0.0011212250000000106
3.374,0.25110886513737496,0.1929715748179937,0.14690827743879228,0.13167649687683064,0.19728340480077677,0.001097409000000008
3.376,0.25140282174923834,0.1932349797093163,0.14704833442462764,0.13172839444579706,0.1974223456458884,0.0010938330000000085
3.378,0.2516970208079166,0.19349851177100155,0.14715072425361023,0.13180366723943185,0.19754883534489623,0.0011009100000000092
3.38,0.25199144274041313,0.1937623271786256,0.14727120824293927,0.1320117403846395,0.19777742130161532,0.00109307300000001
3.382,0.25228610371199905,0.19402643488837745,0.14738976334295328,0.13209596936718387,0.19792192263957967,0.0010777790000000083
3.384,0.25258095131032626,0.1942905011122668,0.1474578349842838,0.13197025452221714,0.19788875960223473,0.0010603550000000102
3.386,0.2528759333284844,0.19455438231962785,0.14752418317381022,0.1319109528387979,0.19789867129402225,0.0010695620000000113
3.388,0.2531710678624927,0.19481821669550795,0.14761035083453836,0.1319234230413393,0.1979712232129702,0.001100074000000008
3.39,0.253466435669562,0.19508199696816256,0.1477574562347256,0.1318568496132403,0.19803659930145617,0.0011060850000000086
3.392,0.2537620619209447,0.19534576259535383,0.14786879514800608,0.13190877757804634,0.1981542484547265,0.001101443000000009
3.395,0.2542057497101438,0.19574206230053917,0.14792306431807098,0.1322910258788303,0.1984493600022976,0.0011072630000000091
3.397,0.25450174497806405,0.19600679316479092,0.14807220360219842,0.1324398383729437,0.1986597298595323,0.001080251000000012
3.399,0.25479802038174104,0.19627164398201097,0.14820320007476137,0.1324109788470866,0.19873815897215955,0.0010489780000000086
3.401,0.25509447532911783,0.19653654306718896,0.14825174730207502,0.13248810633092684,0.19882575008603207,0.0010826860000000048
3.403,0.2553910777495679,0.1968017094283232,0.1483506731479384,0.13267825480327572,0.19902623324850774,0.0011131990000000083
3.405,0.25568785807248656,0.1970670676453309,0.14842964977078676,0.1326799622044749,0.1990862458877039,0.0011021670000000096
3.407,0.2559847746741452,0.19733230545482605,0.14848695188782737,0.13255784729063505,0.1990476268616767,0.0010911350000000085
3.409,0.2562818330430713,0.19759751798014538,0.14857141703827903,0.13265467802872785,0.19917512285340175,0.001093951000000008
3.411,0.2565790944339719,0.19786291515437937,0.14868997386232097,0.13274249620523645,0.1993220475160109,0.00111274600000001
3.413,0.25687657122177737,0.19812832465414296,0.14878681394314275,0.13266700355838057,0.19934404891170124,0.0011081050000000105
3.415,0.2571741790794042,0.1983937752894012,0.14882104368366664,0.1327836316998194,0.1994472258280097,0.0010874850000000083
3.417,0.25747182143088226,0.1986595866546579,0.14882130779441194,0.13302773355693584,0.19961001865871916,0.0010764530000000095
3.419,0.25776957538669676,0.19892569764026727,0.1489326480200512,0.13308325205239133,0.19973003185075794,0.0011005740000000121
3.421,0.258067536022161,0.19919205429669062,0.14902798744423065,0.13327340437100066,0.19992784036825392,0.0011087160000000113
3.423,0.25836564435261505,0.19945887566307127,0.1490803430098176,0.1335479620096222,0.2001499608514785,0.001115793000000012
3.425,0.2586640115533547,0.19972606289061934,0.1492868577298608,0.13363926553845973,0.2003647154179464,0.001152697000000008
3.427,0.2589628618495084,0.19999348828067712,0.14956343842376235,0.1337861245193024,0.20066875498450884,0.00116936100000001
3.429,0.2592621181476561,0.2002612237124263,0.14969285972395602,0.1339493072299103,0.2008740131517984,0.0011625890000000107
3.431,0.2595615184523061,0.20052931615687056,0.14970744492597565,0.13414313721432955,0.20101417942017544,0.0011707310000000117
3.433,0.25986101066873774,0.20079772798050044,0.14978477150571534,0.13426868641559356,0.2011555565396799,0.0011959170000000088
3.435,0.26016068086765143,0.20106638369341168,0.14988542740792973,0.13438702649562373,0.20130949863231304,0.0012093850000000105
3.437,0.26046058301264263,0.20133537476564511,0.15001671758329543,0.1346040457378432,0.20155213887096712,0.0012228530000000088
3.439,0.26076078546026005,0.20160482316229586,0.15018573003408708,0.13484435091287092,0.20183843162040563,0.0012267330000000091
3.441,0.261061316833951,0.2018746498721995,0.15034564365691594,0.1349823589908033,0.2020496221360843,0.0012380700000000078
3.443,0.2613621069172833,0.20214467728874772,0.15044443967534227,0.1350450575573953,0.20216502417556778,0.0012451460000000088
3.445,0.2616630675200855,0.20241471167244748,0.15051616312691873,0.13498932614239179,0.20218118986400843,0.0012671360000000064
3.447,0.26196419322228404,0.2026847225140728,0.15060953907157085,0.13502151548289237,0.20227220002424448,0.001275278000000007
3.449,0.2622655023788281,0.2029550310738305,0.1506996174725656,0.13528704427484092,0.20251656489038217,0.001242940000000011
3.451,0.26256704173510864,0.2032257019148622,0.15083973880791637,0.13538379675682027,0.20268546871429252,0.0012159280000000078
3.453,0.26286884155031004,0.2034965375684083,0.15096007639351364,0.1354518567893202,0.2028204875558926,0.0012038300000000092
3.455,0.2631707402676246,0.2037675274623832,0.15093864092099998,0.13553803718553706,0.20286210303353014,0.0012151680000000106
3.457,0.2634726570522115,0.20403861605132534,0.15097814366592477,0.13555055175664255,0.20289985694016358,0.0012318320000000089
3.459,0.26377478572283397,0.20430977796783611,0.1511505269565242,0.13561136475411487,0.20306876680008804,0.0012399740000000098
3.462,0.2642285848664968,0.20471681759412524,0.15138223548534635,0.13574838610529003,0.20333274588892894,0.0012394040000000097
3.464,0.2645314409510325,0.20498837527839783,0.15147384905034106,0.13580929816734064,0.20344161918061687,0.0012581990000000076
3.466,0.26483447131700627,0.20526007633474463,0.15155651692340905,0.13589175817942936,0.20355821713468628,0.0012588840000000076
3.468,0.26513770126838765,0.20553206073126143,0.1516734344579867,0.1360926383373935,0.20377938298540846,0.0012382630000000098
3.47,0.2654411633030491,0.20580448278928948,0.15178860020342425,0.1363294196906238,0.20402325804892246,0.0012421430000000102
3.472,0.2657448842022758,0.20607722939835899,0.15193229902332386,0.1364171893789249,0.20418881713883882,0.001252415000000009
3.474,0.2660488835085642,0.20635013719837905,0.15206700726501796,0.13649061064112006,0.20433810582396242,0.0012541650000000093
3.476,0.26635310727007705,0.20662312010242861,0.1521567542478547,0.13649229340847846,0.20440602736501734,0.00124632800000001
3.478,0.26665755163646593,0.206895969909414,0.15228761214100722,0.13635751357686793,0.20441352284150766,0.001253405000000011
3.48,0.2669623332600559,0.20716867570427003,0.15249401144904012,0.13634828127919457,0.20456118237732776,0.0012413070000000124
3.482,0.2672675546737535,0.20744141864792162,0.1527274022485265,0.13639466237236297,0.20476611858716787,0.0012004470000000081
3.484,0.26757314958750184,0.20771429934272131,0.15286751149983907,0.13648603242736704,0.20493148396456246,0.0011926100000000089
3.486,0.2678789258825724,0.20798726417803126,0.1529087835706612,0.136478802882547,0.20495745834029175,0.0012103390000000108
3.488,0.2681847720961173,0.20826016251800486,0.15293742997426774,0.1364195370910843,0.20493937539496837,0.00121741500000001
3.49,0.2684906685875968,0.20853307874598262,0.15295906150519428,0.13649669088664163,0.20500688066392603,0.0012106430000000093
3.492,0.2687966083952896,0.20880619415378052,0.15298074618768323,0.13661871691129285,0.20510432105303958,0.0011932190000000112
3.494,0.26910263280574015,0.2090795140775492,0.15304366426279634,0.13670120685735868,0.20520619661024345,0.001174730000000009
3.496,0.2694088637864089,0.20935297016858329,0.15318731640598146,0.13675488417673684,0.20534909849779956,0.0011743500000000091
3.498,0.26971539093239616,0.20962643668069636,0.15333982958126866,0.13671162793630792,0.20543410756008362,0.0011761000000000096
3.5,0.27002222664231573,0.2098997718062423,0.1534958803383382,0.13662349760967543,0.2054920080683004,0.0011522840000000119
3.502,0.2703294086303213,0.2101729934573252,0.1536861076672346,0.13659815347324689,0.205617302827864,0.0011199460000000155
3.504,0.2706368903803951,0.21044623271873825,0.1537956424065421,0.1366411079397476,0.2057277132577007,0.0011121090000000148
3.506,0.2709444924940829,0.2107195687686106,0.15380647128126465,0.13669494193261075,0.2057715669327381,0.0011127940000000146
3.508,0.271252069652143,0.21099306100024445,0.15377068677879568,0.13679728970121727,0.2058128338613053,0.0011092180000000142
3.51,0.2715596882608537,0.21126670754278418,0.15384792193195154,0.13684925283853838,0.20590507785201914,0.001138665000000011
3.512,0.2718675617990268,0.21154040764064544,0.15402561624112363,0.1368508450227038,0.20603893865453196,0.0011457410000000117
3.514,0.2721757495628387,0.21181421686882815,0.15416214757075425,0.13695838316004666,0.20621243042416518,0.0011091410000000157
3.516,0.2724842571340258,0.21208831651245183,0.15434542361629808,0.1371412604635936,0.20647090621401779,0.0010789330000000124
3.518,0.2727930753148717,0.2123625037679573,0.1544727572296238,0.137045995041889,0.2065028752418323,0.0010774880000000125
3.52,0.2731020081117961,0.21263645218202595,0.15446003969473723,0.13690241902673492,0.20639810124580002,0.0010920220000000139
3.522,0.2734108528262522,0.212910275050853,0.1543846747614072,0.1369204498003444,0.2063536706111963,0.001101229000000013
3.524,0.2737195215248307,0.21318399041973354,0.15428402381704107,0.13679491908017788,0.20619507727229985,0.001111501000000014
3.527,0.27418261983080117,0.21359427395119032,0.15444818016327003,0.13672743522432593,0.2062731972379547,0.0010837660000000131
3.529,0.27449167075294933,0.2138679171161985,0.15460274198493168,0.13691572978388455,0.20651374020029042,0.001075929000000014
3.531,0.27480089251043155,0.21414186163489488,0.15461901549723944,0.1370287889124507,0.2066008928929121,0.0010957890000000163
3.533,0.27511013588205085,0.21441587971975165,0.15462435612207776,0.13698929594436826,0.20657869858603728,0.0010900830000000169
3.535,0.27541935232509474,0.21468989424452198,0.15459208692174925,0.13702522882593843,0.20657837900811996,0.0010705290000000147
3.537,0.27572865491180015,0.2149638979133056,0.15471049978372414,0.13697843995772693,0.20663598853196485,0.001041387000000018
3.539,0.2760382105658607,0.21523789593501594,0.15484515427676504,0.13701958175256723,0.2067640867913082,0.0010090490000000142
3.541,0.27634789376489666,0.21551200331060455,0.15483804475921512,0.13708779383606248,0.2068039731815989,0.0009916250000000161
3.543,0.27665766503633904,0.21578623265039318,0.15493322668311707,0.13714154595254088,0.20691087056192825,0.0009869840000000156
3.545,0.27696756756312596,0.21606069339882636,0.1549693001038251,0.13731920248067933,0.20705566243065948,0.0009876690000000154
3.547,0.27727737351373255,0.21633550424300194,0.15483665050273407,0.13749164169488065,0.20707085713556908,0.0009894190000000157
3.549,0.27758701820598985,0.21661059704028002,0.15480804175458662,0.137601155583232,0.20712220501368425,0.0010284530000000114
3.551,0.2778967222614479,0.2168858225925039,0.1548960137034205,0.13762439664063603,0.20720340154521918,0.001057900000000015
3.553,0.2782065072238136,0.21716118267389242,0.15488894866234412,0.1377356847479162,0.20727205617425526,0.0010330190000000176
3.555,0.27851631753490724,0.21743675631894896,0.15492136243122226,0.1378379603085997,0.20736424918384855,0.0010219860000000164
3.557,0.2788263397292402,0.21771241410721956,0.15510083190175938,0.13781982796202621,0.20748632011797868,0.0010322580000000153
3.559,0.2791367602701309,0.21798795840975502,0.15531970898893094,0.13772447457340187,0.20758671175421084,0.0010276170000000147
3.561,0.27944757197248465,0.2182633838485422,0.15549199336483896,0.1377009642138086,0.20770006149730363,0.001034694000000014
3.563,0.27975866186007364,0.21853878925655065,0.15559789422409923,0.13770444379463923,0.2077816607108648,0.0010481620000000154
3.565,0.28006992049489476,0.2188142232062805,0.15566074059706786,0.13772950593523334,0.20784533424734633,0.0010371290000000164
3.567,0.28038124214978105,0.2190898509360616,0.15566091428918125,0.13789822384582195,0.20795730421693837,0.001021835000000015
3.569,0.28069252640719644,0.21936576588395135,0.1556233431262506,0.13801672404395932,0.2080077908195199,0.0010150630000000157
3.571,0.28100378414650645,0.21964207573146433,0.15563439618371147,0.1382931234689916,0.20819955157079043,0.0010253350000000167
3.573,0.28131513568053046,0.21991883420166786,0.15571713784031618,0.1384653467345793,0.20837581256831922,0.0010249550000000168
3.575,0.281626650752798,0.22019579173580342,0.15579793442719245,0.1384921874009518,0.2084540293275237,0.0010149880000000157
3.577,0.28193840284481014,0.22047284415711735,0.15595415758495718,0.1385602339130044,0.20861600535447933,0.0010146080000000158
3.579,0.2822505300756033,0.22074990696684182,0.15617307320818802,0.13850257581142744,0.2087414484516438,0.0010142280000000157
3.581,0.2825631185802482,0.22102696212972484,0.15641543143672829,0.13855258707160617,0.2089559919594862,0.0010063910000000166
3.583,0.28287615581062164,0.221304022225206,0.15662179893668032,0.13850750840954287,0.209080649004114,0.0009921620000000147
3.585,0.28318951778232315,0.2215809491766044,0.1567401727648578,0.13841944298886424,0.209111032601594,0.0009683460000000176
3.587,0.28350310587089106,0.22185784001050246,0.1568479158030223,0.13847139090915772,0.20922618094318104,0.0009487910000000154
3.589,0.28381692737501935,0.2221348149813899,0.15697358832529473,0.1385035799783208,0.20934170415502548,0.0009441490000000161
3.592,0.2842882235854788,0.22255018402191917,0.15722388531433315,0.1384091137078419,0.20946702096207148,0.0009435775000000159
3.594,0.284602809559501,0.22282700032430464,0.15736208870792415,0.13840718867764537,0.20956950360243237,0.0009325445000000171
3.596,0.2849176415117674,0.22310390255000526,0.15746986355844728,0.13849503702293184,0.20970844811094108,0.0009215115000000159
3.598,0.28523280739447493,0.2233808942111924,0.15769601914912984,0.13849662416422653,0.20987936859150721,0.0009179355000000163
3.6,0.2855485045442701,0.22365786923312364,0.15800113064601137,0.1384783977669992,0.21009670138660722,0.000906903500000015
3.602,0.28586470787820767,0.22393487789870528,0.15820220329155893,0.13853026781466388,0.21028212531526838,0.0008990665000000159
3.604,0.2861812505038118,0.22421195266939326,0.1583404223125648,0.13854450287326725,0.21039550521463649,0.0008954905000000155
3.606,0.28649802842486927,0.2244892156903577,0.1584374987449174,0.13871851809121288,0.21058316236102034,0.0008844585000000167
3.608,0.28681497547407103,0.22476694522784715,0.15850955045682694,0.13901101939821417,0.21083012379675736,0.0008702305000000153
3.61,0.2871321436005988,0.22504502636882012,0.15865857607098693,0.13907012157478166,0.21098114246467076,0.0008602635000000164
3.612,0.2874496294492011,0.22532314133976764,0.1588272725312597,0.13904484937269007,0.21109138456316287,0.0008492315000000151
3.614,0.287767427641759,0.22560129912182247,0.15897092002669305,0.13911293268216754,0.21124431697341947,0.0008445905000000157
3.616,0.28808547739410734,0.22587978156143235,0.15907883232163228,0.1393695069276739,0.21149452558890722,0.0008591235000000172
3.618,0.28840375365323645,0.22615867483218563,0.15919742680751942,0.13952376382563475,0.21168538299610345,0.0008630045000000168
3.62,0.2887222724115241,0.22643779225392824,0.15932133148011263,0.1395936579169288,0.21182463500552637,0.0008445155000000147
3.622,0.2890410229194622,0.22671716255568877,0.1594291764580372,0.1397766438436363,0.2120263485283815,0.0008270915000000166
3.624,0.28935994236571577,0.2269967983569308,0.15949026979551456,0.13985915739834698,0.21212668400656626,0.0008192545000000157
3.626,0.2896789749197336,0.22727647175835541,0.15954228422235545,0.13981424402631115,0.21213619042383064,0.0008135475000000165
3.628,0.28999810799695425,0.22755615584790245,0.15959079299824894,0.13986984552068588,0.21220931858848818,0.0008302115000000181
3.63,0.29031748172334054,0.22783600126930717,0.15978293338809427,0.1399755758840678,0.2124235101070044,0.0008681815000000141
3.632,0.2906374245393251,0.2281159808062759,0.16015988259642003,0.14000396108464214,0.21272587316236133,0.0008976295000000173
3.634,0.2909579669961191,0.22839612852832927,0.16038257419758675,0.14014376096876865,0.21298554844100523,0.0009057715000000164
3.636,0.2912788668693914,0.22867653618443154,0.16051729907472667,0.14026389513345347,0.21316604696868044,0.0009043255000000163
3.638,0.2916000235864598,0.22895713924834804,0.1606394179937219,0.14033916878307726,0.21330753598522192,0.0009018145000000166
3.64,0.2919212343905761,0.22923800969907515,0.16057138612252947,0.14053128194400868,0.21338278104415292,0.0009099565000000176
3.642,0.29224238989452644,0.2295192553268577,0.1605841178278761,0.14071434583859135,0.21351296453222668,0.0009255555000000158
3.644,0.29256376287896785,0.22980082741912888,0.16078886661348282,0.14085774643255308,0.21376146602441187,0.0009251755000000158
3.646,0.2928854465155813,0.23008254819904134,0.16089476999998123,0.14086303347992424,0.21384461932560547,0.0009184035000000165
3.648,0.29320727918082745,0.23036432627826353,0.16093789524615632,0.1409150457422381,0.21391132799082857,0.0009222845000000169
3.65,0.2935292340195924,0.23064623706668197,0.16101694351883394,0.1409957426762308,0.21402396023102005,0.0009272315000000164
3.652,0.29385145457094813,0.23092822658369488,0.16120360783682627,0.1409937743366634,0.2141631331049003,0.0009289825000000165
3.654,0.29417415621170984,0.23121028565074422,0.16149803292489356,0.14106529271270546,0.21443188066780386,0.0009435165000000151
3.656,0.2944974196187757,0.23149231726541808,0.1617653741409253,0.14096632196112885,0.21456826465766596,0.0009473975000000155
3.658,0.29482113696621876,0.23177417973297498,0.16195197330219,0.14089614559580965,0.2146629113289691,0.0009406255000000162
3.661,0.2953073526577875,0.23219723936896505,0.16219182107698799,0.14114361173088671,0.21500629283048667,0.0009432505000000163
3.663,0.29563177771583166,0.23247966834862632,0.16223323696721437,0.14128536793040472,0.2151306076970224,0.0009471315000000158
3.665,0.29595614016590804,0.23276232174691786,0.16212921310911924,0.1413680303610911,0.21510648932925427,0.0009446215000000155
3.667,0.2962804076200116,0.23304511343872988,0.1621382409945077,0.14142366145095853,0.2151498575667397,0.000967677500000013
3.669,0.2966047219817303,0.23332815457095893,0.16217612072413992,0.1416174707780533,0.21530583401920067,0.0009630365000000125
3.671,0.29692906908485084,0.2336116461839334,0.1621709823964246,0.14187414219645117,0.2154708791354421,0.0009434815000000146
3.673,0.29725350244572757,0.2338952418173695,0.16226237848024155,0.14172149123961528,0.21543922704383597,0.0009388395000000141
3.675,0.2975780035529411,0.2341783473858664,0.16223872873332162,0.14138407725729935,0.21519958736694247,0.000938458500000014
3.677,0.29790228695942506,0.23446090034104264,0.16204467775057366,0.14116887791889213,0.21491191144319186,0.0009657745000000172
3.679,0.2982263296226896,0.2347432112184993,0.1619979855139853,0.14114199953781115,0.2148590499469847,0.0009749815000000162
3.681,0.29855053391580916,0.2350256152707501,0.16220630760554702,0.1412620527129549,0.21509498776982922,0.0009735365000000159
3.683,0.29887507936879776,0.235308157196602,0.16233914538308936,0.14127987313897383,0.21520687878847264,0.0010029845000000127
3.685,0.2991998330550064,0.23559072583737684,0.1624145408255377,0.14128876763582104,0.21526959592942815,0.0010516065000000182
3.687,0.29952486322807037,0.23587336418275429,0.16261563223847733,0.1413495777416606,0.21546124239887196,0.0010959665000000133
3.689,0.29985016813612614,0.23615611172031994,0.1626892758172757,0.1413979598239597,0.21554856415278606,0.0011243485000000165
3.691,0.30017554688867976,0.2364390853326637,0.1626894767363843,0.1415756525198345,0.21566532226386198,0.0011314255000000155
3.693,0.30050102111218524,0.23672236217087347,0.16278474676908206,0.14170118568990342,0.21581960014465476,0.001133175500000016
3.695,0.3008266013360715,0.23700573042680542,0.16279547711719064,0.14166707024207437,0.2158052968784283,0.0011285345000000167
3.697,0.30115207741837835,0.23728906469629296,0.16268060518962896,0.1416671992454284,0.21571873967485497,0.0011175025000000152
3.699,0.30147741541206796,0.23757250322380646,0.16265738849999212,0.1417713282681096,0.21576963538121266,0.0011171225000000153
3.701,0.3018028362032978,0.23785614986508055,0.16276340272980908,0.14187531300595288,0.21591787723281072,0.001115676500000015
3.703,0.30212851742771557,0.23813995416487563,0.162917821688019,0.14192898678916488,0.21606955804686623,0.0011152965000000153
3.705,0.30245442851409393,0.23842386410535757,0.1629932646902909,0.14198095369275684,0.2161605781494489,0.0011170475000000155
3.707,0.30278041504741965,0.23870782960282774,0.1629932686354394,0.1419845437774409,0.2161629392198222,0.0011049495000000167
3.709,0.3031064159544999,0.23899180944462112,0.16300763844474048,0.14199529801589053,0.2161808383043067,0.001089655500000015
3.711,0.3034325372367534,0.2392758986422932,0.16311364380878432,0.14209389965622213,0.21632553505328836,0.001098862500000014
3.713,0.303758918921398,0.23956012216768333,0.16326804083578134,0.14212962573387916,0.21646543296703732,0.0011219185000000166
3.715,0.30408562540339534,0.23984428071544556,0.16343844116161546,0.1420289220283848,0.21652791677260427,0.0011172775000000172
3.717,0.30441270328720016,0.24012831679723204,0.16363944264316926,0.14200715975805245,0.2166654116630435,0.0011019835000000155
3.719,0.30474015452765996,0.24041237400360857,0.16381179781668884,0.14205004661851578,0.21682370914698937,0.0010930815000000165
3.721,0.30506788592170814,0.24069657269647032,0.1639195962314499,0.14214864624321552,0.21696974825412962,0.0010745915000000144
3.723,0.30539585975960853,0.24098089856048427,0.16405424166898536,0.14217721777076547,0.21709020121281733,0.0010816675000000137
3.725,0.3057242012864741,0.24126498710168753,0.16428728519653613,0.1419113234324682,0.21709245909428224,0.0010908745000000148
3.728,0.30621738600360987,0.24169052687578352,0.16450252622730346,0.1417818592981756,0.21717084694132482,0.0010839130000000147
3.73,0.3065464380079825,0.24197435259530284,0.16454947814536486,0.14204386022116366,0.2173775264015151,0.001098447000000013
3.732,0.30687568083442085,0.24225869502862976,0.16469334829297197,0.1422985731057335,0.2176528954089009,0.0011087200000000142
3.734,0.30720519871528795,0.24254343561939506,0.16482453257417023,0.14244201765961048,0.217845943118605,0.0011168620000000134
3.736,0.3075349177763433,0.24282831598743262,0.16489452848114644,0.1424383503779166,0.2178965102552167,0.0011186120000000136
3.738,0.3078648576945281,0.24311327508351963,0.16504538970367832,0.1425207457091127,0.2180645400332677,0.0011182320000000137
3.74,0.30819509036214193,0.24339840077523864,0.16518727791012783,0.14260494600985849,0.21822696306788594,0.0011199830000000138
3.742,0.30852556538170894,0.2436835674788397,0.16528774165691246,0.14256175759124917,0.21827480905855426,0.001117473000000014
3.744,0.30885625578109355,0.24396873035255448,0.16540265772767918,0.14260111612349113,0.21838753971562846,0.0011341370000000162
3.746,0.30918711866397675,0.24425404739174378,0.16546022515555123,0.14271592306584452,0.21850611159659072,0.0011561270000000137
3.748,0.3095180750058712,0.24453947381125535,0.16549611673888276,0.14271049644569392,0.21852974729181912,0.001158943000000014
3.75,0.3098491533352138,0.24482484444652308,0.1655822126037589,0.14266013882206363,0.21856208348999348,0.001177738000000012
3.752,0.31018040393585733,0.24511018256896008,0.16566838803983305,0.1426779836149824,0.21863902168678373,0.0012178380000000075
3.754,0.31051188791381423,0.24539555630342222,0.165815589917015,0.14269575084712863,0.21876217033425477,0.0012323720000000091
3.756,0.3108438169504529,0.24568087205512715,0.1661134467216931,0.14262000085782736,0.21893867138184486,0.0012213400000000102
3.758,0.3111761678764572,0.24596626626392337,0.1662374792825991,0.1427742079383529,0.2191332333779078,0.0012135030000000096
3.76,0.31150867913438307,0.24625214489011635,0.1662737786432978,0.14310441825465037,0.21937603330428396,0.0012312320000000077
3.762,0.3118414387145835,0.24653853653746838,0.16648580155709522,0.14328722909734126,0.21965598590182434,0.0012713320000000122
3.764,0.31217447320354186,0.2468251629670611,0.1665486874013512,0.14333920049543386,0.21973755180620172,0.0012784090000000116
3.766,0.31250745079837844,0.24711221844338974,0.1664289074351717,0.14371627583316665,0.21989304029327483,0.0012641810000000098
3.768,0.31284032912369114,0.24740025763585516,0.16644941787758605,0.14432291663229055,0.22030549919835946,0.0012616710000000102
3.77,0.31317324481350617,0.2476894544743819,0.16646627193738092,0.14487392189441153,0.22067957073050082,0.0012751400000000116
3.772,0.3135061832576406,0.24797960615636563,0.1664721721971279,0.14527776008936016,0.22094934191486496,0.0012822170000000108
3.774,0.3138393000197042,0.24827024761085587,0.1666445898664373,0.14536369440082975,0.22113575690423953,0.0012669230000000092
3.776,0.3141727330789891,0.24856120815235644,0.1667884694184412,0.14559684709978377,0.22139746027527982,0.0012356500000000126
3.778,0.3145064682954083,0.24885266908847117,0.1669467470007357,0.14586408901490688,0.22169246445983753,0.0012128990000000101
3.78,0.31484066658929,0.24914412766481717,0.1672515468809836,0.14559448733111066,0.22174497666303694,0.0012167800000000097
3.782,0.315175463536055,0.24943490166493112,0.16754539988398107,0.14517951278281943,0.22169472694256837,0.0012355750000000118
3.784,0.3155107336529839,0.24972512405599878,0.16772471704490882,0.14504287828487647,0.22174087861500913,0.0012671530000000083
3.786,0.31584639633594924,0.2500149438984128,0.16793796592043808,0.1447769641290607,0.22172850457241972,0.0012891440000000107
3.788,0.31618258385760917,0.2503039410141942,0.16824955573952394,0.14422015165234875,0.22160181666487674,0.0012908950000000104
3.79,0.31651937102157984,0.2505916701747073,0.16853760823112748,0.143509008860726,0.22135889639329373,0.001304363000000012
3.792,0.3168567487088534,0.25087803087031013,0.16884007904244935,0.1428516867421694,0.22116413971560453,0.0013242220000000094
3.795,0.31736417981742443,0.2513052116444801,0.16944732667156814,0.1419354960378155,0.2210386426660322,0.0013300420000000098
3.797,0.31770343616699065,0.25158842882213744,0.1698090228946146,0.14128168161947696,0.22089730151735898,0.0013285960000000098
3.799,0.3180433728179923,0.2518703222779519,0.17012762810703153,0.14061177419502544,0.22071493127470385,0.001306910000000012
3.801,0.31838373380239615,0.25215141825117493,0.17023335629679662,0.1404841990279397,0.22071521418469067,0.00129055000000001
3.803,0.3187241651851742,0.25243282643821785,0.170198026481328,0.14092398801501282,0.2209681846243805,0.0012891040000000105
3.805,0.3190644634456098,0.2527153996666337,0.17010023395422544,0.1416492404008092,0.2213562669033982,0.001269549000000008
3.807,0.3194044317810183,0.2529996569011384,0.16986810145432216,0.1426079941039228,0.22179317364166184,0.0012372110000000117
3.809,0.3197439752911819,0.2532858064621863,0.16967540870926612,0.1435415669439566,0.22224744264306592,0.0012336350000000113
3.811,0.32008310659967615,0.2535739021784901,0.1694558997850072,0.14455414935986877,0.22273572697055505,0.0012534950000000092
3.813,0.32042165548763163,0.25386416862353245,0.16909298817041835,0.14571229568245112,0.2232140492026685,0.0012467230000000084
3.815,0.3207595891715838,0.2541562235288466,0.16884069578180302,0.1463426096317139,0.22343531490322555,0.0012133190000000122
3.817,0.32109720602005576,0.25444896985121507,0.1687761526900905,0.1464037127367187,0.22342658037924762,0.0011745890000000078
3.819,0.3214347494189335,0.2547418365190696,0.16876724618769975,0.14646295511788024,0.2234586776288669,0.001136924000000012
3.821,0.3217722877897496,0.2550350172970321,0.16877112462836058,0.1467178228445594,0.22362873708128198,0.0011354780000000118
3.823,0.3221099177260966,0.25532821951096263,0.16885881171866815,0.14648439108602831,0.223541886739119,0.0011265760000000128
3.825,0.32244777155954696,0.2556210176273511,0.16899502173168288,0.14631372530242337,0.22353304807559213,0.0010995650000000098
3.827,0.3227858196737416,0.2559142229625248,0.169053092462981,0.14689160987131744,0.2239555605960355,0.0010970550000000102
3.829,0.3231238154935399,0.25620884809715694,0.16894272733530272,0.14773352476078266,0.22442557665679555,0.0010849570000000088
3.831,0.3234615191558287,0.25650550893391316,0.16876093495353436,0.14892731199550094,0.22507687003465357,0.0010685980000000107
3.833,0.3237988842970914,0.25680450885326017,0.16860420630913173,0.15007260735148256,0.2257192190807077,0.00106182700000001
3.835,0.32413579591943126,0.2571057528433125,0.16830741603077148,0.1511713827008818,0.22623035437060973,0.0010486640000000114
3.837,0.3244721893607491,0.2574092284054348,0.16808602528704145,0.15230417942138902,0.2268247670912914,0.001021652000000008
3.839,0.32480828352133867,0.257714913767223,0.16800813530257147,0.15338118236683765,0.2274918034393685,0.0009914440000000117
3.841,0.325144178442968,0.25802238343302336,0.1678867863266949,0.15408848343351625,0.22787986692541823,0.0009963900000000121
3.843,0.3254798693859508,0.25833049766219063,0.16780415665611773,0.15402574573375832,0.22777656890012035,0.0010098580000000106
3.845,0.325815477788035,0.2586386335126115,0.1678042454280367,0.1541101046871062,0.2278336874791426,0.0010211950000000118
3.847,0.3261511474967852,0.2589470439144226,0.167865463322181,0.15430029712397925,0.2280074460821812,0.0010399890000000098
3.849,0.32648700021381316,0.2592553930997672,0.16798725370572512,0.15404888822058851,0.22792713171009507,0.00104173900000001
3.851,0.326823336733254,0.25956296639141957,0.1683492657351158,0.15352440343180693,0.22784033383631802,0.0010562720000000085
3.853,0.3271605852544614,0.2598690328226887,0.1688992554722867,0.1525420278373011,0.22758740904498367,0.0010526960000000081
3.855,0.3274987667180916,0.2601730216045352,0.1692822081579307,0.15144675400923108,0.22714001254459226,0.001045925000000009
3.858,0.3280075594509353,0.26062457837012304,0.16991294707119126,0.14959108971598137,0.22637999846459986,0.0010565405000000092
3.86,0.3283479581754158,0.26092230968947167,0.1704857774093176,0.1481402296326537,0.22585598937038345,0.0010497685000000101
3.862,0.32868938821145466,0.2612176365861235,0.17094425862949328,0.14718666701918182,0.22557893187663292,0.0010717585000000127
3.864,0.32903150981827284,0.26151178172071826,0.17117734818871572,0.14695846757557712,0.22560690531338523,0.0010799005000000118
3.866,0.3293741263933123,0.2618055350439023,0.1714392268507428,0.14679485560842775,0.2256992205043686,0.0010603455000000096
3.868,0.3297172415682112,0.26209893424809594,0.1716759480481961,0.14660434858525917,0.2257553236633748,0.0010578345000000098
3.87,0.33006063327583235,0.26239244982632554,0.1717157595729206,0.14691122964432896,0.22598498065427672,0.0010574545000000097
3.872,0.33040407268090105,0.2626869399696498,0.1717236454958247,0.1475789136799954,0.22642558641934266,0.0010570745000000098
3.874,0.33074744736040934,0.2629830186438262,0.17165103401241916,0.14849976049638988,0.22697192853967169,0.0010641515000000105
3.876,0.33109066419269834,0.26328087620514845,0.17156579827662494,0.1493578008258915,0.2274699448407245,0.001079750500000009
3.878,0.3314336676906397,0.2635806293834673,0.17143769966467534,0.15039537749295992,0.22805625279208053,0.0010942845000000104
3.88,0.3317762071516223,0.263882789993109,0.17110176131795832,0.15176523214876542,0.22871051225353906,0.0010907095000000108
3.882,0.33211797762028283,0.2641875270802134,0.17066870734253886,0.1529718549556511,0.22919030536771387,0.0010711555000000087
3.884,0.3324591437250103,0.26449440610279923,0.1704973973849584,0.1539071676302011,0.22968843846174591,0.0010569275000000102
3.886,0.3328002983714947,0.26480232078294197,0.1706572490994618,0.15400751251252548,0.22987433649820818,0.0010501555000000094
3.888,0.33314176715331584,0.26511026564634216,0.17081153272168204,0.15393735088772303,0.22994192246969716,0.0010391225000000103
3.89,0.3334835123008585,0.26541816893909775,0.17093361482094088,0.1539659418678476,0.230051759243452,0.0010291555000000094
3.892,0.3338255443853596,0.26572583501123864,0.17109846968020878,0.15370013027305987,0.22999655730654947,0.0010266455000000098
3.894,0.3341679812422481,0.2660326516924049,0.17133838720827196,0.15311655089316606,0.22978581568180237,0.001018808500000009
3.896,0.3345109659129896,0.2663380749944259,0.1716462835332637,0.15230675112786382,0.22947721692993095,0.0010099055000000099
3.898,0.33485446967222887,0.26664209238585673,0.17185747570596513,0.1517106403029337,0.22924028951550496,0.0010137865000000104
3.9,0.33519843510377817,0.2669447146968257,0.17210795584338917,0.15091167066603897,0.22890059154096787,0.0009995585000000119
3.902,0.3355429856349961,0.2672455182154575,0.17244257537452604,0.14989184796576818,0.22848196403303273,0.0010045045000000123
3.904,0.33588816061285487,0.2675443862284165,0.17273240248426458,0.14897616499321578,0.22810168917408705,0.0010552565000000068
3.906,0.336233680965149,0.26784223798985074,0.1727879498098333,0.1488755964410076,0.22807809806106158,0.0010900295000000108
3.908,0.3365789205298658,0.26814099467996166,0.17245161490705643,0.1498810936699355,0.22848173170682087,0.00109817150000001
3.91,0.33692357516794424,0.2684415756027526,0.17220302317134167,0.15069982912096486,0.22883251448698816,0.0010764865000000075
3.912,0.3372679244998237,0.2687436537834704,0.17214630870812994,0.15137835159688484,0.22923733756529469,0.0010590625000000094
3.914,0.3376121069142558,0.26904742650228036,0.17203610572395506,0.15239436721300387,0.229827032419852,0.0010650745000000102
3.916,0.3379560779015342,0.26935322406396683,0.17193488155449005,0.1534031944734814,0.2304216647145517,0.001083869500000008
3.918,0.33830003437937506,0.26966054727803573,0.1720215962863467,0.1539200195953933,0.23083067824955397,0.0011154475000000115
3.92,0.3386443143546501,0.2699682614112928,0.17225837898873625,0.15379411366171375,0.230923317421215,0.0011225245000000108
3.922,0.3389888331839876,0.27027610271144986,0.1722604503487352,0.1540471864952971,0.23109348416055767,0.0011029695000000085
3.924,0.33933315033130723,0.2705849870514359,0.17205669697095322,0.1548371534907824,0.23146933074099152,0.001081283500000011
3.927,0.3398494415009487,0.2710494216544507,0.17213741612335684,0.15478591518571658,0.23149507461176264,0.0010727230000000104
3.929,0.3401940025313969,0.27135808317580146,0.1724236143249084,0.1538756061650783,0.23110085449763063,0.0010840610000000094
3.931,0.3405391666860787,0.2716651268640208,0.1727405403568457,0.15316808205420393,0.23086739839773476,0.0010847470000000096
3.933,0.340885027502535,0.27197074466748256,0.17312027609951283,0.15244972140763474,0.23067628303325202,0.0010811710000000099
3.935,0.3412316546811697,0.2722746601009614,0.1735069025351655,0.15146571207118792,0.2303182736141,0.0010850510000000103
3.937,0.3415790659807583,0.27257670083613755,0.17390439705344732,0.150575023104967,0.2300338603283969,0.00108573600000001
3.939,0.34192712945710313,0.27287767829806847,0.17415907929134206,0.15040243882590215,0.23011362085801704,0.0010789650000000094
3.941,0.3422753961534331,0.27317902707850483,0.17410761703865316,0.15094634161049578,0.23043059770019866,0.0010881730000000085
3.943,0.34262342563578996,0.2734817545804863,0.17392186531817616,0.15178116037091033,0.23083833277706242,0.0011016420000000099
3.945,0.34297091513614913,0.2737863690849774,0.17356763504101858,0.15283334412020805,0.23126555084728495,0.0010938050000000108
3.947,0.34331750951760165,0.27409310610591686,0.1730267464114493,0.15390367681922304,0.23156985277062261,0.0010806410000000093
3.949,0.3436631763636299,0.27440187772514296,0.17264009961684246,0.15486794240692855,0.23192387453875685,0.0010909130000000082
3.951,0.3440083517011014,0.274712566801992,0.17253523785459554,0.1558211344420739,0.23248362144537565,0.0010841410000000074
3.953,0.3443534855611271,0.2750247295160942,0.1725986221711619,0.15634157966011988,0.23287974129581368,0.0010720430000000088
3.955,0.3446986006397871,0.27533777353695765,0.1725164564887592,0.1567024412033033,0.23306132849212174,0.001103621000000012
3.957,0.3450433651417737,0.2756519074394299,0.17224804549789446,0.1574314612689834,0.23335392470479716,0.001143721000000008
3.959,0.345387825879988,0.27596724604354,0.17221269271640005,0.15790714284105553,0.2336490472757352,0.0011454710000000081
3.961,0.34573249345759927,0.27628295415845416,0.17245488489487673,0.15780097207314864,0.23375592850521634,0.001119524000000011
3.963,0.34607769151168905,0.27659793655045567,0.17274316919487054,0.15718141992832693,0.2335512818936619,0.00111275200000001
3.965,0.34642343926631397,0.27691172653610485,0.1730045854300841,0.15660856572086598,0.2333598710939438,0.0011038500000000112
3.967,0.34676968139792724,0.27722460238646635,0.17323754618315865,0.15626728464060713,0.23330390407472942,0.0010842960000000091
3.969,0.3471164788491445,0.27753646891531963,0.1735599050341036,0.15559924421274082,0.23309690138443115,0.0010721980000000105
3.971,0.34746395139431696,0.2778468718955149,0.17391264013834604,0.15480373598247896,0.2328299874887745,0.001076079000000011
3.973,0.3478119377584717,0.27815605560409984,0.17407372401644175,0.15437997260249903,0.2326689436381673,0.0010618510000000125
3.975,0.34816030544683263,0.2784643109599746,0.17429396434448158,0.15387538327224684,0.23249950448139944,0.0010433610000000104
3.977,0.3485091515752011,0.2787718119703402,0.1745521640240571,0.15362562709336372,0.23252804404052124,0.0010365890000000111
3.979,0.34885836027086137,0.27907932157938636,0.17465653163615805,0.15388398195278477,0.23277711215842778,0.0010191650000000092
3.981,0.34920766299951506,0.27938752032228825,0.1746461970175885,0.15431476094915839,0.2330543704363903,0.0010070670000000106
3.983,0.3495567354886645,0.27969701698683774,0.17442629213182992,0.1551819036002821,0.23346510358480926,0.000992838000000009
3.985,0.34990538613130223,0.28000827304609577,0.1742243505059384,0.1560741556577932,0.23390867100966808,0.0009732830000000111
3.987,0.3502536184012683,0.2803212041275927,0.17400791946006594,0.1568569258390974,0.23427089281110638,0.0009452060000000079
3.989,0.3506012904685123,0.2806358300919395,0.17366414778397782,0.15776903850771629,0.23462801566987807,0.0009064760000000122
3.991,0.3509483681105518,0.2809520648054971,0.17341349425549615,0.15846567504986075,0.23491192000175098,0.0008943780000000108
3.993,0.35129520445048473,0.2812694143512158,0.1734228456774733,0.15888387066881438,0.23520112193945258,0.0009078470000000093
3.996,0.3518159936364643,0.2817457222205625,0.173769944975584,0.1586547088956582,0.23530259333799008,0.0009104735000000094
3.998,0.3521637036444556,0.28206259891901,0.1739400630156421,0.15822198955178368,0.2351368612098288,0.0009207465000000106
4.0,0.3525116374250511,0.28237883823183174,0.17399371757987192,0.15801732326999893,0.2350389078656544,0.0009501945000000071
4.002,0.3528598757955361,0.28269451186651057,0.17424465290520919,0.15765631140888914,0.23498236443000026,0.0009647285000000057
4.004,0.3532088204658657,0.2830092712295958,0.17470001742439045,0.1571030516763499,0.23494992005553905,0.0009611525000000061
4.006,0.35355855226517646,0.2833231790646516,0.17503178188624985,0.15680478337934015,0.2349975845852836,0.000963968500000007
4.008,0.35390872020556163,0.28363707032589996,0.17513615849898725,0.15708647786905552,0.23526333233865335,0.0009710455000000062
4.01,0.3542592006641454,0.2839511856389966,0.17534430008481652,0.1570288352275596,0.23537986036438685,0.0009930355000000038
4.012,0.3546102977987604,0.28426455725278366,0.17575283453022073,0.1563427785595664,0.2352278113938332,0.0010352654999999991
4.014,0.35496197375979743,0.28457702904380494,0.1759231265066826,0.15612901246161598,0.23521312670028788,0.0010444725000000024
4.016,0.3553136662521166,0.2848898651771874,0.17576936581250843,0.15670712092084926,0.23548246581313242,0.0010323745000000034
4.018,0.35566497246378115,0.2852040658139346,0.1755368458520921,0.1574935158264024,0.2358333983537158,0.0010362555000000035
4.02,0.35601581731371024,0.2855199200070171,0.1753080040770466,0.15836067725613695,0.23624351926455076,0.0010433325000000025
4.022,0.3563662010960372,0.2858377005790961,0.17507577824984194,0.15941989482274038,0.23678308849046087,0.0010493445000000043
4.024,0.3567161094928192,0.2861574380608886,0.17483261853212287,0.1603175869698173,0.23720913387688874,0.0010532255000000042
4.026,0.35706568538673433,0.2864784538420317,0.174743275383075,0.16069819417328038,0.23740076221899226,0.001056040500000004
4.028,0.357415318973056,0.2867997136655348,0.17489031093862104,0.1605616293298979,0.23741663310155647,0.0010513985000000041
4.03,0.35776546160372585,0.2871203034698855,0.1752523197311292,0.16002817502068742,0.23732339196040853,0.0010371694999999996
4.032,0.3581164716060346,0.28743959109323713,0.17575768257765195,0.15925944833098768,0.23717996304021383,0.0010218755000000013
4.034,0.35846834919933224,0.28775778115761697,0.17611991072003877,0.1589306160489049,0.23722808364466222,0.0010214955000000013
4.036,0.3588208903410869,0.28807543207963027,0.17642123103462798,0.15872030596443154,0.23731115920920437,0.0010328335000000003
4.038,0.35917414132575315,0.2883921830406518,0.1768297536315442,0.15803065505700362,0.2371549065634913,0.0010218004999999965
4.04,0.3595280767735731,0.2887077845819076,0.1771056941884915,0.15757088619886872,0.23705486936885373,0.0010160934999999972
4.042,0.3598824960288738,0.28902259588570955,0.17731356111218696,0.15724041760314303,0.23699081813921838,0.0010242354999999963
4.044,0.36023742049669527,0.2893364876984289,0.17761090670935809,0.15665139511624615,0.236823338744277,0.0010217254999999967
4.046,0.36059280357685136,0.28964952468265015,0.1777721734466221,0.15638558910489944,0.23676865952153028,0.0010298674999999994
4.048,0.360948260327732,0.28996263877221584,0.17768457743400806,0.15672850046082554,0.2369295927371695,0.0010294874999999997
4.05,0.36130349915372556,0.2902767761643983,0.17755424855961663,0.15740889172166203,0.23728268030897673,0.0010205855000000002
4.052,0.36165850072546385,0.290592346108166,0.17744732317873055,0.15816105204606173,0.23770248397442945,0.0010180745000000007
4.054,0.36201324179703126,0.29090944016248615,0.1772937483885561,0.15893300227400145,0.23810244104059997,0.0010113024999999984
4.056,0.3623676668081929,0.29122813915275897,0.17713126277308736,0.15976598799882866,0.23853858214727106,0.0010226404999999971
4.058,0.3627218205681848,0.29154837303569076,0.17702249721885932,0.1604678949329897,0.23892867099999965,0.0010371744999999955
4.06,0.36307592512520476,0.2918696282506313,0.1770820598011488,0.16078732000758558,0.23918741224955667,0.0010410554999999951
4.063,0.36360763536117907,0.2923516464536202,0.1773914308483673,0.16055814865169968,0.23926269838170006,0.0010580624999999959
4.065,0.36396266545200107,0.29267232812929667,0.17763865997350128,0.1601235270246487,0.23915483985065952,0.0010725965000000007
4.067,0.36431790174973,0.29299281215353057,0.17759763775549814,0.16036049720928808,0.2392831168334766,0.0010849994999999994
4.069,0.364672914870739,0.29331438052623154,0.17741548325354572,0.1612078754916974,0.23971698483552595,0.0010931414999999986
4.071,0.36502772706217324,0.2936376847602612,0.1773967081807428,0.1620963585380186,0.240301522102232,0.0010885004999999991
4.073,0.36538241907786173,0.29396271220384707,0.17729530750762568,0.16293108504774967,0.24079070692005658,0.001084924499999998
4.075,0.36573698126514553,0.29428884184104565,0.17726687977619496,0.1631985521508423,0.2409508540962641,0.001083479499999998
4.077,0.3660916584598297,0.294615095200646,0.17741031490801762,0.1630548074495217,0.24095910455544645,0.0010724474999999993
4.079,0.3664467265458531,0.29494098736673025,0.17765777111538747,0.16283735863477453,0.24099437546307503,0.0010912424999999972
4.081,0.3668022179301309,0.2952666098400825,0.17783361316230606,0.16278511471737098,0.24108875449491282,0.0011121675000000041
4.083,0.36715806993458744,0.29559209550503096,0.17801839129425268,0.16270055023113206,0.2411680258336639,0.0011117875000000042
4.085,0.3675144651983135,0.2959170528731739,0.1783768724318167,0.1622568179118511,0.24113395359724066,0.0011146035000000039
4.087,0.3678715665568931,0.29624103483928205,0.17872448614788458,0.16172514819636846,0.24103415838416498,0.001114223500000004
4.089,0.36822923581334777,0.29656404694157146,0.17894477030664493,0.16128695409291774,0.24090394845387833,0.0011010604999999996
4.091,0.36858719715732735,0.29688662794963094,0.17901657367299398,0.1612940539666258,0.24096204160532686,0.001103876499999999
4.093,0.3689453754931398,0.2972090417930807,0.17916176213951593,0.1611197894831657,0.240953363902719,0.0011130834999999984
4.095,0.3693037869563446,0.29753127229924897,0.17924970106530375,0.16111071668514387,0.24101269336448122,0.0011158984999999977
4.097,0.3696622225181035,0.297854183034895,0.17918586069347162,0.1618000189608099,0.24142663235065565,0.0011346925000000044
4.099,0.37002051600818553,0.29817843290597984,0.17910762938858113,0.16244985212404472,0.2418046677802588,0.0011556175000000017
4.101,0.3703786530623743,0.2985039932146851,0.17902942480021583,0.1631104565812849,0.24219115588817722,0.0011754774999999996
4.103,0.3707365942786349,0.2988309142680423,0.1789117914604785,0.16381059677592788,0.24257646369687924,0.0011921414999999979
4.105,0.3710942893901517,0.2991591674101466,0.17878332005617986,0.16444254532824126,0.24290909049342127,0.0012141315000000052
4.107,0.3714519120307977,0.29948834858596163,0.17883932058983207,0.164738630486856,0.2431508152643491,0.001214816500000005
4.109,0.3718097881294054,0.29981784355763524,0.17903677801790638,0.16475634118677607,0.24330807599478987,0.0011888705000000078
4.111,0.37216803898994605,0.3001470239786945,0.1792140825227571,0.1644240798725506,0.24321382653214535,0.0011671855000000102
4.113,0.3725266459014311,0.3004752347504843,0.17939282896216274,0.1637866919171597,0.2429153505487341,0.0011561525000000066
4.115,0.3728856372313262,0.3008021689213692,0.17959850093296073,0.16314747896774368,0.24263701578880553,0.0011536415000000068
4.117,0.3732451477268766,0.30112793582503855,0.17991199461749371,0.16261942470165106,0.24251474820625044,0.0011500655000000071
4.119,0.37360538770186,0.3014528044531962,0.18032798036595588,0.1622492034560306,0.2425757294639779,0.0011432935000000078
4.121,0.3739663160185768,0.30177689511303435,0.18060033635074127,0.16184145638199562,0.24250595558428306,0.001134391500000005
4.123,0.3743276134779776,0.3021004576598703,0.18069712305010088,0.16172109045399258,0.24249775540448154,0.0011361425000000044
4.125,0.37468911722034387,0.30242390869067004,0.18080661931618666,0.16172994034578655,0.2425852575751464,0.0011453495000000036
4.127,0.3750508471628254,0.30274740254106874,0.1809233231653485,0.16176391005294935,0.24269489376748704,0.0011364465000000042
4.129,0.37541277306999077,0.30307118514411974,0.18100258400006916,0.16201869299808305,0.24292384052519253,0.0011147605000000067
4.132,0.3759556244821012,0.3035583035051857,0.18089835740687282,0.16272688104588093,0.2433192419999392,0.0010838305000000058
4.134,0.3763172138078019,0.30388451313272247,0.18069096829371892,0.163482746490771,0.24367157081425692,0.0010759935000000031
4.136,0.37667838665342607,0.30421232244148616,0.18048187733046991,0.16432656227297085,0.2440838526268859,0.0010788085000000029
4.138,0.37703910895813747,0.30454177813227545,0.1802404273809907,0.16512912851636774,0.24444680555707263,0.0010581885000000052
4.14,0.3773993911789696,0.3048726019843551,0.18004179345115826,0.16569472356331433,0.2446830374297178,0.001051417500000006
4.142,0.37775933877311146,0.3052043828586918,0.17990580069059806,0.16608615077322966,0.2448483338738354,0.0010808655000000159
4.144,0.3781191665861754,0.30553660719458675,0.17992201237334643,0.16613818512179288,0.24489554322616355,0.001070898500000017
4.146,0.3784790319680792,0.3058687148242399,0.17994336953051385,0.16596944453137216,0.24479679890890582,0.0010769105000000161
4.148,0.3788389365407744,0.3062005477967225,0.1799612031647347,0.1658635279512664,0.2447381142138254,0.0010807915000000158
4.15,0.37919907217549986,0.30653193180654775,0.18017443156061655,0.16552048187387824,0.24466273869952523,0.0010463225000000042
4.152,0.37955968613610597,0.3068624483926624,0.18043952904550625,0.16499610424081892,0.24450386102638805,0.0010310285000000058
4.154,0.379920850074171,0.30719195030738455,0.18072440901955905,0.16450581048135796,0.24438386546087149,0.0010295835000000062
4.156,0.3802823814390026,0.30752094568917415,0.1808069558121236,0.1644895713082496,0.24443398769242167,0.0010270735000000063
4.158,0.38064399713530217,0.3078499104723542,0.18080874048729847,0.16447521187167805,0.24442564504739805,0.0010075184999999997
4.16,0.3810058726412661,0.3081784262775796,0.18106676547667486,0.16404059335370513,0.24432455838089798,0.0010039425
4.162,0.38136837908495086,0.30850609067698104,0.18143967820811352,0.16362380604779195,0.2443217279200301,0.0010184764999999984
4.164,0.3817313968156772,0.30883349430360185,0.18157805251823778,0.16377982057305146,0.24452897330021414,0.0010468584999999953
4.166,0.38209453035336716,0.3091617808913792,0.18155548517162548,0.16450676720418522,0.24499973602409517,0.0010624575000000005
4.168,0.3824576672094141,0.3094915087576882,0.18158137087535928,0.16522109910490257,0.24549909539223727,0.0010588815000000008
4.17,0.38282070866997475,0.30982267441897965,0.18146008968534197,0.1659445621865594,0.24589705542747198,0.0010691534999999997
4.172,0.3831833855481406,0.31015530688193765,0.18121678848050907,0.16668790077150186,0.24622018741524754,0.001085817499999998
4.174,0.3835456331856684,0.31048935057809035,0.18103084904718894,0.16735579538105894,0.24653626620514268,0.0010907634999999995
4.176,0.3839076985146966,0.31082409985686765,0.18103447998100566,0.16739348339626922,0.246564517369248,0.0010914484999999994
4.178,0.3842699196164343,0.3111584989650354,0.1811866217567764,0.16700562477149455,0.24641321110880074,0.0010836115000000003
4.18,0.38463250089631734,0.3114923538382694,0.18139465812631184,0.16684924846256785,0.2464603288752274,0.0010576645000000032
4.182,0.3849955377622991,0.31182591566571555,0.18164220785533844,0.16671257898344277,0.24655014837933603,0.0010381094999999967
4.184,0.3853590696437666,0.31215912159403403,0.18188967361219505,0.1664933493350828,0.24658444545340802,0.001027077499999998
4.186,0.3857231986762387,0.3124918028040296,0.18223935885994766,0.16618786066053345,0.2466365523368539,0.001033089499999997
4.188,0.38608796593642664,0.3128237582274616,0.1825279013280235,0.16576756277153495,0.2465670692335606,0.001026317499999998
4.19,0.3864532510392486,0.3131548569665267,0.18275720149384803,0.1653311762934167,0.24644389331535038,0.0010078274999999917
4.192,0.38681909339518566,0.3134850146295706,0.18308515444324225,0.16482648675058365,0.24634923282211818,0.0010063824999999918
4.194,0.3871855861917808,0.31381408215063483,0.18340764215189836,0.16424103431363857,0.2461980514791549,0.0010038724999999922
4.197,0.38773601043955225,0.3143062073580571,0.18354185636239315,0.16384243730119796,0.24603243139421752,0.000998508499999992
4.199,0.3881029456827969,0.3146344003297203,0.18339338688231535,0.16435053436203398,0.2462604972326108,0.0009928014999999928
4.201,0.3884695554686766,0.31496381054957645,0.18321639899742806,0.16505968549418307,0.24660281554966762,0.0009934864999999926
4.203,0.38883584522485254,0.31529448826710815,0.1830733571783497,0.16561803203739048,0.2468707893706538,0.0009739314999999861
4.205,0.3892019064129362,0.3156263849247571,0.1829878309053675,0.166278625611566,0.2472511427571624,0.0009266794999999914
4.207,0.3895677931424455,0.31595981277119534,0.18289889860394506,0.1671492208267401,0.24777180859315392,0.0009358864999999903
4.209,0.38993350704170743,0.3162946048813325,0.1828150006580054,0.16764288931045393,0.24804326800367638,0.0009557464999999882
4.211,0.39029924460069343,0.31662974876245575,0.18292255832788443,0.16750099181271141,0.24802670139212893,0.0009532364999999874
4.213,0.3906652029439483,0.3169649014079971,0.1830357849270333,0.1676516537286806,0.24821195692757553,0.0009773574999999849
4.215,0.3910313158251634,0.31730023698133797,0.18307709628806204,0.1676839196122239,0.24826421425929898,0.0009876294999999835
4.217,0.39139761677721907,0.31763517749590836,0.1832238557677015,0.1672565949582036,0.24808415886427745,0.000980857499999984
4.219,0.39176428840796795,0.3179692363665643,0.183447774981048,0.16680227569763553,0.2479437140227742,0.0009570414999999762
4.221,0.3921314239346578,0.31830228068797384,0.1836877517088361,0.1662420457119433,0.24774504614691867,0.0009577264999999762
4.223,0.39249911489761136,0.31863430857725955,0.18400321124479127,0.16578584357383128,0.24767342949513607,0.0009701294999999748
4.225,0.3928675176853713,0.3189655693664367,0.1843995765152111,0.16547494560338102,0.24776029028363505,0.0009718804999999747
4.227,0.39323665752217946,0.319296170716807,0.184740260292802,0.1651264047667886,0.24778154355047824,0.0009928064999999817
4.229,0.3936063710300351,0.3196260786772102,0.18497324756289485,0.16478155563647953,0.24772578265481812,0.0010190584999999787
4.231,0.3939764001240448,0.31995567401222913,0.1850558464468125,0.1648137793824749,0.24780889447007617,0.0010240044999999779
4.233,0.3943464495446753,0.3202858418906937,0.18499357418376633,0.16535409908211726,0.24812214849251832,0.00100764549999998
4.235,0.3947163151827992,0.3206170868785548,0.18487206394000166,0.16589088877885652,0.2483897481887588,0.0010072654999999798
4.237,0.3950859807401231,0.32094926719786165,0.18479349338393275,0.16628943052803047,0.2485976868403531,0.0010175374999999787
4.239,0.3954554642207742,0.32128243308731186,0.18468998726726393,0.16687645892220115,0.24891392877698748,0.001013961499999979
4.241,0.39582466536072325,0.3216168323395524,0.18451115268180976,0.16752279331841,0.2492152718939448,0.0010029284999999802
4.243,0.39619363780035916,0.32195226925997317,0.18446128695396172,0.16791412710223802,0.24944161734806475,0.0009940254999999771
4.245,0.3965625357430708,0.3222886162527725,0.18443665575777007,0.16843286569713264,0.24977291733504356,0.0009478384999999822
4.247,0.39693139518703957,0.3226260025106174,0.18442278821103264,0.16895339214778476,0.2501140010670625,0.0009336094999999838
4.249,0.39730039179157983,0.3229641783802028,0.18457381632928255,0.16922247743767732,0.2504071495474938,0.000984361499999978
4.251,0.39766978352525345,0.32330262488418676,0.18481791734422673,0.16922402654617408,0.2505881755629296,0.0010116774999999873
4.253,0.39803978325604744,0.32364061846389147,0.18518181344980772,0.1687695531585524,0.25055032649329523,0.0010219494999999862
4.255,0.39841051964830604,0.323977602573471,0.18555457880885606,0.1682145564210528,0.25045286724025245,0.0010247654999999858
4.257,0.39878201053987833,0.32431346770874053,0.18593631276349756,0.16765057884850118,0.2503578019401886,0.0010105374999999873
4.259,0.39915429173348244,0.32464810794479215,0.18634488084046552,0.1669896572030081,0.25021982381143476,0.0009931134999999816
4.261,0.39952723760416486,0.32498151982697915,0.18660098984200305,0.1664222249840092,0.25003257063559436,0.0009661014999999843
4.263,0.3999006116618795,0.32531412719045566,0.18677306787269424,0.16618513849256583,0.2500033582541869,0.000942285499999987
4.266,0.4004611049813584,0.3258131751333751,0.1868891451132198,0.16651349012039854,0.2503083996857201,0.0009401179999999871
4.268,0.4008348496619444,0.32614672983752596,0.18685553547283318,0.16704121403050298,0.25063471092732453,0.000931215999999988
4.27,0.40120857924783865,0.32648142968484595,0.1868740504214703,0.1676586332895261,0.25106040714823596,0.0009052699999999908
4.272,0.40158209999345906,0.3268174076676474,0.18664669519880409,0.16831934951177344,0.25133322949562764,0.0008931719999999867
4.274,0.4019552216928365,0.3271547357510447,0.18647500417864699,0.16900873388557178,0.25166819289101755,0.0008970529999999862
4.276,0.4023284178474289,0.3274930312024179,0.18672115041379828,0.16928671748767496,0.25203726059772225,0.0009009339999999857
4.278,0.4027019608825788,0.3278318450609957,0.18682188473616546,0.16952714109016415,0.25227339967300855,0.000916532999999984
4.28,0.403075608681977,0.3281713785703565,0.1868259146619103,0.1700063682704895,0.25259866912115886,0.0009204139999999854
4.282,0.40344942955574326,0.32851175012728795,0.18699495910440364,0.17036518866099648,0.2529652391890129,0.0008987279999999878
4.284,0.40382364209831323,0.32885254671549385,0.18721758346563336,0.170431399544943,0.25317441717037564,0.0008919559999999886
4.286,0.4041983641367288,0.32919306284957794,0.1875044549499855,0.17008473453919173,0.25315358490323314,0.0008851839999999892
4.288,0.4045735809592469,0.3295329018785086,0.1877123675679777,0.1697542943913423,0.25308586171945296,0.000884803999999989
4.29,0.40494921005587226,0.32987212310710434,0.18791672905742465,0.16946693420444978,0.25304493444504444,0.000886554999999989
4.292,0.40532533394984527,0.33021067620840944,0.188207164915626,0.1690861671007008,0.2530060648094898,0.0008691309999999908
4.294,0.4057019955323944,0.330548338585434,0.1884544176335459,0.16857620992387648,0.2528497697801954,0.0008602289999999918
4.296,0.4060789635484262,0.3308854245455249,0.18851359839815987,0.16850975016692285,0.25284958509426403,0.000887546000000001
4.298,0.4064558099434794,0.3312229772870193,0.18833279665506852,0.16904299132753503,0.2530706921255017,0.0009127319999999981
4.3,0.4068322679728662,0.33156176345976246,0.1881252327317415,0.16974318141561542,0.2533847880743168,0.0009176779999999976
4.302,0.4072083792153432,0.3319020899517266,0.18798600974532104,0.17058331054855494,0.25384523965927086,0.0009322119999999961
4.304,0.4075841813901105,0.33224396929681854,0.18781616502183981,0.17129603454329007,0.25419921969543297,0.0009456810000000005
4.306,0.40795972240149747,0.33258679478531383,0.18772484636517614,0.17152945395202004,0.2542891494262135,0.0009516929999999999
4.308,0.40833534942005706,0.3329294748032954,0.18790217219443578,0.17115056402955992,0.2541647927684397,0.0009694219999999978
4.31,0.40871141165542385,0.3332711869630111,0.18816006317241282,0.1705615956861869,0.2539595780750643,0.0009701069999999978
4.312,0.40908796825682797,0.33361184864250265,0.18839653823156954,0.17010008380523622,0.2538253220783688,0.0009718579999999984
4.314,0.4094650553105618,0.3339516644166392,0.18869051550230492,0.16971569033133935,0.2537863790379,0.0010098279999999943
4.316,0.40984250647050463,0.3342912159854065,0.18876064444055846,0.16983587843601078,0.2539188974726898,0.0010339489999999917
4.318,0.4102199046047095,0.33463155915160725,0.18863748976433178,0.17050728776478727,0.2542770884792658,0.0010261119999999927
4.32,0.4105972391625986,0.334972912897801,0.18869706812467674,0.17084645842887602,0.2545488084366897,0.0010108179999999876
4.322,0.410974882506674,0.33531432556480795,0.18894627595078417,0.17056620857808544,0.2545457261561718,0.0009955239999999892
4.324,0.4113530617270074,0.3356549371880464,0.1892329443826335,0.17004541466043135,0.25441020083078214,0.000969577999999992
4.326,0.4117318288555822,0.3359947190080478,0.18953418419215906,0.16973640534099593,0.2544280925437876,0.0009638719999999926
4.329,0.41230083047048666,0.3365031403398661,0.18980022574414782,0.16921114920455446,0.25427650050221995,0.000945724999999992
4.331,0.4126806224883188,0.33684104553651034,0.18999179208790018,0.1686940474395578,0.254075899491297,0.0009304309999999868
4.333,0.4130608426088411,0.3371780205893285,0.19022832843439913,0.1682810053786499,0.2539789631252849,0.0009428339999999854
4.335,0.4134414281200626,0.33751418760534524,0.19035718278717226,0.16788601063812367,0.2538140453297514,0.0009594979999999836
4.337,0.4138221120496759,0.3378500422191172,0.19032674682612727,0.16796860313385503,0.25384586306685253,0.0009516609999999844
4.339,0.4142027640486753,0.3381862953246819,0.1903252521731182,0.16828450243075596,0.25405388281450875,0.0009438239999999818
4.341,0.4145834346106739,0.3385231981566548,0.19034530982550854,0.16861832954221437,0.25429014536583133,0.0009423789999999819
4.343,0.4149640271333853,0.33886109901114786,0.1902472128859791,0.1692825249508335,0.2546577610531684,0.0009292159999999834
4.345,0.41534455966073014,0.3392001037698586,0.19028531445886612,0.169722233759951,0.254978700151948,0.0009288359999999835
4.347,0.41572525606874194,0.33953969530023626,0.19041109355280197,0.16986929661757438,0.2551704576970527,0.0009348479999999854
4.349,0.41610605183606264,0.33987997238037104,0.19038467376793383,0.17040778351725383,0.25550956281318676,0.0009344679999999855
4.351,0.41648679676073974,0.34022154540692734,0.1903602509091881,0.17116524303910177,0.255997198326161,0.0009287609999999862
4.353,0.41686778474956276,0.3405639348722197,0.1906277379138516,0.17122422225330045,0.2562355727614722,0.0009454249999999843
4.355,0.4172494239532479,0.34090598987297144,0.19101146577115563,0.1708307784983184,0.2562587265604566,0.0009663499999999914
4.357,0.4176318091392632,0.34124733159105075,0.19137372024420035,0.17051093958105198,0.2563159794412331,0.000970229999999991
4.359,0.4180147446653048,0.3415879637996224,0.19156180579745463,0.17012126899064675,0.25619752458478146,0.0009591969999999922
4.361,0.4183980149577223,0.3419276785074469,0.19170848662005413,0.16959343883383468,0.25595718067215284,0.0009321849999999951
4.363,0.41878171340330184,0.34226651871269104,0.1919899589593555,0.16924676641020509,0.2559386885203672,0.0009243479999999925
4.365,0.4191657976742881,0.34260527958451414,0.1920943120269546,0.1695141054129338,0.25619378729207354,0.0009335559999999914
4.367,0.41954991150608917,0.34294493965966466,0.19201951977418213,0.17014596973762183,0.25655632323578237,0.0009395679999999908
4.369,0.41993389564323674,0.34328601421519683,0.1919646173734466,0.17092858579460843,0.25703500883163477,0.00094664499999999
4.371,0.4203177269300272,0.34362867737955927,0.19186666941690028,0.17173457856769508,0.2574987073927905,0.000967569999999997
4.373,0.42070136212966924,0.3439727443249624,0.19176853022517426,0.17233236683545047,0.2578247735261913,0.0009693199999999968
4.375,0.42108488876826156,0.34431776983901463,0.1917581083671633,0.17269314721683915,0.2580583174792272,0.0009540259999999984
4.377,0.42146855564141955,0.34466303573509455,0.1919087647908703,0.17257274886309706,0.2580897666582756,0.0009440589999999997
4.379,0.4218526599350009,0.3450077358367079,0.19219552879050172,0.17212735275032495,0.2580057108900797,0.0009245050000000018
4.381,0.42223736289560726,0.345351550511987,0.19250743181573957,0.17168732252866017,0.2579450484528668,0.0009166679999999993
4.383,0.42262253015754575,0.3456947455297994,0.19265983012279284,0.1715076952837678,0.2579393333411815,0.0008875250000000025
4.385,0.423007880178662,0.3460375832015618,0.19269019099346757,0.17132997647868617,0.2578438879347078,0.0008615780000000054
4.387,0.4233934253224921,0.3463798194211899,0.19285495283666307,0.17090624314942163,0.2576858102051426,0.0008718500000000043
4.389,0.42377937178688874,0.34672121528987,0.19309151155985693,0.17048962553055394,0.25758696444117446,0.0008821220000000077
4.391,0.4241656571215061,0.3470621980407095,0.19319382305753563,0.1704931253089735,0.25766598348483594,0.0008838720000000075
4.394,0.4247455578508965,0.34757393558539756,0.19340666320270783,0.17066523781641818,0.2579394517520347,0.0009152595000000088
4.396,0.4251324790611183,0.34791546698953146,0.19351454701911425,0.17086616631752613,0.25815330077312876,0.0009383155000000061
4.398,0.4255193706569037,0.348257953297388,0.19337704876634718,0.17162014153907557,0.25855010340642787,0.0009368705000000064
4.4,0.4259059497105732,0.3486021055388265,0.1932020049030459,0.17253209989928786,0.25902575199044287,0.0009364905000000061
4.402,0.4262923112917719,0.3489478572127693,0.19315957629568745,0.17321957404352847,0.25945258284810147,0.0009563505000000041
4.404,0.4266788138727936,0.3492946605414145,0.1933430047260599,0.1735837546017352,0.25983232542956747,0.0009794065000000014
4.406,0.4270657353723579,0.34964220115553535,0.1935784948382994,0.17395685951916953,0.26025683975187586,0.0009651785000000029
4.408,0.42745314884053764,0.34998991539735547,0.1938349733412655,0.1737573823008162,0.2603144728866244,0.0009562765
4.41,0.42784106235943825,0.3503368735188008,0.19407854555937765,0.173200739144532,0.2601249274611252,0.0009441785000000013
4.412,0.428229387952943,0.3506830415073364,0.19424704794545614,0.17296724939115674,0.26009533828476616,0.0009033185000000058
4.414,0.4286180073439719,0.351028593584709,0.19437234308341658,0.17258482798148808,0.25993485838789926,0.0009050685000000056
4.416,0.4290069112276756,0.3513731707846043,0.19453154062014555,0.1719923719136652,0.25966111817624116,0.0009366455000000162
4.418,0.42939613733013626,0.35171682152951345,0.19469456184055395,0.17165837299555967,0.2595622650343612,0.0009383955000000159
4.42,0.42978558233048864,0.35206039489039365,0.1947504385118673,0.17191498788467352,0.25977393318027897,0.000918840500000018
4.422,0.4301751052240844,0.3524047525384124,0.19477245508396712,0.17244266013410622,0.26013992445136686,0.0008950245000000207
4.424,0.4305646595210968,0.3527501045174234,0.1947818419282945,0.17290931887675748,0.26045651940276576,0.0008712085000000126
4.426,0.4309541089106904,0.3530965963299156,0.19466754766538566,0.17358249361547526,0.2608185886853575,0.0008527185000000147
4.428,0.43134325618438263,0.35344451532290844,0.194479726026886,0.17433649937740736,0.26118112269201504,0.0008438155000000156
4.43,0.4317321766098184,0.35379373758607136,0.1944406994089286,0.17488576378553003,0.2615190546814544,0.0008359785000000167
4.432,0.4321211302438213,0.35414404033583713,0.19451293459389773,0.17541698598010017,0.2619282357720767,0.0008249465000000129
4.434,0.4325102299524038,0.3544951775798005,0.194586773988634,0.17572025798328786,0.2621862347206981,0.0008298935000000124
4.436,0.4328995345792924,0.3548466826008501,0.19471785290003432,0.1757847630663656,0.26232675266601707,0.0008422965000000111
4.438,0.43328926630249937,0.3551980885457479,0.1950138703069434,0.1756211818314444,0.2624370574441929,0.0008365895000000117
4.44,0.4336796706122236,0.3555489034171485,0.19539043941718498,0.1751936895690131,0.2624314247197625,0.000825556500000008
4.442,0.4340707383020077,0.3558988454305559,0.19567725036692038,0.17474832383838745,0.2623481713210221,0.0008326335000000072
4.444,0.43446231860558737,0.356247925477711,0.19590305321275958,0.17433172331678157,0.2622395012439587,0.0008535595000000048
4.446,0.4348541283593077,0.3565966607146997,0.1959067005075915,0.17440351367194135,0.26228995574533576,0.0008393315000000065
4.448,0.4352459258130949,0.35694571365354505,0.19589075327947209,0.17464942517331536,0.26244162957459416,0.0008282985000000028
4.45,0.435637768381846,0.3572950555299703,0.19595181547163246,0.17469245125198027,0.26251584049549126,0.0008481585000000006
4.452,0.4360294677578478,0.3576448641957196,0.19574756053021258,0.1751162144973495,0.2626457614990407,0.0008531055000000001
4.454,0.4364206188532122,0.35799578973802415,0.19540353483424008,0.1758093278072531,0.2628525464395471,0.0008505955000000004
4.456,0.4368112523608477,0.35834804751548505,0.19522997280114904,0.17644844965353554,0.263151662858272,0.0008416934999999974
4.458,0.43720164104497694,0.3587015924216635,0.19515871132812768,0.17709645652497832,0.2635338261418428,0.0008082905000000011
4.461,0.43778696891019636,0.35923432364420016,0.1950598654847977,0.1780576918327805,0.26410772942828614,0.0007901435000000004
4.463,0.4381770908019336,0.3595909056932747,0.19506202625248142,0.17852435724175128,0.2644241672281567,0.0007737845000000021
4.465,0.43856721153410283,0.35994831697432783,0.1950587059167709,0.17888692381142957,0.26466663987862454,0.0007137505000000087
4.467,0.43895748501968795,0.3603059614856374,0.1952147796684151,0.17875758749821594,0.26469432424812245,0.000675021500000013
4.469,0.43934820319324447,0.36066293800527566,0.19550339388796636,0.17821893213987614,0.26454406966475563,0.0006629235000000091
4.471,0.4397393712767127,0.3610190078136894,0.19566468958028316,0.17785087627391716,0.2644155913329408,0.0006582825000000095
4.473,0.4401309103447721,0.36137424096463977,0.19587437847916367,0.1773822746764914,0.26425601887942857,0.0006664245000000086
4.475,0.44052296389677553,0.3617285081296026,0.19617917352433578,0.1768848902864018,0.26414869398943436,0.0006756315000000076
4.477,0.44091557329784875,0.36208194030452623,0.1964302275487551,0.17654728463709632,0.2641094053750976,0.0006752515000000075
4.479,0.44130850201926797,0.36243512098243547,0.19649849387048102,0.17663339327215402,0.2642177392080306,0.000687654500000006
4.481,0.4417015617099348,0.36278822439145975,0.19656119679641212,0.17647001575214455,0.26415520162510525,0.0006989925000000049
4.483,0.4420948041574263,0.36314087356997615,0.19668125069513084,0.17617916276431722,0.2640503962643054,0.0007082005000000038
4.485,0.4424880898715202,0.3634937686192106,0.19660446339866486,0.1767158864700405,0.2643516967208064,0.0007365825000000133
4.487,0.4428811450578922,0.3638480189703809,0.19645072297337354,0.17753446470027653,0.264785522098877,0.0007724205000000094
4.489,0.44327381006486755,0.36420371090574893,0.1962142840020176,0.1781574706678327,0.2650285448799508,0.0007858885000000079
4.491,0.4436660701152089,0.364560280851596,0.1960457663393828,0.17841247517925005,0.26507537380749346,0.000785508500000008
4.493,0.44405813495495994,0.3649173947972339,0.19601907341149796,0.17870147045853058,0.2652502454007221,0.0007979115000000121
4.495,0.44445007450150237,0.36527494499566926,0.1959204731309537,0.178848727976886,0.2652766467120823,0.0007954005000000123
4.497,0.4448417537520975,0.3656324415524207,0.1957587774642392,0.17864782877460308,0.26502178340689925,0.0007737145000000147
4.499,0.44523338777553484,0.36598948224617267,0.1958752459731355,0.17839286497740417,0.2649360795737015,0.0007818565000000138
4.501,0.44562537110956535,0.36634564676748166,0.19610808805726276,0.1777716563314831,0.2646906571760969,0.0007931945000000175
4.503,0.44601775008812583,0.36670051687588356,0.19627089050325985,0.17709845207046934,0.2643598384488441,0.0007768355000000193
4.505,0.446410611033977,0.36705429712326076,0.19659005534794635,0.17668179530676617,0.2643181920612553,0.00077006350000002
4.507,0.44680409602107257,0.36740733381204627,0.196894931747651,0.1763548934787583,0.26432681022139304,0.00076968250000002
4.509,0.4471981118594499,0.36775981009153075,0.19712090662955511,0.17612138600560182,0.26433954384274777,0.0007650405000000185
4.511,0.4475924561058175,0.36811222329702714,0.19722333973809966,0.17629181949084122,0.2645294905239135,0.0007465505000000206
4.513,0.44798677576879353,0.3684653706194486,0.19709632323800136,0.17685550293069047,0.2648109317056344,0.0007419095000000211
4.515,0.44838074447971393,0.36881964358908736,0.19687238768246307,0.1774174667081229,0.2650201775807305,0.0007649655000000185
4.517,0.44877417377437273,0.3691750226111374,0.1965569069761973,0.17796155534176888,0.2651507738244619,0.0007656505000000188
4.519,0.4491668715686218,0.36953146295998296,0.19614088727291842,0.17847879350384496,0.26519036066719287,0.0007439645000000212
4.522,0.4497550571124193,0.3700684462484612,0.19598280859206924,0.17951006548162998,0.26576893135363794,0.0007433945000000212
4.524,0.4501470785271444,0.37042768172278207,0.19603860613306914,0.1797254088392871,0.26595555583037833,0.0007600595000000194
4.526,0.45053914487977403,0.37078701588203866,0.19602774649656574,0.17960875041734056,0.2658687281780247,0.0007500925000000206
4.528,0.45093120020730615,0.3711460108187682,0.19602758103560838,0.17938618631224548,0.2657183026558834,0.000745451500000021
4.53,0.4513234615804026,0.3715045138028179,0.19623379206071917,0.1791167977373237,0.2656887810544565,0.0007610505000000263
4.532,0.451716413857286,0.371862847539473,0.19671848482275006,0.1792169389178178,0.2661143992083694,0.0007691925000000254
4.534,0.4521101376308123,0.37222080375981226,0.19700528870360157,0.178739281421467,0.26600529036139825,0.0007858565000000235
4.536,0.4525044528474253,0.3725776592650997,0.19730992790940033,0.1781162238660299,0.2658130863142491,0.0007780195000000244
4.538,0.4528993864764127,0.37293346967348834,0.19762370107789284,0.1776941845224475,0.2657637116703896,0.0007797695000000248
4.54,0.45329478474064844,0.3732889781810722,0.1977745631578662,0.17781432306148548,0.2659562206794553,0.0007783235000000249
4.542,0.45369052838749213,0.37364550052664525,0.19796908368588517,0.17870802251160509,0.26669892276767326,0.0007310715000000302
4.544,0.4540866035618523,0.3740037349328664,0.19810609067437304,0.17952638370960539,0.2673494821579638,0.0007274955000000306
4.546,0.4544830065951025,0.37436360243159045,0.19829694257564673,0.18034111501431338,0.26803842112550796,0.000734572500000033
4.548,0.454879775067607,0.37472494325138456,0.19847152992891617,0.1809997047798097,0.2686109478831846,0.0007416495000000322
4.55,0.45527658753823436,0.37508752968155606,0.19834094069844485,0.18158672539174628,0.2689105196819966,0.0007455305000000317
4.552,0.45567296124368434,0.3754514464333088,0.19803276475157716,0.18233002636100623,0.2691862077223845,0.0007131925000000353
4.554,0.4560690111562767,0.3758168603435602,0.1980171478406606,0.18308388389029748,0.2696859272919259,0.0007117475000000347
4.556,0.4564653436176738,0.3761833348186869,0.19831531355652185,0.18339059123638704,0.2701130736285328,0.0007337385000000322
4.558,0.4568623602778101,0.37655029520191446,0.19870134657976826,0.18356979199126802,0.27051819470107846,0.0007472075000000308
4.56,0.4572600408857423,0.37691704868098264,0.19897926135248414,0.18318368707692692,0.27046073589243536,0.0007500235000000305
4.562,0.4576581550229462,0.37728269619570276,0.19913487585132927,0.18246382764307628,0.27008840622745467,0.000745382500000029
4.564,0.45805663286305776,0.3776474657481008,0.19934296426024506,0.1823057247550104,0.27013514150978385,0.0007428725000000292
4.566,0.45845557181524643,0.3780120052130962,0.1995959879284924,0.18223374024042974,0.2702733699038204,0.0007531455000000281
4.568,0.45885498966150834,0.3783760866269458,0.1998218583334652,0.18184767360918738,0.27018022034359396,0.0007325255000000303
4.57,0.4592549364105927,0.37873937073338837,0.20012489075075637,0.18143643283327696,0.2701280271598384,0.0007001875000000196
4.572,0.4596555719891055,0.37910209973843956,0.2005106877621252,0.1812925722179508,0.2703174664135512,0.0007030035000000193
4.574,0.4600569126751426,0.3794644333753765,0.20082999827503498,0.18104106471903325,0.27038593772929786,0.0007090155000000185
4.576,0.46045907865513064,0.37982627821538695,0.20133598171306033,0.1808037752914446,0.27060336785044076,0.0007310065000000162
4.578,0.4608622276780848,0.38018737387831186,0.20181304124101032,0.18029188763336976,0.27061719893855485,0.000737018500000018
4.58,0.46126594876066446,0.3805477888648139,0.20190804133866253,0.18012309886869382,0.27057566021960716,0.0007174635000000203
4.582,0.46166980287646514,0.3809085088813354,0.20194607446208643,0.18059691765285907,0.27091966273484125,0.0007181485000000203
4.585,0.46227597304970813,0.38145138977857596,0.20216737436657062,0.1813236805074979,0.2715693730358015,0.0007399495000000211
4.587,0.4626802435547812,0.38181453436912555,0.2021031307065786,0.1818209100421405,0.271853855536302,0.0007534185000000195
4.589,0.46308439485111097,0.38217907366690773,0.20204816562304095,0.18271838773994378,0.2724141524405812,0.0007530385000000195
4.591,0.46348838580913504,0.382545206933068,0.2019427924010835,0.18341487842035176,0.2728037921816695,0.0007590495000000188
4.593,0.4638921496947196,0.382912492678309,0.20182109318352737,0.18387086682072126,0.2730206023713182,0.0007757135000000169
4.595,0.46429581392291847,0.3832808823432691,0.2018431350153867,0.18451879813945057,0.27347365141758523,0.0007806595000000165
4.597,0.4646994108333307,0.383650411803536,0.20175377539673311,0.18501066212728265,0.2737398965945793,0.000782409500000017
4.599,0.4651031088777091,0.38402073811118737,0.20194426898170115,0.18531564552416388,0.27408643937741833,0.0007639195000000191
4.601,0.4655074458446087,0.3843909831653709,0.20239269791790407,0.18492940865941354,0.2741563246719075,0.0007507565000000204
4.603,0.46591242105078684,0.38476024773811146,0.20258250826029023,0.18433516408116657,0.273896194515114,0.0007546375000000201
4.605,0.4663177544321875,0.38512843871406627,0.20275087314020082,0.18385581187349467,0.27369851318334865,0.0007286905000000113
4.607,0.46672363981466874,0.38549548955516094,0.20313450934109767,0.18319502922119255,0.2735398464878601,0.0006814385000000166
4.609,0.4671301668839281,0.38586126738819726,0.20339255991829244,0.18258280381516245,0.27332217926674424,0.0006576225000000192
4.611,0.46753713870524954,0.38622648492359296,0.20357926140318344,0.18263473158058652,0.27349581505569437,0.0006615035000000187
4.613,0.4679443243755318,0.3865920936012268,0.20360640887894307,0.18297394605315687,0.2737426431355606,0.0006760375000000237
4.615,0.4683514854968569,0.3869585638362849,0.20355471244618117,0.1834962890049915,0.2740536608725577,0.0006788535000000233
4.617,0.4687586781796547,0.38732659020464444,0.20363797035168354,0.18453007935458865,0.27480861186572,0.000663559500000025
4.619,0.46916577681625965,0.3876962373991527,0.20346066625328854,0.18511711515374246,0.27507197064600386,0.0006408085000000275
4.621,0.4695724310840648,0.38806704974980116,0.20319360155176922,0.18569523549456782,0.275264164389341,0.000642558500000028
4.623,0.4699787505359356,0.3884391474445049,0.2031258503190149,0.1864024592092467,0.27569183496628574,0.0006443085000000278
4.625,0.47038509911137055,0.38881187871016243,0.20322272511603465,0.18632880644829147,0.2757134384030496,0.0006471235000000275
4.627,0.4707917973402799,0.38918408025896606,0.20347550379339754,0.1858727423554037,0.27559201184848453,0.0006648525000000255
4.629,0.4711990209244376,0.3895554594084245,0.2037480803643197,0.1855064071030729,0.2755465610898388,0.0006644725000000256
4.631,0.4716067537812541,0.3899261274515997,0.20398477645203716,0.18516163607199754,0.2754897829267837,0.0006513095000000212
4.633,0.47201494203491384,0.3902960323753747,0.20420347720774096,0.18474328770304613,0.27537091795442536,0.0006583865000000204
4.635,0.47242353193991077,0.39066532498300327,0.2043864277892484,0.18454931992555565,0.2753765846063073,0.0006782465000000182
4.637,0.4728324860822792,0.3910344306798189,0.20456771457919304,0.1845563768901406,0.2755158908284054,0.0006789315000000182
4.639,0.47324185476973357,0.3914034319930031,0.2048009728750558,0.18444493629389672,0.2756145370168797,0.0006806815000000187
4.641,0.47365157326533847,0.3917721494782176,0.20491752272986988,0.1842725489206371,0.27558585487549125,0.0006792355000000189
4.643,0.4740613096816128,0.39214082746251855,0.20481889354449132,0.1844054353803426,0.2756014218951045,0.0006735285000000195
4.645,0.4744707719736528,0.39251024152768316,0.20464339849555074,0.18500862978433,0.2758751776483054,0.0006614305000000208
4.648,0.4750843233369603,0.39306644690015624,0.20439084370945332,0.18579495186439637,0.27621618549707677,0.0006640570000000208
4.65,0.47549292217844985,0.39343837795329595,0.20420799777995105,0.18613610127521243,0.27631061245495553,0.0006849830000000279
4.652,0.475901187790387,0.3938112192333366,0.2040576141572178,0.1867051787654748,0.2765833213940853,0.0006739510000000291
4.654,0.47630921013867517,0.3941853170885173,0.20396473413099436,0.18739267641521676,0.2769794720609911,0.0006416130000000326
4.656,0.4767171755614036,0.39456018677844135,0.20400068859745438,0.18747701350888202,0.2770630100580824,0.0006252540000000345
4.658,0.4771253973777902,0.39493460400415087,0.20422112778903434,0.18694021220052476,0.2768626229251654,0.0006078300000000286
4.66,0.4775340583065978,0.39530798711715104,0.20443980101862613,0.18644290079968365,0.27668861107594606,0.0005989280000000296
4.662,0.47794307411981796,0.3956805425807004,0.20457601220161006,0.18611256274970311,0.27656686493789434,0.0006049400000000289
4.664,0.47835238388036716,0.3960524140212262,0.20473374834765987,0.18575887777617117,0.2764457783818473,0.0005992340000000295
4.666,0.47876209168843226,0.3964235888154657,0.2049740597172981,0.18541591646319217,0.27639360925114737,0.0005743530000000212
4.668,0.4791722426540051,0.39679447078858016,0.20517690585556977,0.18546605665131025,0.27657769408658456,0.0005611900000000227
4.67,0.47958258600944736,0.39716597188087943,0.20516644958673047,0.18603503564803187,0.27695181264001306,0.0005458960000000244
4.672,0.479992793651107,0.3975387707363621,0.20504119207292223,0.18676381983470125,0.27734926508994706,0.0005092960000000283
4.674,0.4804028349952102,0.39791277942337083,0.205000152030149,0.18724486717389968,0.2776431209581025,0.0004918710000000226
4.676,0.48081288219260404,0.3982877286226112,0.2050470453637568,0.18770433206648612,0.2779877822655741,0.0004957520000000221
4.678,0.4812230160672144,0.3986637385501617,0.20508682924665295,0.18830559548407094,0.2784234272130424,0.0004911110000000227
4.68,0.48163326888513275,0.3990407284205993,0.20516598867173583,0.18868427495355183,0.27873793879269176,0.00048647000000002317
4.682,0.4820437302101857,0.3994183374192227,0.2052953363811014,0.18892472366975813,0.27899592533498413,0.0004924820000000252
4.684,0.482454326463043,0.39979657994140716,0.20530091647619433,0.18931779851471717,0.2792663516079665,0.0005016900000000241
4.686,0.48286498749892093,0.4001751634570163,0.20536011940178556,0.18926571709446074,0.2792745786998811,0.0005077020000000235
4.688,0.48327603770434807,0.40055312215991273,0.20569008602541639,0.1886929858019833,0.2791298163579281,0.0005062570000000236
4.69,0.48368765455139484,0.4009300180116452,0.2059267610212177,0.18820286593035565,0.27897338519846143,0.0005058770000000235
4.692,0.4840996605237033,0.40130619930889777,0.20607921128726686,0.18797843132227743,0.2789346374460622,0.0004937790000000248
4.694,0.48451207383550826,0.40168219194699417,0.20633410051775858,0.18801420677414296,0.2791470991885509,0.00046783300000002767
4.696,0.48492488566646386,0.4020583046522425,0.2064777304378972,0.18809849847422982,0.2793100397319165,0.0004749100000000269
4.698,0.48533784664489554,0.40243477626171237,0.2064832479936375,0.18837311099547455,0.2794991245927532,0.00048518300000003023
4.7,0.48575076854028026,0.40281207532572183,0.20643864739114287,0.18892595301400378,0.2798391160272884,0.0004943910000000292
4.702,0.48616350975613587,0.40319058960759385,0.20630256846450143,0.18958832885805826,0.28018651679594,0.0005089250000000277
4.704,0.48657591059762556,0.4035704017524525,0.20609827302523467,0.1902238160006488,0.28046675082410905,0.0005000230000000287
4.706,0.4869878848684755,0.40395143462195876,0.2058759978245811,0.19080905350548902,0.2807009465248158,0.0004857950000000239
4.708,0.48739955810194685,0.4043334835356388,0.20579723564683133,0.1912398601746163,0.28093626736234006,0.0005013940000000222
4.71,0.48781137690755083,0.4047159164754018,0.2060215699572121,0.19119307958839152,0.28106881892185664,0.0005074050000000215
4.713,0.4884303133949662,0.40528841701543833,0.20660275498632016,0.19047394710261856,0.28100715808105065,0.0004780725000000204
4.715,0.48884392787757047,0.4056688262521412,0.2070117276180349,0.18993528960025532,0.28094353455265053,0.0004776925000000204
4.717,0.48925831719486934,0.406048082811596,0.2073775896808908,0.1893212698545852,0.2807988745013209,0.0004709205000000212
4.719,0.4896732443967902,0.4064261132193817,0.20754961223985013,0.18870913793102262,0.28051377912605624,0.00045669150000001644
4.721,0.49008839015011285,0.4068032299355502,0.2075961410828445,0.18840757823749216,0.28034545355650947,0.00044033250000001826
4.723,0.49050366149603225,0.40718025685184417,0.20767520483661006,0.18861933805655692,0.2805463337718418,0.0004261045000000198
4.725,0.4909190192183441,0.40755781142086206,0.20768251747528227,0.18893523096137863,0.2807642241513338,0.0003980275000000229
4.727,0.49133431251186516,0.40793582190973127,0.20761077604566985,0.18907525790771604,0.280805426377687,0.0003529055000000079
4.729,0.4917494444286819,0.4083142793800633,0.20752114077110964,0.1893822124244031,0.28094598457658093,0.00035039450000000816
4.731,0.492164352331897,0.4086936864183292,0.20738676244399817,0.19002482584150002,0.2812804715459211,0.000378776500000005
4.733,0.4925790399643135,0.4090744073847414,0.20730086997259126,0.1906961405707091,0.28167120676412216,0.00040609350000000196
4.735,0.49299378528308857,0.40945578883545836,0.2074444488023535,0.19068531014616774,0.28176956337484793,0.00042701850000000894
4.737,0.493408971891529,0.4098366065079942,0.20774215963811019,0.19013236238970654,0.28161519866476803,0.0004308985000000085
4.739,0.4938247307235035,0.4102166323945045,0.20801667233645088,0.18989352412067442,0.2816566819248205,0.0004464965000000068
4.741,0.4942409846616237,0.4105960388299325,0.20823726578376262,0.18951291130739029,0.2815633186572785,0.0004599645000000053
4.743,0.49465768509827046,0.4109745207038875,0.20846317086285254,0.1889689626474785,0.28136482091807247,0.000449997500000002
4.745,0.49507479989227327,0.4113524441870517,0.20865162314000615,0.18895452051671818,0.2814947791037376,0.0004208555000000052
4.747,0.4954922180999013,0.41173057574594707,0.20876658448805546,0.1891770383787229,0.28172937129194253,0.0003821255000000094
4.749,0.4959098624997477,0.41210878798584144,0.20887781535841712,0.18903520151566394,0.28171661143953275,0.0003700275000000108
4.751,0.4963276790844037,0.4124866645202236,0.2089387692974207,0.18884133286635912,0.28163177788428606,0.0003813655000000146
4.753,0.4967455961940235,0.4128645607603424,0.20897834032243276,0.18905490725246488,0.28180437306783696,0.0003980295000000127
4.755,0.49716353152396203,0.41324313725064876,0.20895698961614856,0.1895215830539612,0.28210185031779345,0.0004029755000000122
4.757,0.49758148878991726,0.4136227027077022,0.2090002763391518,0.19004387399947528,0.28248502536341685,0.0003993995000000126
4.759,0.4979996833580375,0.4140032103774559,0.20919429178097773,0.19046379575414596,0.28291113305563265,0.0004075415000000153
4.761,0.49841816370175374,0.4143846781876453,0.2092860519352924,0.19100401443530177,0.2833428754443331,0.0004135525000000146
4.763,0.4988367485352536,0.4147670846720629,0.20929878156460913,0.19140246998237823,0.2836210243966148,0.00042595550000001323
4.765,0.4992554985946615,0.41514971903683134,0.20945127784333914,0.19123189478608918,0.2836185384873237,0.0004053355000000155
4.767,0.4996747491745684,0.4155317232036137,0.209799302063388,0.19077227199616548,0.28356623019827953,0.0003804545000000072
4.769,0.5000947747879396,0.4159128260444671,0.21022631130791392,0.19033056885726016,0.2835856614987087,0.00039285850000000575
4.771,0.5005155916028844,0.41629307062672155,0.21059050363684692,0.18991401339724487,0.2835766081796412,0.0004084575000000041
4.774,0.5011479683279587,0.41686152414138444,0.21099397974605433,0.18905499637801831,0.2833024022922695,0.00044304000000000543
4.776,0.5015700602798838,0.4172393774214193,0.21109797217910534,0.18879828365691462,0.28320866118451804,0.0004692910000000025
4.778,0.5019921560078483,0.41761760762470895,0.21099775578544022,0.1894319196327593,0.28355688163443404,0.0004678450000000027
4.78,0.5024139796773442,0.4179974982080632,0.21082591371037446,0.1904586637213443,0.28411629393319626,0.0004397669999999933
4.782,0.5028354954265388,0.4183791837992259,0.2106898354842192,0.19122692744137557,0.28453109593687026,0.00041595099999999595
4.784,0.5032567263660757,0.41876222284377645,0.21054110405263107,0.19181211710920157,0.2848147551753857,0.0004134409999999962
4.786,0.5036776491214904,0.41914654355454045,0.21038165136213696,0.19250859365485587,0.2851666142114644,0.0004226479999999952
4.788,0.5040984017297166,0.41953174561765644,0.21037095686399257,0.19269346946102506,0.28528356536050026,0.00043718100000000003
4.79,0.5045194360189157,0.419916703453776,0.21066333233505224,0.19226436665862626,0.2852097934453713,0.00044106199999999955
4.792,0.5049412470853611,0.42030073659361583,0.2111477341104743,0.19176877318122426,0.28523433872417847,0.0004236380000000015
4.794,0.505363824252787,0.4206840478665503,0.2114294333154458,0.19154249975329374,0.2852909646025108,0.00042538900000000133
4.796,0.5057868086663311,0.42106691563202137,0.21155498022842922,0.19132526571765876,0.28523826349454556,0.0004324660000000037
4.798,0.5062101733096542,0.42144912810451796,0.21180966309474225,0.19088720677898383,0.2851337564936687,0.00043102000000000385
4.8,0.5066340061351299,0.42183069242528615,0.21202316238092173,0.1906771139892635,0.28515185986642505,0.000447684000000002
4.802,0.5070581421939228,0.4222120250737686,0.21211289641197426,0.19065553449322642,0.2852041613601996,0.00047713199999999877
4.804,0.5074823645138818,0.4225935784527311,0.2121094235469178,0.190897844469172,0.2853636181793011,0.0004831440000000008
4.806,0.507906535249505,0.422976101087999,0.21206131207633888,0.19162479079878372,0.2858147311252799,0.00048169900000000096
4.808,0.508330636743756,0.4233601924750248,0.2120401821746804,0.19246659622711465,0.28636415543835586,0.0004887760000000002
4.81,0.5087546600089222,0.4237458095416469,0.21198308299155386,0.19315047039505595,0.28678202818244275,0.0004937219999999997
4.812,0.5091785546960899,0.42413274231217357,0.21191160417596624,0.19378230013144368,0.28715519815713647,0.0005039940000000032
4.814,0.5096023745512644,0.4245207717848536,0.2119082509986987,0.19424717254859025,0.2874666430813309,0.000514266000000002
4.816,0.51002618593031,0.42490975972243916,0.21190312804692188,0.19474076503704973,0.28779663174416337,0.0005351909999999997
4.818,0.5104499870295194,0.4252996666395528,0.21189797116251918,0.19516615207667729,0.2880808516705137,0.0005284190000000005
4.82,0.5108737436911163,0.4256904189612053,0.2118586904342659,0.19558616957564215,0.28833670325124056,0.000482231999999985
4.822,0.5112972621624795,0.42608227344559274,0.21165978092900048,0.19626831481182486,0.288653969766546,0.0004605459999999874
4.824,0.5117203271694646,0.42647549583501776,0.2114052260560734,0.19695407461322398,0.28893438201531313,0.000464425999999987
4.826,0.5121431808042363,0.4268696319129152,0.21144840871570136,0.19718200328425836,0.28912137929872217,0.00046617599999998683
4.828,0.5125664023434598,0.4272636691026094,0.2117731305077611,0.19685518640975233,0.28913634019520196,0.0004562089999999835
4.83,0.5129901961803288,0.42765712449078963,0.21202070636124107,0.19660020177055493,0.2891442879638858,0.0004526339999999839
4.832,0.5134144995509756,0.42805012912977125,0.21228266428560527,0.19640443721110046,0.28920344484878474,0.00048208199999998064
4.834,0.5138394021613139,0.4284426327057166,0.21261994605271547,0.1960991387342894,0.2892440382649048,0.0005285739999999755
4.836,0.5142648734550217,0.4288345723993917,0.21285134765494287,0.19584055494072003,0.2892390346374682,0.0005356509999999777
4.838,0.5146906299893066,0.4292262373274954,0.2129051866300002,0.19582437316300588,0.28926770234272503,0.000542727999999977
4.84,0.5151165497767636,0.4296177567824461,0.21301460082706913,0.19569508178779849,0.28926075641443094,0.0005593919999999752
4.843,0.5157558112991179,0.4302041917129956,0.21315974740911486,0.19526153857853393,0.2890746380497154,0.0005300594999999741
4.845,0.5161820876455497,0.4305945748124454,0.21311659902277053,0.1951215608712793,0.2889482796208981,0.0005041134999999769
4.847,0.5166081755024108,0.43098490236668413,0.21297125783814475,0.19520599336731204,0.2888981421049305,0.0005058644999999775
4.849,0.5170340482618451,0.4313757864389263,0.21290150159617952,0.19567807887493763,0.28916597298799585,0.0005214634999999758
4.851,0.5174599464875276,0.4317673202395887,0.2129967240863733,0.19585572178748792,0.28935629979045646,0.0005082994999999771
4.853,0.5178860154015836,0.4321591967731656,0.21307218996976654,0.1960208117894693,0.28952360317099335,0.0004983314999999783
4.855,0.5183123824216257,0.43255138726089,0.21329483007211258,0.19616967593474854,0.28978824388134805,0.0004926254999999764
4.857,0.5187393488549285,0.4329434141227987,0.21367160323071252,0.19585718597398874,0.28985443126651117,0.0004730714999999786
4.859,0.5191670957300939,0.43333474779242787,0.21407527193476691,0.19547648365521575,0.28989528750249155,0.00046523449999997943
4.861,0.5195954919237495,0.43372517654195336,0.21432092172097847,0.19495226587031902,0.289723736437492,0.00047976749999997776
4.863,0.5200242860822778,0.4341145658705653,0.21447323680713187,0.19443706274146755,0.28949013916549465,0.0004879094999999805
4.865,0.5204533097225899,0.43450341124080755,0.2145504035050073,0.19440830750080998,0.2895280049830947,0.0004971164999999795
4.867,0.520882320976301,0.4348926012355993,0.21446085020620123,0.1947816872910202,0.28971255059990664,0.0005244324999999764
4.869,0.5213111836659718,0.4352825756674854,0.21440183946460137,0.19519274459510885,0.2899454367779843,0.0005453574999999742
4.871,0.5217399176895142,0.43567358401644557,0.2143321840776016,0.19581560436490342,0.29031368559588655,0.0005577604999999783
4.873,0.5221684801502873,0.43606593682086114,0.21423027669550004,0.196537200050722,0.29072578567579455,0.000552053499999979
4.875,0.5225968907491857,0.43645955509465983,0.21418032220299016,0.19708107374801412,0.29105697045191486,0.0005623254999999777
4.877,0.523025244471204,0.4368541587842697,0.21417339981535063,0.1975226158618678,0.291351040783075,0.0006045554999999732
4.879,0.5234536362597977,0.4372493978344359,0.2142183887783617,0.1977164343043868,0.2915155338654155,0.0006126974999999722
4.881,0.5238822703646087,0.4376446493023873,0.21441571603242662,0.1975350336468567,0.2915376284453913,0.0005974034999999671
4.883,0.5243113814993743,0.4380392292007335,0.21469541873328601,0.19704486469939808,0.291411738832644,0.0006108714999999656
4.885,0.5247410106477925,0.4384326528873569,0.21493372968500116,0.19637882192399814,0.29113768195917633,0.0006115564999999656
4.887,0.5251710806097787,0.43882488630682126,0.21513623230117399,0.1958545975404093,0.29093405064801264,0.0005951974999999673
4.889,0.5256015431000809,0.43921620769696945,0.21532625800087365,0.19546679260767444,0.2908137967789534,0.0005926874999999664
4.891,0.5260323480385398,0.4396069024737646,0.21547868045815044,0.19522798418750684,0.2907662764866365,0.0005933724999999664
4.893,0.5264632481613363,0.4399976977061401,0.21542144233832583,0.1955672481880363,0.2909517939160466,0.0005844694999999674
4.895,0.5268938671086405,0.44038955387248235,0.21519750496591147,0.19628891815425067,0.29127187563120405,0.0005840894999999675
4.897,0.5273242408890138,0.4407826558231895,0.21517627540721374,0.19681303255277025,0.29160966938827476,0.0005964924999999716
4.899,0.5277547695612118,0.4411766551169651,0.2153523967909026,0.19718626122284644,0.2919915690882718,0.0006003724999999713
4.901,0.52818548361725,0.44157150507015813,0.21536165924736114,0.1976636919702775,0.29232102113446656,0.0006031874999999709
4.903,0.5286162752160319,0.44196695625946164,0.2154299395345411,0.1977874973332998,0.2924550443217318,0.0005996114999999713
4.905,0.5290474113298084,0.44236223852462897,0.21570617424178648,0.1974947678339183,0.2924608297324639,0.0005981664999999709
4.907,0.5294791824785803,0.4427569406625497,0.2160649745301773,0.19720737008686678,0.2925317419277857,0.0006158964999999688
4.91,0.5301284107861973,0.4433478351923816,0.21675389721451285,0.19672231646768465,0.29271474468173186,0.0006600684999999706
4.912,0.5305623381937251,0.4437407141578072,0.21717351031329307,0.19615664895797813,0.29264614214477774,0.0006937774999999667
4.914,0.5309968751167152,0.44413251578585,0.21736341267683654,0.1956449790848693,0.292444543480708,0.0006816794999999681
4.916,0.5314316218848036,0.4445241090648818,0.2173833554114504,0.19594829994680704,0.2926623642732096,0.0006621244999999616
4.918,0.5318663387531158,0.44491662493007955,0.21733351290076247,0.19656756525094882,0.2930403786826517,0.0006787884999999597
4.92,0.5323009522860087,0.4453102824050871,0.217280019992103,0.19708990975662063,0.29335139272831406,0.0006741474999999603
4.922,0.5327355450513472,0.44570509040899714,0.21731274534647488,0.19771809415346867,0.2937980157279857,0.0006545934999999625
4.924,0.5331700866324832,0.44610121588291207,0.21722883578937588,0.19840737976130768,0.29420036614891454,0.000649952499999961
4.926,0.533604621663393,0.44649830521049827,0.21730619512035745,0.1986819478249569,0.29444269192697886,0.000631462499999963
4.928,0.5340395338511047,0.44689575507077084,0.21760599259142757,0.19876791244764289,0.29472198939083977,0.0006321474999999631
4.93,0.5344750025547129,0.4472933786781489,0.21786271101681046,0.19885569493045901,0.29497075830981967,0.0006637254999999595
4.932,0.534910997074208,0.4476908924514031,0.21813180847813032,0.19865807832361285,0.2950364688528698,0.0006782594999999644
4.934,0.5353475116158719,0.4480876753618984,0.21838273318585724,0.19812483217174454,0.29486347226607645,0.0006682924999999654
4.936,0.5357844634059235,0.44848340977445494,0.21856905686572375,0.1976095803848424,0.2946556954804123,0.0006561944999999668
4.938,0.5362216232530598,0.4488789196906269,0.21859079027067455,0.19790033578714655,0.29486687927914756,0.0006685974999999654
4.94,0.536658964691633,0.4492748925622165,0.21875064830242247,0.19807253580234246,0.29510095827004756,0.0006692824999999657
4.942,0.5370968821340854,0.44967063889595354,0.21916679415002832,0.19767379793475282,0.2951423623405328,0.0006561184999999671
4.944,0.5375353666293321,0.450066207160918,0.2193177010968033,0.1978944670297667,0.29540222425598317,0.0006397594999999689
4.946,0.5379739398042411,0.4504629330579203,0.21925547381227745,0.19883142997256736,0.2959846285562516,0.00062872749999997
4.948,0.5384124816220685,0.45086116487223854,0.21928634401489996,0.19940038434553506,0.296389969379141,0.0006379354999999731
4.95,0.5388509629724108,0.4512602762138409,0.21919500632750052,0.19971095725684881,0.2965314776669753,0.0006503384999999717
4.952,0.5392890984502983,0.4516602152184921,0.2189404715601083,0.20022804739439473,0.2966920980584663,0.0006542184999999714
4.954,0.539726848699661,0.4520611793478905,0.21880977780270172,0.20073608200401458,0.2969388716224101,0.0006538374999999714
4.956,0.5401644828170054,0.4524629620155273,0.2188243395414333,0.2010465856326938,0.2971595887234813,0.0006491954999999699
4.958,0.5406021997679593,0.4528651574499227,0.21889261141259,0.20114884876270006,0.29727905188489606,0.0006605324999999686
4.96,0.5410401537226227,0.45326747657189964,0.21906134325088467,0.20117027321430928,0.2974178053378811,0.0006782614999999667
4.962,0.5414784935952723,0.4536698259446381,0.2192785293988412,0.20117909952422353,0.2975837756677872,0.0006821424999999662
4.964,0.5419172481291928,0.4540722414450314,0.2194760045215523,0.20123640086890462,0.29776803991599726,0.0006817624999999661
4.966,0.5423563688882346,0.45447476079786436,0.21964475452017443,0.2012829519640997,0.29792389118633933,0.0006941654999999646
4.968,0.5427957823125149,0.45487742533330283,0.21976866976025375,0.20138158347442203,0.29808188534504587,0.0007033724999999637
4.97,0.5432353789814072,0.4552803284585634,0.21982799913210133,0.2015215417861845,0.2982201887973114,0.0007019264999999639
4.972,0.5436750906622335,0.455683430733924,0.21988368169409978,0.20158073357423317,0.2983012330240661,0.0007047414999999648
4.974,0.5441149585375966,0.45608659213014946,0.21998419366907754,0.2015806626513134,0.29837528218533255,0.0007064914999999646
4.976,0.5445550578814129,0.45648965823382087,0.22011515014730101,0.20148544102013013,0.2984075439184559,0.000719959499999963
4.979,0.5452155932371423,0.4570942557675387,0.2202417536722554,0.20157958145841295,0.298564495078667,0.0007082039999999626
4.981,0.5456561701101644,0.4574974597362833,0.22033511934987537,0.20162438728623375,0.29866362076334807,0.0007088889999999626
4.983,0.5460968978466603,0.4579008035972473,0.22039261714599206,0.2017194736777939,0.2987702323748235,0.0006818769999999655
4.985,0.5465376187288653,0.4583046589954693,0.22032826505886255,0.20213592454407572,0.29900414106686996,0.0005856229999999334
4.987,0.5469783472181112,0.45870921619049726,0.22040022418711694,0.20242127048393915,0.2992501120568937,0.0005468929999999377
4.989,0.5474193433649225,0.4591141627246366,0.22059592262419025,0.2025252636554409,0.299464594730535,0.0005667529999999355
4.991,0.5478606752899325,0.45951935317239123,0.22073600238586616,0.20266518409920994,0.29966240937972144,0.000570633999999935
4.993,0.5483022658152193,0.45992478578197066,0.2208545229007927,0.2027674254800553,0.2998188605167236,0.0005564049999999303
4.995,0.548744181252522,0.4603302864190464,0.2210609144019327,0.2027332115956947,0.29994780039220714,0.0005347189999999327
4.997,0.5491865758769907,0.46073570603419217,0.22133371006687222,0.2026864035501139,0.30011729273076865,0.0005066409999999358
4.999,0.5496293797485436,0.46114116313117126,0.22147016148612594,0.20277069342904347,0.3002748516649135,0.0004945419999999371
5.001,0.5500722896658822,0.4615469217120813,0.2214397558522696,0.2029878874808402,0.3003991476949411,0.000494160999999937
5.003,0.5505152500209335,0.4619530482165096,0.2215205991991362,0.20313861694756055,0.3005605988231193,0.0004905849999999373
5.005,0.5509584923299236,0.4623595048409973,0.22172170979096115,0.20331800754018978,0.3008300662878295,0.00046570399999994004
5.007,0.5514021153596826,0.46276641718670286,0.22190131996814808,0.20359433816540934,0.3011492160650887,0.00041845199999994523
5.009,0.551846070581273,0.4631736434917483,0.22205390162208138,0.20363196687984392,0.30128709424889555,0.00040954999999994233
5.011,0.5522903363095816,0.4635808481290502,0.22221182668657716,0.2035726704221291,0.3013634484508402,0.0004176919999999414
5.013,0.5527350005075845,0.46398807055080593,0.22245237131638132,0.20364975133363694,0.30159290230795116,0.0004013329999999432
5.015,0.5531800686454187,0.464395526141127,0.22261576651780648,0.20380583898746088,0.3018188190085127,0.0003892349999999445
5.017,0.5536253361695093,0.4648033783171946,0.22265175757257705,0.20404633708001926,0.30200780259114246,0.000384592999999943
5.019,0.5540706289619046,0.4652115912512011,0.22264103482287947,0.2041665969265465,0.3020811640727861,0.00037462499999994407
5.021,0.5545159343756757,0.46561995494982983,0.22266437894821273,0.2041971017022372,0.302118986487091,0.00036465699999994514
5.023,0.5549613367728089,0.46602848733142155,0.22273801818502825,0.20433527988950553,0.30226665603820174,0.0003632109999999453
5.025,0.5554068254110212,0.46643726198855057,0.22275062002711973,0.20443937723935798,0.3023463207788096,0.00035430899999994235
5.027,0.5558523194855381,0.4668461820276172,0.22274345448992122,0.20448066182732155,0.30236895935172153,0.0003283629999999452
5.029,0.5562978100125353,0.4672552330941466,0.22274707250728368,0.20457040470215992,0.30243232100847056,0.00029602499999994877
5.031,0.5567432880065651,0.4676643828831535,0.2227309215225491,0.20457938430475264,0.30242649997114274,0.00028605799999994986
5.033,0.5571888072948241,0.4680735739433604,0.2227883667362512,0.20461167590205742,0.30249065153894417,0.00028567799999994973
5.035,0.5576345204434738,0.4684828152040475,0.22292478191346948,0.20462958478505996,0.3026032474387444,0.0003044719999999476
5.037,0.5580804417893395,0.46889203127452317,0.22299656395219303,0.20458648569062965,0.30262699427137485,0.0003264619999999452
5.039,0.5585264564598814,0.46930121859694524,0.22301810658979399,0.20460083673146948,0.302652570215609,0.000319689999999946
5.041,0.558972612925772,0.46971040946293885,0.22313835930067685,0.2045900292619827,0.30273388886085567,0.000310787999999943
5.043,0.5594190260449822,0.4701195589662806,0.22327475990954368,0.20455947407983124,0.3028137989730348,0.00030295099999994387
5.046,0.5600889352403783,0.47073359274799753,0.22333137035454131,0.20479638039810832,0.303015607533018,0.00030557599999994395
5.048,0.5605356841449749,0.47114321958517313,0.22341753424207994,0.20483045677751544,0.30310214553924986,0.00030945699999994353
5.05,0.5609826698990775,0.471552607632113,0.22356821986064804,0.2045575901623777,0.30302896994297157,0.00030907699999994356
5.052,0.5614299050203265,0.47196160432074186,0.22366690138844417,0.2044390984665501,0.3030218271981802,0.0003172189999999427
5.054,0.5618773662375858,0.4723704142724038,0.22379431587065102,0.20437085319525136,0.3030698623284204,0.00031577399999994227
5.056,0.5623250858950125,0.47277915593751596,0.22392534155614818,0.20437081191699435,0.3031665999984977,0.00031219899999994263
5.058,0.5627730066413272,0.47318809856531885,0.22399540475861762,0.20457181588594597,0.30335386796256664,0.0003160799999999422
5.06,0.5632210603421621,0.47359747012652537,0.2240582960762918,0.20479974532059592,0.30355404086256565,0.0003007859999999439
5.062,0.5636692164874033,0.47400729575979217,0.22409784916471326,0.2050258879460505,0.3037358403750157,0.0002748399999999352
5.064,0.5641174175826411,0.47441738881608997,0.22410324607308152,0.20506716835179403,0.30376768826903755,0.00026700299999993606
5.066,0.5645655719745077,0.47482733470436217,0.22405114579361626,0.20487871992044027,0.3036020517184798,0.00025809999999993705
5.068,0.5650136258254814,0.4752371747206583,0.2240027051801555,0.20496129637572105,0.3036220429086858,0.0002534579999999376
5.07,0.5654616976846255,0.4756472498607666,0.22406915396381802,0.20511384373244199,0.3037740519675073,0.00025094699999993674
5.072,0.5659099903282382,0.47605738417733656,0.22422348964893127,0.20502047283753355,0.30382489626900266,0.00022713099999993938
5.074,0.5663586167797853,0.47646736046584914,0.22440296189825393,0.20495581567509746,0.3039137635707763,0.00023101199999993894
5.076,0.5668076327205412,0.4768773456377257,0.22461297885781734,0.20502935620154528,0.3041184426762087,0.000230631999999939
5.078,0.5672569358713084,0.4772874653573483,0.22469017190918583,0.20509036342088158,0.3042165848876237,0.00023131699999993918
5.08,0.567706291073945,0.4776975904489373,0.22466503072747057,0.20503472816818757,0.30416050990682186,0.00024371999999993785
5.082,0.5681556318933749,0.47810760964669813,0.2246757887024594,0.20498446959269953,0.3041345800846601,0.00023481799999993885
5.084,0.5686050427049147,0.47851759113570824,0.22473502283744118,0.20499701941748177,0.30418679862840303,0.00023976399999993829
5.086,0.5690545863655744,0.47892768746375636,0.22480863782204302,0.20509930863048878,0.30431012148810793,0.00024683999999994066
5.088,0.5695042054411532,0.4793379022332225,0.224810437756786,0.20511546083570154,0.3043223376590026,0.0002272849999999428
5.09,0.5699538137639432,0.4797481887988192,0.224797885033183,0.20517110476105826,0.30435057309665986,0.00021412199999994427
5.092,0.5704034652277223,0.4801587733041195,0.2248535787460653,0.20541340053927223,0.30455508039765233,0.00022013299999994358
5.094,0.5708532729585953,0.48056987649287036,0.2249541521267841,0.20568978821145484,0.3048157796662658,0.00022401299999994493
5.096,0.5713032566943422,0.4809814678473837,0.22502958362013087,0.20590156630192086,0.3050143742675643,0.00022469799999994482
5.098,0.5717534145913071,0.4813933230099108,0.22512831334476519,0.20595359622520043,0.3051223381982245,0.00022325299999994498
5.1,0.5722037950922287,0.48180535761078164,0.2252521875768966,0.20608100464570162,0.3052997354796743,0.0002218079999999451
5.102,0.5726544233393416,0.4822176380528443,0.22537605953581577,0.20619943741683533,0.3054710726123031,0.00023208099999994856
5.104,0.5731053226235423,0.48262997586582534,0.22552322466495606,0.20613837556427794,0.3055384668802924,0.000255136999999946
5.106,0.5735565054860864,0.4830422597605047,0.22565963787918664,0.20614551911509046,0.3056439877030068,0.00026540999999994486
5.108,0.5740079521903849,0.4834545220470752,0.2257870664193858,0.2061167674554532,0.30571869617110026,0.00026289999999994513
5.11,0.5744596609319769,0.48386673221377247,0.22592167517241088,0.20609339924170475,0.3058023749477905,0.0002603899999999443
5.113,0.5751375915634132,0.48448512140785793,0.22603207911841058,0.20616606348194128,0.3059329117996808,0.0002630164999999444
5.115,0.5755896629045147,0.48489746430291136,0.22603926198321878,0.20617683157151862,0.3059454752644473,0.0002690284999999438
5.117,0.5760418203936876,0.4853097838416333,0.2261182271896678,0.20614270715046712,0.30598083008371857,0.0002846274999999421
5.119,0.5764942345553301,0.48572211946239474,0.22629593445290247,0.20619291361100445,0.3061459906209903,0.0002842474999999421
5.121,0.5769469700574388,0.4861346578138993,0.22643956765566958,0.2063454378934056,0.30635488822525403,0.0002817374999999413
5.123,0.5773999515336524,0.48654746532781556,0.22654190855800418,0.2064620760229013,0.3065090947570551,0.0002824234999999412
5.125,0.5778531286942187,0.48696042176199433,0.22663525200833656,0.2064943581558939,0.3065998326860222,0.0002671304999999429
5.127,0.5783064638029638,0.48737336738540304,0.22669985673681828,0.20645126525288632,0.30661857407699805,0.00025609849999994413
5.129,0.5787601166067077,0.4877863183103561,0.22695294700705615,0.20649965970023218,0.30683831183784616,0.00026850149999994274
5.131,0.5792142468890566,0.4881994252614713,0.2271773353417351,0.206607291414806,0.30707672422170607,0.00027983849999994653
5.133,0.5796686213050861,0.4886126452226957,0.22719708068779457,0.20661266980961135,0.307094950787068,0.000284784499999946
5.135,0.5801230836995699,0.4890259602847976,0.2272653137960393,0.20670239229232443,0.30720579720145613,0.00030570949999994367
5.137,0.5805777185060749,0.4894396091385669,0.227369492708992,0.2069464614769786,0.30744710786180274,0.00032450349999994154
5.139,0.5810325562735112,0.4898536958747481,0.227468274727187,0.20714027470410581,0.307650628817585,0.0003401024999999468
5.141,0.5814876005621906,0.49026811279767496,0.22757601395220797,0.20727664822278893,0.3078221093827559,0.00033759249999994705
5.143,0.5819428836348078,0.49068272169038857,0.22770705866504748,0.20733224449085588,0.30795643226194097,0.00034466949999994626
5.145,0.5823984305859636,0.49109742203094325,0.22783989249084782,0.2073680960638555,0.308078794913557,0.00035494249999994517
5.147,0.5828542360442968,0.491512247923163,0.22796556584210675,0.20745779615573193,0.30823211447788035,0.0003439104999999414
5.149,0.5833102677006156,0.4919271975835981,0.22806609047675425,0.20749186427938202,0.30832939426445305,0.00035205249999994054
5.151,0.5837664824359194,0.49234215435963075,0.22814864482722993,0.20746491175332255,0.3083723297335794,0.0003623244999999394
5.153,0.5842228264320589,0.49275719365322423,0.22819535131231247,0.20757438184020005,0.308480538052064,0.0003608784999999396
5.155,0.5846791543798994,0.49317252192708944,0.2281325965280071,0.20775389202483469,0.3085549566123953,0.00036902049999994234
5.157,0.5851353998091157,0.49358797407730215,0.22811283268832003,0.2076982581879494,0.3085028863582926,0.00037183649999994196
5.159,0.5855917151378051,0.49400315158662667,0.22820249600114992,0.20747925113659324,0.30842181964536225,0.0003650644999999427
5.161,0.5860482439539153,0.4944180490180489,0.2283263201091769,0.20741818028573072,0.3084723812072034,0.00037320649999994184
5.163,0.5865050204325648,0.4948328655892755,0.22845015854022374,0.20739839094068693,0.3085507535266109,0.00037602249999994276
5.165,0.5869620428152516,0.4952477054033585,0.22857222414660092,0.20744142314240732,0.308670059588991,0.0003617944999999443
5.167,0.5874192931906953,0.49566267077561105,0.22867815129720506,0.20752394911018252,0.30880396100923485,0.00035182749999994534
5.169,0.5878767069093342,0.49607766121788294,0.22873556734182282,0.20746649316173224,0.3088078780601503,0.0003429254999999464
5.171,0.5883342857563315,0.49649265519380764,0.22884327965529708,0.20752748276283003,0.3089286369782983,0.0003361534999999441
5.173,0.5887921464357084,0.49690776394774006,0.22901739972170618,0.20758127116963773,0.3090937616900322,0.00033683849999994407
5.175,0.5892502404462178,0.4973228654442381,0.22907661078769692,0.20752022532846284,0.30909664755599336,0.0003119574999999468
5.177,0.5897084421555816,0.49773799921614187,0.22912509857622787,0.20761354657537562,0.3091952385130984,0.0002838804999999499
5.18,0.5903961972179739,0.49836137282718934,0.22937827635191985,0.207968860789587,0.3096214474488102,0.0002833104999999498
5.182,0.5908551224994436,0.49877735895940545,0.22954700511768772,0.208017271426397,0.3097789740608343,0.00032554149999996395
5.184,0.591314365493031,0.4991934185809578,0.2296959884697022,0.20804235012597108,0.3099062222108661,0.0003379454999999626
5.186,0.5917738795845726,0.49960970426729984,0.22981810307201944,0.2082433362161151,0.31013166168264616,0.0002970854999999671
5.188,0.592233607361173,0.5000262968096181,0.2299096735284679,0.2083492061021653,0.310270607156671,0.00029457449999996735
5.19,0.5926935452128258,0.5004431315954244,0.23002817812419413,0.20848557970402853,0.31044999545121726,0.0003123034999999733
5.192,0.5931537703748317,0.5008603755205416,0.23019698388178514,0.2087583454132352,0.3107582632335663,0.0003310974999999712
5.194,0.5936142864420859,0.5012780393507666,0.2303190833724185,0.20890548481185112,0.3109475546615307,0.00030941149999997355
5.196,0.5940749802449334,0.5016958305598892,0.2303747194752061,0.2088857243107601,0.3109754929156167,0.000269616499999978
5.198,0.5945358427837496,0.5021136917220701,0.23048781934078225,0.20897543786997128,0.31111954052649166,0.0002585834999999743
5.2,0.594996940489482,0.5025317035913724,0.23060988639174196,0.20903643143246273,0.3112509427578185,0.00025394149999997484
5.202,0.5954582140784563,0.5029496579786923,0.23066370258256988,0.20891795588745585,0.31121127225936596,0.0002492994999999753
5.204,0.5959196150603306,0.5033674400249475,0.2307372792918211,0.20886409036778858,0.31122965845201134,0.0002744854999999726
5.206,0.5963811668445428,0.5037853153633652,0.23081450492016164,0.20901124804986898,0.3113856732300046,0.00031138949999998496
5.208,0.5968429179454084,0.5042034670509279,0.23093659594556604,0.20914043951288216,0.31156289058000336,0.0003280534999999831
5.21,0.5973049257819625,0.504621835834437,0.23107124060855952,0.20922834399622384,0.31172169986669357,0.00033619549999998224
5.212,0.5977671544849346,0.505040493519378,0.23115746236359827,0.20942934094483248,0.31192053676371684,0.00033794549999998204
5.214,0.5982295269203611,0.5054595675666053,0.23121497306285266,0.2096447062823547,0.3121077804872388,0.00035460949999998757
5.216,0.5986920269025386,0.5058789592613544,0.23128500911473374,0.20974698846687945,0.3122283693262477,0.0003723384999999857
5.218,0.5991547961626948,0.5062984818812415,0.23148425104156234,0.20977563142030622,0.31239522086302984,0.00037834949999998504
5.22,0.5996179657128421,0.5067180923000818,0.23168529910570776,0.2098347874200961,0.3125839340614584,0.0003598594999999871
5.222,0.6000814404531626,0.507137873119918,0.231789441214673,0.20994603241594476,0.31273580157348035,0.0003498914999999837
5.224,0.6005451127372493,0.5075579518169054,0.23188284287206395,0.21013266457153887,0.3129303269713007,0.000375077499999981
5.226,0.6010089179148853,0.5079782279002493,0.23192233476401353,0.21014341877233897,0.31296681264267906,0.0003768274999999808
5.228,0.6014728522723655,0.5083983657301265,0.23201202271622465,0.20999441110502423,0.31293326985192843,0.0003753814999999809
5.23,0.6019369876460504,0.508818471177361,0.23212335096862363,0.21011103612927215,0.31309407143575735,0.00038884949999998546
5.232,0.6024013654570205,0.5092389067886983,0.2322544600015027,0.21032457520806896,0.3133345833562652,0.0003884694999999855
5.234,0.6028661077344414,0.5096596168755053,0.23248781741940788,0.21038551159899813,0.3135484790892983,0.00037956749999998654
5.236,0.6033312861812573,0.5100803644884782,0.2326906293966265,0.210362101373869,0.31368318842970866,0.00038238349999998616
5.238,0.6037967212491849,0.5105009917474933,0.23274443853079818,0.21026515764111603,0.31365811034446384,0.0003777424999999846
5.24,0.6042623231890212,0.5109214843275,0.2328575013055457,0.21022742236557043,0.3137167273652047,0.00038162349999998417
5.242,0.6047282320265042,0.5113419067915332,0.23305133617749524,0.21019504166779684,0.3138389409169021,0.0003759174999999848
5.244,0.6051944315961352,0.5117622214565215,0.23314823345360008,0.2101196233205033,0.31386040665697956,0.00033292749999998955
5.247,0.6058938964685918,0.5123925157036451,0.23316168151749175,0.21007654142855203,0.3138415571377481,0.0003259659999999893
5.249,0.6063602737311156,0.5128128267156841,0.23321558100627143,0.2102344706105195,0.3139873243571755,0.0003394339999999878
5.251,0.6068268108217645,0.5132333889539462,0.23332150964244688,0.21032776765150785,0.3141284716594424,0.000340118999999988
5.253,0.60729350054234,0.5136541449863476,0.23336821093308555,0.21042826474996407,0.31423045122933274,0.00034080399999998796
5.255,0.6077603052755806,0.5140753138008158,0.23343652230754122,0.2107405497182523,0.31449036430801874,0.00033403199999998873
5.257,0.6082272393879516,0.5144969187261863,0.23349759006363194,0.21086437565229285,0.3146186731342486,0.00032193399999999004
5.259,0.6086942614585997,0.5149185469558288,0.23352448058425823,0.2107638539901111,0.314571272021004,0.0003236849999999906
5.261,0.6091613642591992,0.5153400513121966,0.23357832001527926,0.21074050237773365,0.3145955990213146,0.00034567599999998813
5.263,0.6096286088540642,0.5157615484408528,0.23366627484982586,0.21075662627840824,0.3146717075341395,0.0003367739999999892
5.265,0.6100960203923217,0.5161831047444013,0.23374526340771812,0.2107996772702014,0.31475919701061095,0.00032361099999999064
5.267,0.6105636007106432,0.5166048476592396,0.23383505491357434,0.21094323756802283,0.3149220258764281,0.00033814499999999543
5.269,0.6110313085521727,0.5170268471987047,0.2338727866159241,0.21105630189709343,0.31502578130999787,0.00034948299999999424
5.271,0.6114992102620007,0.5174489148726853,0.23402892321220284,0.21101137208348825,0.31511162474339066,0.00036934299999999204
5.273,0.6119675104057584,0.5178709088080434,0.23427122054550012,0.21098256327467063,0.3152723374827369,0.0003860069999999902
5.275,0.612436235964698,0.518292977965403,0.234454338393963,0.21108659408471764,0.3154780293364932,0.000400539999999995
5.277,0.6129053528861267,0.5187152444013259,0.2346625830348387,0.2111798418381964,0.3156951907701291,0.00042785599999999204
5.279,0.6133748198755061,0.5191376704355033,0.2348044063446269,0.21124619233928335,0.31584499840380276,0.00042321399999999256
5.281,0.6138444700144327,0.5195602758798411,0.23484573258196728,0.21135925199853742,0.3159513435916077,0.00038448399999999684
5.283,0.6143142548427338,0.5199830697327461,0.23493909571909535,0.21143460090637706,0.3160711457215688,0.0003755819999999939
5.285,0.6147842802088509,0.5204059245189574,0.23508627039799118,0.211420185304956,0.31617091783404017,0.00039863799999999137
5.287,0.6152545676245822,0.52082877202245,0.23520114533331252,0.2114273181877641,0.31626110991105444,0.00042169399999998885
5.289,0.6157250453156882,0.5212516643202693,0.2352765457727216,0.21146497963146046,0.3163423629570936,0.0004085309999999903
5.291,0.61619558414855,0.5216748383884687,0.23526228708895702,0.2117090885679238,0.3164949950766802,0.0004113469999999912
5.293,0.6166661411308856,0.5220985006538732,0.23529469524661653,0.21195317683661966,0.3166824004935126,0.0004333379999999888
5.295,0.6171368257782142,0.5225227013251447,0.23538995208204175,0.21224749443489713,0.3169501986670423,0.00043828499999998825
5.297,0.6176077260285929,0.5229474008755575,0.23551029829682163,0.21245205597791175,0.31717657021460405,0.00044642699999998737
5.299,0.618078926063748,0.5233721936258127,0.23568973685811873,0.212340694277191,0.31723527941634855,0.00044178499999998584
5.301,0.6185505083935694,0.5237969538985581,0.23589259296334208,0.21241957846822257,0.3174388015532858,0.00044353499999998564
5.303,0.6190224354792051,0.5242220245299788,0.2360344926724391,0.21265105295255998,0.31769915337150045,0.00046445999999998334
5.305,0.6194945852627723,0.5246473912121078,0.23611529089490957,0.21271562917647144,0.3178024063633406,0.0004885809999999807
5.307,0.6199669378945293,0.5250728206161542,0.2362373408618864,0.21271377486982723,0.31789185462491276,0.0004839399999999791
5.309,0.6204395526050436,0.5254983091258025,0.23637736965250325,0.21277473477854664,0.3180367095854141,0.00046012399999998175
5.311,0.6209124168211598,0.5259238334179664,0.23648684646376122,0.2127495573854682,0.31810124601781614,0.0004352429999999845
5.313,0.6213855215271321,0.5263493055534296,0.23661785950855033,0.21272257807778633,0.31818061955824395,0.0004274059999999853
5.316,0.6220956012167692,0.5269873803063635,0.23676860024948057,0.21266059054476508,0.31825131081418434,0.0004348249999999856
5.318,0.6225691994726716,0.5274127732562084,0.23682965565301747,0.2127323593001355,0.3183446913176483,0.0004291189999999863
5.32,0.6230429630060981,0.5278385215206854,0.2369338777732471,0.2130159051767695,0.31861173596549525,0.0004180869999999826
5.322,0.6235169313294776,0.5282646843152808,0.2370344456062908,0.21314688941863924,0.31877409692872355,0.00041238099999998316
5.324,0.6239912460985497,0.528690927739738,0.2372803234658996,0.21309653503859372,0.3189233217397821,0.00039708699999998484
5.326,0.6244659521233251,0.5291171045964584,0.23742570130958057,0.21308032168186283,0.31902066881378127,0.0003658139999999883
5.328,0.6249408430384131,0.5295433370218704,0.2374652137782998,0.21315210372991553,0.31909802111461344,0.00034945499999998285
5.33,0.6254159960608434,0.5299697291000401,0.23768780865199765,0.21323997443987863,0.31932237798329877,0.00035333599999998243
5.332,0.6258916337583564,0.5303962879292556,0.23794988886111804,0.21331885477561674,0.31957015413176354,0.00036147799999998155
5.334,0.626367686119665,0.5308229794294564,0.23810247244742522,0.21337264542522166,0.31971967909613297,0.00037068499999998053
5.336,0.6268439790111343,0.5312497210973779,0.23819041902172547,0.21336902249603396,0.319782762941748,0.0003756309999999822
5.338,0.6273204621931459,0.5316765560267557,0.23829276298988006,0.2134659068817549,0.31992363822356296,0.0003805769999999816
5.34,0.6277970854285458,0.5321035344931623,0.23833047241019154,0.21351255952491852,0.3199828544690277,0.00038552299999998106
5.342,0.6282737499108026,0.5325304232008389,0.2383340098466518,0.21337614815170028,0.3198944839312492,0.0003851429999999811
5.344,0.6287504125161532,0.5329570965251732,0.2383285955036777,0.2132971761825234,0.3198377788851624,0.0003783709999999788
5.346,0.6292270696796077,0.5333836172875767,0.23832856795098406,0.2132235862210064,0.31978868651425707,0.00037372899999997935
5.348,0.6297038309116958,0.5338100482666344,0.2384326641371304,0.21320739283673112,0.3198554793774304,0.0003786749999999787
5.35,0.6301808578143206,0.5342365599145681,0.23859423848774552,0.21330425509701714,0.32004049100393617,0.0003719039999999795
5.352,0.6306581755576859,0.534663268889958,0.23872350487737426,0.21340472029275082,0.32020382012737597,0.000352349999999973
5.354,0.6311358487537847,0.5350901733794301,0.2389496912214709,0.21349976917939237,0.32043580694811574,0.0003487749999999734
5.356,0.6316138720539928,0.5355173828742467,0.23907360898660193,0.21370972563720395,0.32066811089630914,0.0003398729999999744
5.358,0.6320920677648671,0.5359448938468023,0.23912210188785837,0.2138012469185392,0.32076526120387394,0.0003426879999999741
5.36,0.6325705201709196,0.5363724854983868,0.23933030416444082,0.21379040466572305,0.32091327741085657,0.0003582859999999793
5.362,0.6330492992318373,0.5368000447273061,0.2394487567532334,0.2137688242536672,0.32098725416044854,0.00036642799999997845
5.364,0.6335281895017559,0.5372274136605315,0.2394415131654495,0.2136001089717367,0.32086951363396604,0.00038735399999997617
5.366,0.6340071245238008,0.5376544702686409,0.23949350887947923,0.2134564991377041,0.3208127457248696,0.0003816479999999768
5.368,0.6344862408057462,0.5380814711657742,0.23962277306574903,0.21354439799547265,0.3209677293544762,0.00037913699999997597
5.37,0.6349655671731879,0.5385086981360666,0.2397035943759228,0.21368257229695853,0.3211200007165263,0.00038834399999997495
5.372,0.6354450210605053,0.538936151212178,0.23975029294155187,0.2137705038144366,0.3212133734243299,0.0003719849999999767
5.374,0.6359246006901826,0.5393638860373575,0.2398293367359112,0.21396432136513585,0.3214013714600954,0.00034816899999997946
5.376,0.6364043761305016,0.5397921269502768,0.23994610358285845,0.21427659155399736,0.3216964257068991,0.00031156999999996715
5.378,0.6368843688749024,0.5402207662557751,0.24004664081803717,0.21436271394440243,0.32182877885241007,0.0003239729999999658
5.38,0.6373644675415474,0.5406494809136001,0.24005202582700658,0.21435194388065992,0.321825621958643,0.00036194199999996164
5.383,0.6380846116322233,0.5412928961738009,0.24004403462359813,0.21459156291990222,0.32197931212234976,0.0003549804999999614
5.385,0.638564724858322,0.5417221618548543,0.24006919147524974,0.2146741181335156,0.3220530914181429,0.00034394849999996266
5.387,0.6390449404678045,0.542151657245451,0.24014641800724987,0.21482127246323587,0.3222087540468704,0.0003148064999999658
5.389,0.6395252638209368,0.5425813159337585,0.2401769351249059,0.21483741584408983,0.32224226199019834,0.00031442649999996567
5.391,0.6400055979823863,0.5430111002585932,0.24015722632469336,0.21494690899074248,0.3223005849213503,0.00031830749999996525
5.393,0.6404860057808681,0.5434410263560715,0.2402505721571391,0.21497918848754757,0.32239167002979036,0.0003030134999999669
5.395,0.6409666612682511,0.543870925453859,0.24040491522588875,0.2149199092999133,0.322467193181337,0.00032180849999996486
5.397,0.6414476219411782,0.5443009806057078,0.2405557577010494,0.2151352425486894,0.3227231710764032,0.0003512564999999747
5.399,0.641928828677976,0.5447315041338973,0.24065097909677857,0.21538828564087892,0.3229628575108212,0.000375377499999972
5.401,0.6424102581013357,0.545162359631575,0.24077844426303166,0.21546721203685834,0.3231104744273424,0.0003824534999999712
5.403,0.642891955010056,0.5455933514385614,0.24091846445735932,0.21552459494954096,0.3232530859012108,0.0003682244999999728
5.405,0.6433739553185631,0.5460245244147771,0.2410818440495883,0.2156483812661147,0.323457384941271,0.0003646484999999716
5.407,0.643856381058644,0.546455821079569,0.24134389603135156,0.21564828352583099,0.32365268164998884,0.0003813124999999698
5.409,0.6443393273034259,0.5468870942130798,0.24160234875065215,0.21562484998500592,0.3238298486132618,0.00039691149999996803
5.411,0.6448226343514528,0.5473184497705316,0.2417046992763107,0.21573070746676543,0.32397669637855575,0.0004007924999999676
5.413,0.645306050965148,0.5477499973370401,0.2417119144187337,0.21581685904162493,0.32403945163908954,0.0003865634999999629
5.415,0.6457895161032396,0.5481817010391442,0.24175322367297225,0.21588684306249964,0.32411687732015204,0.0003883134999999627
5.417,0.6462730405892507,0.5486137008720555,0.24177126233813465,0.2161129898488376,0.3242810010993227,0.00041349949999995995
5.419,0.6467567321451592,0.5490460649945973,0.24192029357039152,0.21625113269296908,0.324484176551302,0.00041738049999995953
5.421,0.6472407827514991,0.5494786138391764,0.2421303127693594,0.216297711885969,0.3246718166532067,0.0004052824999999555
5.423,0.6477252318425297,0.5499112181593504,0.2423187782613298,0.21630660828809498,0.3248183170437943,0.00041555449999995436
5.425,0.6482100058146789,0.5503438402924812,0.24245519388795633,0.2163155248427335,0.32492603363109235,0.00045778449999994973
5.427,0.6486950723370277,0.5507764299865611,0.24261132846086889,0.2162741692371522,0.3250150350011026,0.0004659264999999489
5.429,0.649180571347949,0.5512088525599084,0.24288768246031275,0.2161484041099628,0.3251377537140612,0.0004250664999999352
5.431,0.6496665172336873,0.5516411690388662,0.243058203277965,0.2161680748478428,0.32527822977281334,0.000418294499999936
5.433,0.6501527413987678,0.5520736595014852,0.24316596180256575,0.21632238777125434,0.3254613040446188,0.0004317624999999345
5.435,0.6506391900236251,0.552506383199696,0.24328266305479898,0.21640131043958813,0.3256009540879846,0.000454818499999932
5.437,0.6511257715257843,0.5529392324797489,0.2432988391041976,0.21644796961304258,0.3256440520861065,0.0004757434999999389
5.439,0.6516123189853864,0.5533722074167584,0.24324862049789678,0.21652696739651245,0.3256590532812809,0.0004711014999999395
5.441,0.6520987570188764,0.5538053116348555,0.24318941299222108,0.21657725070058959,0.325648270550493,0.0004536764999999414
5.443,0.6525851197294177,0.5542385540918896,0.24317329754911818,0.21666520633358838,0.3256947409407901,0.0004362514999999432
5.445,0.6530715704528016,0.5546719418951785,0.24327742583462741,0.21672259695522278,0.3258106658041424,0.0004241534999999392
5.448,0.6538017419161725,0.5553220005069318,0.24350354974595026,0.21664981088028226,0.3259311572914448,0.0003948224999999381
5.45,0.6542888782235392,0.5557552426429372,0.24363275762089145,0.216592325125114,0.3259895027283289,0.00037526849999994027
5.452,0.654776280134841,0.5561883895517095,0.24376915368101248,0.21655458364718508,0.3260663858556456,0.0003514524999999429
5.454,0.6552640033287346,0.5566215399359501,0.2439540402126548,0.21659580059344044,0.32623199501396394,0.00035213749999994285
5.456,0.655752076587436,0.5570548732727785,0.24411921848858792,0.21673753623475359,0.32644961701400427,0.00035601849999994416
5.458,0.656240444248873,0.5574883303508453,0.2442484429484846,0.216719541832171,0.3265343193214233,0.000348181499999945
5.46,0.6567290596060379,0.5579217945207936,0.24436691421650777,0.21674462811612466,0.3266395912636667,0.0003595194999999438
5.462,0.6572178760975019,0.5583555529766363,0.24444957724757593,0.21701382772660932,0.3268800961225279,0.00037618349999994193
5.464,0.6577068955237549,0.558789625456869,0.24456984900532713,0.21705865250602366,0.326999800718929,0.000388586499999946
5.466,0.658196178803621,0.5592237283484184,0.2447134308608382,0.21704423904331144,0.3270976382451765,0.0003679664999999483
5.468,0.6586856954518184,0.5596579352555376,0.24480321733666593,0.21716266807601078,0.32724339508120637,0.0003654554999999486
5.47,0.6591753324131058,0.5600922982723775,0.24483374395074434,0.21720034876383854,0.3272912367908309,0.00039490249999994534
5.472,0.6596650106666752,0.5605266881955748,0.24484450961850768,0.21718957443334438,0.32729214034691506,0.00040943649999995024
5.474,0.6601548002323077,0.5609611480719117,0.24494505601407027,0.21727030190355534,0.32742092870645595,0.0004133174999999497
5.476,0.6606448160547228,0.561395853751331,0.24507076640117129,0.21743537751590017,0.32762451669546877,0.0004278504999999482
5.478,0.6611351066146062,0.5618308446967647,0.24521979348223563,0.21755556791781644,0.32781575960821946,0.00044344849999994644
5.48,0.6616257221327158,0.5622660311400416,0.24539572462723755,0.217630875358946,0.3279973469021176,0.0004356114999999439
5.482,0.6621166284832947,0.5627013610473472,0.24551062595170392,0.21769903194670778,0.3281285357382548,0.0004245794999999451
5.484,0.6626077861728888,0.5631368254655257,0.2456470636425744,0.21776538623178932,0.3282746461682647,0.0004092864999999467
5.486,0.6630992473073057,0.5635725553992802,0.24581407077440914,0.21796454752277128,0.3285317357082762,0.00042488549999994505
5.488,0.6635910011237215,0.5640085616203914,0.24593974564121918,0.21804167358831036,0.32867693850840657,0.000412787499999941
5.49,0.664082952437643,0.5644447257080664,0.24601156828034101,0.21812241408674976,0.3287842442313567,0.0003793844999999447
5.492,0.6645749594838425,0.5648811356704441,0.24599547791911539,0.21828754829101535,0.32888178559408904,0.0003811344999999445
5.494,0.6650668499236081,0.5653177000351022,0.24589496184650608,0.21827681636708973,0.3287994842222945,0.000376492499999945
5.496,0.6655585842190452,0.565754287790769,0.24583933359043952,0.218310939299607,0.32878054102709314,0.0003739814999999442
5.498,0.6660503956794616,0.5661908360306367,0.24597212682595757,0.21823730056817195,0.328830969549049,0.00036720949999994494
5.5,0.6665424350513778,0.5666272854685971,0.2460672450902893,0.21821213739230405,0.3288854299169276,0.00036150249999994556
5.502,0.6670344888172905,0.5670638318252399,0.24598652082252861,0.2183342192505412,0.32890606519508836,0.00037923149999994363
5.504,0.6675263865019568,0.5675005684995941,0.2459111638438595,0.21840245510368983,0.3288950180503815,0.0004129394999999399
5.506,0.6680182482432909,0.5679372064688148,0.24595057749011384,0.21823551411688794,0.3288136648461905,0.00043492949999994723
5.508,0.6685103503564467,0.568373523049755,0.24615153566565134,0.21808106682330852,0.3288615669508232,0.0004420054999999465
5.51,0.6690028454839982,0.5688096976618849,0.2463435918859811,0.21809354530666256,0.3290136163864895,0.00045121249999994546
5.512,0.6694956188039057,0.5692458452255015,0.24642972802156493,0.21805401830991417,0.3290519195414044,0.00045828949999994473
5.514,0.6699885141530115,0.5696819424756777,0.2464656210840668,0.21804323186618896,0.32907165380659487,0.00045790949999994455
5.517,0.6707281048480581,0.5703360397755887,0.24659484228028936,0.21802163474109104,0.32915414239291974,0.00045254549999994433
5.519,0.6712213896957886,0.5707721637724251,0.24669000545028574,0.2181023620954444,0.3292789078284158,0.000437251499999946
5.521,0.6717148379688703,0.5712084994928844,0.24675826763146502,0.21823335836388572,0.32941682007338646,0.00043474049999994626
5.523,0.6722084245476749,0.571645066692243,0.24682831117322276,0.21833384099472858,0.3295358574118099,0.00043222949999994657
5.525,0.6727021386558086,0.5720818528120806,0.24688579696026916,0.2184522788426709,0.329657390137493,0.0004084134999999386
5.527,0.6731959856991736,0.5725189206739769,0.2469612464047197,0.21861558305366918,0.32982211930018945,0.00038672849999994095
5.529,0.6736899585139059,0.572956322333691,0.24701156832760934,0.2187860766603914,0.32997282043845955,0.00037143549999994264
5.531,0.6741839636986692,0.5733938873140381,0.24699361643577325,0.21877890368678582,0.32995462606002934,0.00038809949999994074
5.533,0.6746780747773594,0.5738314396863888,0.2471174622543423,0.21877346866382608,0.3300437406499756,0.0004015674999999453
5.535,0.6751725395155257,0.5742691624291959,0.24734727591195918,0.218949274143267,0.3303323471126168,0.0003926654999999463
5.537,0.6756674028698695,0.5747072762952481,0.24751607843190568,0.21916459190899873,0.3306014631379408,0.0003922854999999463
5.539,0.6761625678991382,0.575145736451919,0.24764895083686228,0.21929556476196332,0.330787768176012,0.00039297049999994626
5.541,0.6766579268545461,0.575584397557394,0.247710004570875,0.2193655407129085,0.3308798676510398,0.0003979164999999479
5.543,0.6771533091320906,0.5760230245512176,0.2476722729737216,0.21926145311070666,0.3307826168651979,0.0003858184999999492
5.545,0.6776486625714575,0.5764613338647715,0.24768116639329069,0.2190478604432268,0.33064773604350645,0.0003726554999999507
5.547,0.6781441433190368,0.5768993038991651,0.2477995811860703,0.21892217395048122,0.3306532181654922,0.0003786674999999501
5.549,0.6786398681124289,0.5773371230712955,0.24792521220582878,0.21889699817971864,0.33073071623209865,0.000366569499999946
5.551,0.6791358550355554,0.577775148554244,0.2480617109206887,0.21912848476876864,0.3309862614398909,0.0003864294999999438
5.553,0.6796321293238398,0.5782136549509828,0.24821257736373759,0.21937791197008594,0.3312644741319301,0.0004052244999999417
5.555,0.680128674747882,0.5786524430345831,0.24833284667857444,0.21941017163023102,0.3313759589262501,0.0003952574999999428
5.557,0.6806254193964985,0.5790912166801426,0.24841180193770032,0.21936347392913078,0.33140422000359576,0.00040766149999994696
5.559,0.6811223255913307,0.5795300082100322,0.24849439289458417,0.21942805596048656,0.33150887626524633,0.0004147384999999462
5.561,0.6816194220538432,0.5799688301746976,0.24860206961793735,0.2193939087049632,0.33156700106488807,0.00042394549999994515
5.563,0.682116732051803,0.580407526408489,0.24870792834194705,0.21930232508651135,0.33158580097539303,0.0004416744999999432
5.565,0.6826142232850542,0.5808461130760182,0.24878330490902067,0.2192843424425474,0.3316304504141849,0.00045194649999994666
5.567,0.6831118760351045,0.5812846512088783,0.24886944514134837,0.21925379041756274,0.33167487896648296,0.00045369649999994646
5.569,0.6836097190436946,0.5817231946403879,0.2489735634487999,0.21928964109205315,0.3317767050090694,0.00045544649999994626
5.571,0.6841077487256578,0.5821617559363322,0.24905611851444107,0.21927165485229663,0.33182677527761983,0.0004763714999999439
5.573,0.6846057946220674,0.5826004410736515,0.24898977789497967,0.21941348246684894,0.3318707365593139,0.0004866444999999474
5.575,0.6851036989193111,0.5830395283312941,0.24891451934884273,0.21967377517588677,0.33198645370359836,0.0004841344999999477
5.577,0.6856016518122263,0.5834788937699619,0.24903837356642522,0.2196916634918537,0.33209115994923477,0.0004912114999999469
5.579,0.6860999331118798,0.5839181477664902,0.24924292608705262,0.21956233303658132,0.3321590797989762,0.000490831499999947
5.582,0.6868481304260118,0.5845769879996627,0.24955528333424506,0.21966448907841396,0.3324610160637123,0.000488663999999947
5.584,0.6873473236086011,0.5850164228353028,0.24963789925514437,0.21977034656164104,0.3325929734259962,0.0004818929999999477
5.586,0.6878466980750252,0.5854558575853431,0.24973656716879114,0.21966440347854363,0.3325970582203585,0.00046979499999994363
5.588,0.6883463309193606,0.5858951163176773,0.24989627716669705,0.21959432885571023,0.3326707360249237,0.00045876199999994485
5.59,0.6888461988658401,0.5863343228891391,0.24997166931289028,0.2196122426060786,0.33273919601024476,0.00044985999999994585
5.592,0.6893461331830089,0.5867734468659286,0.24996264785589933,0.21951173418341843,0.3326660889951726,0.0004611979999999446
5.594,0.6898459920985754,0.5872125349810355,0.24989626771049336,0.21957638092338075,0.33265888185203196,0.0004672099999999466
5.596,0.69034583140426,0.5876519120807878,0.2499430379740788,0.21980071882896354,0.33284212207808206,0.00045617799999994786
5.598,0.6908457570550374,0.5880917019617747,0.24998261280338008,0.2199891621580184,0.33299630353953114,0.0004696469999999464
5.6,0.6913457511016176,0.5885318974508889,0.250011433776861,0.22020632695616357,0.3331614375204408,0.00048204999999994496
5.602,0.6918458853269309,0.588972467999398,0.25012279153628875,0.2203642215527876,0.3333493677607201,0.0004774079999999435
5.604,0.6923463067884291,0.5894131568708352,0.2502986699619591,0.22032464988447698,0.33345520768379533,0.0004748969999999437
5.606,0.6928470190281578,0.5898538653460661,0.25041356976678664,0.2203838253464771,0.33358055458568303,0.0004787779999999433
5.608,0.6933478965553562,0.590294909383043,0.2504639574317094,0.22066021163044894,0.3338010230199237,0.000472005999999944
5.61,0.6938489466124639,0.5907364235948405,0.25058609967579737,0.22085400016692133,0.3340207818990596,0.00046949499999994325
5.612,0.6943502517227097,0.5911783217876876,0.25071901057008034,0.2210441926802155,0.33424625260261076,0.0004861589999999414
5.614,0.694851813658653,0.5916205519079667,0.2508429253732466,0.22118592759889227,0.3344329346484741,0.00048364799999994166
5.616,0.6953535371922391,0.5920629022065717,0.25088060821296515,0.22116437100608682,0.3344469443421861,0.0004651579999999437
5.618,0.695855334298675,0.5925052165732054,0.2509164982227258,0.22114999562754936,0.3344643622965237,0.00045945099999994177
5.62,0.6963572840435587,0.592947699589098,0.2510332466610127,0.22133302026507198,0.334672969910669,0.000438829999999944
5.622,0.6968594726964598,0.5933906240407991,0.25115540624012217,0.22159143143615054,0.3349355170321043,0.000393707999999949
5.624,0.69736192541066,0.5938340832589742,0.25129730796019256,0.22186778673897511,0.3352247779930523,0.00037947899999995056
5.626,0.6978646942282654,0.5942780772260086,0.25147150964502424,0.22212618029518694,0.3355263926067179,0.0003940129999999554
5.628,0.6983678203691093,0.5947224425907247,0.25165463119894405,0.222239184420992,0.3357384525132387,0.00040215499999995453
5.63,0.6988713145246196,0.5951669729358461,0.25183952431140794,0.22229116070041036,0.3359114557899624,0.0004060349999999541
5.632,0.6993750420787976,0.5956116647246426,0.2518880298666535,0.22240062809614855,0.33602026570977156,0.0004077849999999539
5.634,0.6998787248528234,0.5960565844808676,0.25179474415892394,0.222519128128779,0.33602880169600036,0.00040740499999995377
5.636,0.700382260503373,0.596501644298165,0.25174090639071645,0.22254068916868724,0.33600274148597914,0.00042193899999995216
5.638,0.7008857997347322,0.5969466843702961,0.25179832496849297,0.22249938296242747,0.33601841002480765,0.0004215589999999522
5.64,0.7013895705255477,0.5973917799879598,0.2519724658471348,0.2225962347013799,0.336213038486489,0.0004020039999999543
5.642,0.7018936985691319,0.5978370603301207,0.25215557773680175,0.22268410745938633,0.3364084527754375,0.00043784299999996627
5.644,0.7023981568925739,0.5982824033466707,0.25230274570533323,0.2226589090906668,0.3365021029472117,0.0005184229999999575
5.646,0.7029029023088754,0.5987275882688528,0.2524426705962824,0.22252601309145767,0.33651913532541167,0.0005702409999999516
5.649,0.7036606139322253,0.5993950893585,0.25269841163695833,0.22247471334004248,0.33667712324952476,0.0005760624999999517
5.651,0.704166188439639,0.5998400225291618,0.25287609577676895,0.22245845732171338,0.33679976996615985,0.0005714214999999523
5.653,0.7046720304477014,0.6002850686225953,0.25296591228581045,0.22258763611189267,0.33695253156560895,0.000565715499999953
5.655,0.7051779948382032,0.6007307069527518,0.25299847821573684,0.22305069404437178,0.3372830296548503,0.0005482914999999472
5.657,0.705684139234647,0.6011772785148647,0.25314591822817795,0.22352086806857638,0.33770465554640683,0.0005574984999999461
5.659,0.7061906231976127,0.6016244529651955,0.2533380447375681,0.22365358226224905,0.33793651736707986,0.0005528564999999467
5.661,0.7066974716441523,0.6020718551653849,0.253510401802096,0.22374861792711262,0.3381286261855881,0.0005354314999999485
5.663,0.7072046361134908,0.6025194941192454,0.2536540675362352,0.22389033593332439,0.3383301176395826,0.0005382464999999496
5.665,0.7077120160024772,0.6029671975735041,0.2537258214502333,0.22381311832542308,0.33833283081182874,0.0005122994999999524
5.667,0.7082195466018258,0.6034147878735667,0.2538047778983811,0.22377718173721992,0.33836827917270745,0.00046504749999995757
5.669,0.7087272962053568,0.6038624480701397,0.2539448256326449,0.223883014835815,0.3385433189380174,0.0004529494999999589
5.671,0.7092353044166598,0.6043104276358707,0.25406338567019243,0.2240965508951318,0.33877347602977326,0.0004674834999999637
5.673,0.7097434779469244,0.6047588199471405,0.25411014459447134,0.22429576037471374,0.3389403394520843,0.00045645049999996494
5.675,0.7102518185911938,0.605207630387694,0.25423049967500727,0.22451468017876453,0.33917545397740206,0.0004486134999999658
5.677,0.7107604627661176,0.605656878638763,0.2544136752488343,0.2247335708903125,0.3394576498456478,0.0004610174999999644
5.679,0.711269437344383,0.6061064516091089,0.25456090301641576,0.22483939945538406,0.33963805571812883,0.00047129049999996783
5.681,0.7117787099502236,0.6065561967476008,0.25471170282433414,0.2249057390364425,0.3397950014452836,0.00046451849999996865
5.683,0.7122882661745159,0.6070060063687099,0.2548445214680475,0.22490388207282044,0.3398933454684031,0.00047159449999996785
5.685,0.7127979605404856,0.607455686694835,0.2548498445016877,0.22477644405228292,0.3398130265945134,0.00048719249999996613
5.687,0.7133075955595393,0.6079051283322832,0.2547851745518153,0.22466519339582003,0.339690939377223,0.00048255049999996466
5.689,0.7138171946932885,0.6083545987054843,0.25481395919750977,0.22480517980535422,0.3398051245482148,0.00047790849999996513
5.691,0.7143269303548596,0.6088043167049376,0.2549217023736399,0.22491281964806653,0.3399571308019856,0.0004924414999999636
5.693,0.7148369245587688,0.6092541979096895,0.25507250153559824,0.22496838510384073,0.3401069763116566,0.0005048444999999622
5.695,0.7153473693837821,0.6097042888865859,0.2553723234774622,0.22512259179239955,0.3404338481021018,0.0005097904999999638
5.697,0.7158584352633371,0.610154438777374,0.2556935560776262,0.22502729899573062,0.3406119198045426,0.0005179324999999629
5.699,0.7163700735480296,0.6106042814515619,0.25594472861489587,0.22481537519225084,0.3406606185466486,0.0005154224999999632
5.701,0.7168822034351663,0.6110537505404127,0.2561851585218155,0.22465371365858175,0.34073468638728255,0.0005118464999999636
5.703,0.7173946903831568,0.6115029879079976,0.2563017894685866,0.22458365392617985,0.34077620940381653,0.0005263794999999684
5.705,0.7179072976048568,0.6119522539319334,0.2563054322314574,0.2246823700096741,0.34084401415386234,0.0005334564999999676
5.707,0.7184199229698138,0.6124018825101927,0.25631993272559217,0.22494620824967662,0.3410288910317702,0.0005384034999999671
5.709,0.71893258813005,0.6128520764507468,0.25634522751069705,0.22524773230452902,0.3412468557742969,0.0005678514999999638
5.711,0.7194453432786263,0.6133027100839944,0.25640992106546145,0.22538590094291314,0.3413866604960493,0.0005610804999999615
5.713,0.7199583354405028,0.6137535051232691,0.2565822408110708,0.22540913833184437,0.34153144210033554,0.0005521784999999625
5.716,0.7207284256369358,0.6144300998473724,0.2568112234776041,0.22565401107033162,0.341865086278481,0.0005595974999999628
5.718,0.7212421630552899,0.6148815854972345,0.2569261948765321,0.22583163879181387,0.34206870463860045,0.0005592174999999629
5.72,0.7217561806299548,0.6153333491932594,0.2570913797885196,0.2259320572332363,0.34225907153384144,0.0005737514999999612
5.722,0.7222704729355257,0.6157853155517289,0.2572009257821273,0.22603430123602852,0.34240885146041866,0.0005797634999999633
5.724,0.7227848173584407,0.6162373967513761,0.25714349713291645,0.22604689841127973,0.3423740328925452,0.0005783184999999634
5.726,0.7232991240269621,0.616689372074177,0.2571631713885637,0.22592842438958932,0.3423106040802507,0.0005939174999999617
5.728,0.723813547281469,0.6171412091223312,0.25726008311844484,0.22590862376461834,0.3423703501434273,0.0005850154999999627
5.73,0.7243280064817712,0.6175931287125486,0.25719911718362615,0.22601096645258018,0.34239208933161114,0.0005665264999999565
5.732,0.7248422970734989,0.6180452368611178,0.25709147454413916,0.22609718211672272,0.34236816739352716,0.0005789304999999551
5.734,0.72535658953667,0.6184974778250182,0.25720098862700547,0.22614378178373634,0.34248117990651566,0.0006030514999999525
5.736,0.7258711477029274,0.6189498209356095,0.25735717763043453,0.22619932880756308,0.3426351605292356,0.0006314334999999494
5.738,0.726385896190656,0.6194022662377413,0.25739131009792865,0.22624597332413238,0.34269159160871177,0.0006299884999999488
5.74,0.7269006895567005,0.6198547204840481,0.25740205594666127,0.22620827298271048,0.342674774635351,0.0006114984999999509
5.742,0.7274154326035177,0.620307072450941,0.25734099087054585,0.22614369391016623,0.3425862750863924,0.0005983344999999523
5.744,0.727930155792134,0.620759230584716,0.25738219774584864,0.22601443986496897,0.34253192952476536,0.0005755834999999548
5.746,0.7284450278317136,0.6212111768394056,0.25748984183350165,0.22593181482450367,0.34255832145393217,0.000549637499999946
5.748,0.7289600201352965,0.6216631427700502,0.257502461749451,0.22603411582016156,0.34263528615953975,0.0005460624999999465
5.75,0.7294751041166039,0.6221153599310744,0.25758151955796393,0.2261830452040743,0.3427929537717747,0.0005701834999999439
5.752,0.7299904718434634,0.6225678479531261,0.25778620730162854,0.2263049768477738,0.3430272164435785,0.0006060214999999399
5.754,0.7305062399371361,0.623020520607394,0.2579818863710823,0.22636767742007122,0.34321564515059544,0.0006258804999999378
5.756,0.7310223240448976,0.6234733833230975,0.2581022213902935,0.226495038283327,0.34339009748909455,0.0006201734999999359
5.758,0.7315386201286418,0.6239265384699235,0.2581938623539684,0.22666010854272375,0.3435678613634565,0.0006347064999999344
5.76,0.73205511736777,0.6243799016932345,0.2583033767742299,0.22670311476831806,0.343678536860577,0.0006630884999999312
5.762,0.7325718139286372,0.6248334047866895,0.2583931840930668,0.22679997868665153,0.34380992992934206,0.0006531214999999323
5.764,0.7330886901597027,0.6252871913528624,0.2584830469722174,0.2269865874860999,0.3440005762649627,0.0006207834999999215
5.766,0.7336057388037823,0.6257411375544812,0.2585655971075183,0.22695961413285065,0.34404481460254555,0.0005969674999999242
5.768,0.7341229237883754,0.6261949634175564,0.25861938748561,0.22686624894241486,0.34402366559967035,0.0006008484999999237
5.77,0.7346401662212559,0.6266488071954193,0.25862304539497977,0.2269775289204775,0.3440998085501065,0.0006132514999999223
5.772,0.7351574374612956,0.6271027963410992,0.2586481946444586,0.22701161675932474,0.3441411959305661,0.0006064794999999201
5.774,0.7356748091743811,0.6275567190174934,0.25872351844109137,0.22691105963496302,0.34413149809222565,0.0005911854999999218
5.776,0.7361923315583445,0.6280104782729051,0.2587988655223609,0.22684819577680548,0.344146708138917,0.0005726954999999239
5.778,0.7367099508976785,0.6284642984980291,0.25882047381175044,0.22697202934717134,0.3442445929424487,0.0005680544999999244
5.781,0.7374864690337836,0.6291455255143161,0.25885828359158225,0.22717931484417925,0.3444097154219822,0.0005770724999999248
5.783,0.7380042969025472,0.629599918182957,0.25896958517193136,0.2272133537965392,0.34451582574330825,0.000574561499999924
5.785,0.738522376109844,0.6300544094264258,0.25910962212489896,0.22727788967229384,0.3446636554840085,0.0005699194999999245
5.787,0.7390406886972982,0.6305089831015591,0.2592029653293808,0.22729578546110754,0.344745632784414,0.0005706044999999244
5.789,0.7395590838855394,0.6309636213461505,0.25919222291178495,0.2273424591303425,0.34476833111726474,0.0005862034999999227
5.791,0.7400774271330719,0.6314184498785456,0.25915102462061707,0.22748607326462714,0.3448320853564456,0.0005804964999999208
5.793,0.7405958063581732,0.631873411213192,0.25922820048075773,0.22747526138176705,0.3448829576322889,0.0005577454999999232
5.795,0.7411144547168355,0.6323281929120538,0.25942015818156444,0.22730643748014034,0.34491598251003225,0.0005467124999999245
5.797,0.7416335103357317,0.6327826549007005,0.2596354607146701,0.22715555116667457,0.3449785745323247,0.0005335484999999258
5.799,0.742152984107393,0.6332370251257602,0.2598383109465366,0.22721467389288735,0.34517018392062804,0.0005235804999999226
5.801,0.742672741563237,0.6336915782770813,0.25991914489754564,0.22733847742835614,0.3453125326479109,0.0005125474999999238
5.803,0.7431926445145984,0.6341463503284368,0.25998380646389674,0.22743357392714592,0.3454238123996831,0.000491927499999926
5.805,0.7437127072981347,0.6346013035826799,0.26007897707237265,0.2275196803159594,0.3455521367986141,0.0004798294999999273
5.807,0.7442328975412937,0.6350563034397859,0.26011126608658125,0.22748017678992138,0.34555043275553593,0.00048157949999992785
5.809,0.7447531487946238,0.6355112709586737,0.26013998724353476,0.22748734209784938,0.3455767697311415,0.0004705464999999291
5.811,0.7452735651865742,0.6359662617312761,0.2602764047068735,0.22750343050470767,0.3456900602252639,0.0004818844999999278
5.813,0.745794236341881,0.6364210423813831,0.2603947506000359,0.22727721960231764,0.34563038160759973,0.0005102664999999247
5.815,0.7463149845041466,0.636875481970265,0.26035341166533804,0.22716236927941197,0.3455237198549716,0.0005269304999999302
5.817,0.7468356196417317,0.6373300077734527,0.2602817259199039,0.22736343390834376,0.34560195011955264,0.0005499864999999277
5.819,0.7473561669919397,0.6377848279842308,0.26026562428815225,0.2274567768697728,0.34565124118117563,0.0005453454999999282
5.821,0.7478767251499301,0.6382397163953402,0.26029253370228467,0.2274316342397235,0.3456549599732461,0.0005385734999999289
5.823,0.7483972923555858,0.6386947376217742,0.26027467195331083,0.22758959219414557,0.3457454661098263,0.0005509764999999331
5.825,0.7489179297415726,0.6391500854777696,0.2603627140334748,0.22775826380131495,0.3459227798059364,0.0005324874999999351
5.827,0.7494388508186093,0.6396056180573361,0.2605583630032561,0.22777431576516247,0.34608062565423175,0.0005065414999999379
5.829,0.7499601326960255,0.6400612132719513,0.26072351441299474,0.22782089885008328,0.34623563207839103,0.000497639499999939
5.831,0.7504816983187937,0.6405171152661451,0.26084210835516203,0.2280810953435219,0.3464961638233053,0.0005121734999999438
5.833,0.7510033916384576,0.64097352873468,0.2608512113087945,0.2283323731915308,0.34666846855250893,0.0005299034999999418
5.835,0.7515251622611946,0.6414301844704517,0.260919411428186,0.2283233625801875,0.346713854871643,0.0005348504999999413
5.837,0.752047103435908,0.6418869172949606,0.261021763285242,0.22840946192875528,0.3468475792147329,0.0005238184999999425
5.839,0.7525691614314056,0.6423439551855166,0.2610362322122271,0.2286284286270855,0.3470026986985059,0.0004893504999999309
5.841,0.7530912357188871,0.6428012712728779,0.2610380552693467,0.22868765873428207,0.34704309754866175,0.0004879054999999311
5.843,0.7536133997985961,0.6432586896242676,0.2611260244396359,0.228730692655431,0.3471376245846632,0.000489655499999931
5.845,0.7541357560285323,0.6437163160868533,0.26123020549671105,0.22889576993032712,0.3473247669773222,0.0004647734999999337
5.848,0.7549197173781101,0.6444033465431416,0.2614106942218413,0.22912453426186727,0.34761128182822637,0.0004514189999999331
5.85,0.755442757813766,0.6448617570503749,0.26162974143404116,0.22928597297143588,0.3478824212349645,0.00045529899999993277
5.852,0.7559661825380386,0.6453205766128934,0.2617949828384044,0.22953358954696917,0.3481699035954673,0.000459178999999934
5.854,0.756489914383602,0.6457798285987996,0.26193686272506106,0.2297183963591743,0.34839842376233304,0.00045986399999993396
5.856,0.757013847332376,0.646239249210472,0.26199608604889674,0.22970221531332463,0.34843228441806284,0.00046694099999993323
5.858,0.7575379005666998,0.6466987307914407,0.26205714827495347,0.22977936565536852,0.3485290602560775,0.00046869099999993297
5.86,0.7580622267328836,0.6471584473707995,0.26226901790868107,0.2299372137033569,0.3487924311111801,0.00048215899999993746
5.862,0.7585870125075428,0.6476184150078013,0.2625167567505684,0.2300304232984217,0.3490401742173645,0.0005222589999999331
5.864,0.7591123404361695,0.6480785815961733,0.2628111718761565,0.23013616507365817,0.3493313134228432,0.0005367929999999315
5.866,0.7596382661754011,0.6485389686358098,0.2631145673554563,0.23025087456300358,0.3496351538270672,0.0005342829999999318
5.868,0.760164604825885,0.6489995223775713,0.2632240831282846,0.23030286719828966,0.3497518099716986,0.0005402949999999337
5.87,0.760691135707592,0.6494603972959875,0.26330679857871153,0.23057205121799054,0.34999134415102584,0.0005622859999999313
5.872,0.7612179614158794,0.6499220869172214,0.26351890970874636,0.23111757001600927,0.350510409180942,0.0006002559999999271
5.874,0.7617450460126353,0.6503845086966908,0.26356568704714506,0.23130420945351832,0.3506686594201864,0.0006083979999999262
5.876,0.7622722869395681,0.650847224740671,0.2636752398855258,0.2314118345264565,0.3508219908836812,0.0006101479999999267
5.878,0.7627998168472832,0.651309962145982,0.2638546678295954,0.2313255707845893,0.35089999349427486,0.0006332039999999242
5.88,0.7633275565787959,0.6517724266010431,0.2638850636832615,0.23113888427652526,0.35079981564948964,0.0006445419999999229
5.882,0.7638553663146316,0.6522348910100709,0.2639246721524382,0.23132552475142137,0.35095260502280423,0.0006462919999999228
5.884,0.7643833396176617,0.6526977142859814,0.2640486308774724,0.2314977511589692,0.35115934881464805,0.0006512379999999244
5.886,0.7649116022845783,0.6531611278849779,0.2642140360391701,0.23191584783757516,0.3515594079502484,0.0006625759999999231
5.888,0.7654402441937416,0.6536253327740849,0.2644278731241522,0.23228904126934494,0.3519663318824603,0.0006558039999999238
5.89,0.765969153732075,0.6540898300531327,0.2644816652093013,0.23220823777857397,0.35195343005022084,0.0006639449999999229
5.892,0.7664981045657069,0.6545543398678378,0.26446916842242657,0.2323015769263849,0.3520056301943691,0.0006891309999999313
5.894,0.7670272154987231,0.6550193593123301,0.26464176459389854,0.23271786756590893,0.3524100870460384,0.0006951429999999308
5.896,0.7675566554585707,0.6554851987862611,0.26479819525373927,0.23312160636514598,0.35279422835968205,0.0006745229999999329
5.898,0.7680864888666171,0.6559515800481245,0.2650352127928153,0.2332596554982359,0.3530633525350494,0.0006507069999999356
5.9,0.7686167260817657,0.6564178946355467,0.2652020023555095,0.23305493192376578,0.35305340013567743,0.0006524569999999361
5.902,0.7691472575988999,0.6568841174919128,0.26532951477874794,0.2331679244424127,0.3532237710028991,0.0006627289999999349
5.904,0.7696781718496952,0.6573509736816456,0.26558473601662874,0.23368826529054898,0.353759038526973,0.0006793929999999331
5.906,0.7702093522132146,0.6578185296910785,0.2655956275027789,0.23386774414230446,0.3538857995156139,0.0006726209999999337
5.908,0.7707404916006388,0.6582865506006473,0.2655437599212717,0.23415316542637493,0.35403558198621404,0.000652000999999927
5.91,0.7712718036419846,0.6587551044785864,0.2657682814244732,0.23440071251280323,0.3543677093610926,0.0006430989999999281
5.912,0.771803444300015,0.6592238968606378,0.26587237660606644,0.23439166953860988,0.35443980503218725,0.0006246089999999301
5.914,0.7723350779047136,0.6596928992415012,0.26576122809248914,0.23461071132484207,0.35450136279791145,0.0005944009999999334
5.917,0.7731323977949953,0.6603964971217394,0.2657853654286442,0.23445454216730618,0.3544161294564895,0.0005970259999999335
5.919,0.7736641121129328,0.6608654025306049,0.26592895250892334,0.2344508666981736,0.3545213910020353,0.0005934499999999339
5.921,0.7741961370591708,0.6613345033960433,0.2660959937288024,0.23464999874009299,0.35477838122868266,0.0005920049999999334
5.923,0.7747284761657499,0.6618037027932085,0.2662431128504,0.23454939842520456,0.35482223076055447,0.0005958859999999329
5.925,0.7752610663891897,0.6622726220416286,0.26634711058943716,0.23436984999493204,0.35478163693459225,0.0005656779999999363
5.927,0.7757938538520609,0.6627411965610064,0.2664403522818905,0.234204669382837,0.35474256649692026,0.0005376009999999394
5.929,0.776326806188406,0.6632093061169386,0.2665119840630239,0.23390488654927705,0.35459855273370716,0.0005468079999999424
5.931,0.7768598498629014,0.6636770404945099,0.26653169043235064,0.23382949102211054,0.3545636372731779,0.0005709279999999399
5.933,0.7773930928198636,0.6641448555277348,0.2667112665299282,0.2339855422028824,0.3548015412226605,0.0005673519999999402
5.935,0.7779268420999941,0.6646129700161254,0.26703801360065993,0.23412894618775695,0.35514175219308675,0.0005648419999999404
5.937,0.7784611911020719,0.6650815005735368,0.2673109884769562,0.23440161122348718,0.3555267639780362,0.0005708539999999424
5.939,0.7789959171845507,0.66555030912044,0.26741509400195507,0.23440693567977003,0.35560855444555084,0.0005672779999999428
5.941,0.7795305857971834,0.6660190584679488,0.26725351863073643,0.23434241182908153,0.35544452338217314,0.0005711589999999423
5.943,0.7800650480820636,0.6664879479305257,0.2672087662495253,0.23454705074778734,0.3555458392037215,0.0005910189999999402
5.945,0.7805994854505359,0.6669571981731993,0.2672286022226356,0.2347031919257023,0.35566376557920076,0.0005735939999999344
5.947,0.7811338134446285,0.6674266405257047,0.2670993918700197,0.23473916057966537,0.355590436664121,0.0005199499999999403
5.949,0.7816679944086486,0.6678963755241759,0.2670815721501238,0.23499583789168882,0.3557465530523081,0.0004982639999999426
5.951,0.7822023047890264,0.6683664819976857,0.26722880822771833,0.23511063561808718,0.35593292475907257,0.0005074709999999417
5.953,0.782736871864787,0.6688366475722943,0.2673382675327154,0.23505493899042632,0.35597833309232,0.0005156129999999444
5.955,0.783271507098227,0.6693067179842253,0.2672969659073091,0.23501547294050304,0.3559212560450717,0.0005088409999999451
5.957,0.7838060004107933,0.6697765335961877,0.26719634665898184,0.23480013902199645,0.35570351833044284,0.0004871549999999476
5.959,0.7843405259167113,0.67024612124989,0.26732915925911005,0.23478751468031364,0.35579496404522243,0.0004633389999999502
5.961,0.7848753979010195,0.670715861308573,0.26754282504887217,0.23495254400245796,0.3560644059272962,0.0004533719999999468
5.963,0.7854104692029068,0.6711857915316899,0.2675284768385763,0.2349776791145028,0.3560702116178871,0.00046684099999994537
5.965,0.7859456231343205,0.6716558599198993,0.2676254545752017,0.23509070909494226,0.3562176658159251,0.000479243999999944
5.967,0.7864809710456012,0.6721262064196512,0.26772245670560385,0.2352557906569499,0.3563994961586093,0.0004799289999999439
5.969,0.7870163262218957,0.6725967324019216,0.2676327195886864,0.2352701916134228,0.3563415996712328,0.0004774189999999431
5.971,0.7875514804097286,0.6730673374530318,0.26752146824429207,0.23533485949681368,0.3563007606867642,0.00047384299999994346
5.973,0.788086508979144,0.6735379892301282,0.2675071011712584,0.23531691759959247,0.35627812293996286,0.00046813599999994413
5.975,0.7886216147991533,0.6740087863549239,0.26759871883808367,0.23548020719612595,0.3564547689467966,0.00048160399999994265
5.977,0.7891569254112416,0.6744799495353138,0.26771189325007544,0.2356829731935981,0.3566736907047029,0.0004886809999999451
5.979,0.7896924963433424,0.674951243617224,0.2678590388507581,0.23561110871674645,0.3567366805429272,0.0004691269999999472
5.981,0.7902283418401895,0.6754224298778982,0.26798645799649334,0.23557515195749187,0.3568086236195836,0.0004687469999999473
5.983,0.7907644511835805,0.6758936178104265,0.26812288539452833,0.23561278057081717,0.35693593828668946,0.000461974999999948
5.986,0.7915690744401795,0.6766008518040579,0.2682926190048165,0.23587654851682713,0.35723756178861527,0.0004438279999999473
5.988,0.7921057100757344,0.6770729225708048,0.2683430165497971,0.23619421822985082,0.3574852210319401,0.0004413169999999465
5.99,0.7926424357528887,0.6775456699640636,0.2683826606046217,0.2365531750291058,0.3577522286856733,0.0004281529999999479
5.992,0.7931792801114229,0.6780189216644438,0.268461697929673,0.2366985253510906,0.3579076349544165,0.0004256419999999482
5.994,0.7937163237543811,0.6784922953297248,0.26858194502854255,0.23667513992991612,0.3579823781363552,0.00042952299999994776
5.996,0.7942536186955754,0.6789657029885815,0.2687129961656358,0.23673251892662078,0.3581186393161572,0.0004397959999999512
5.998,0.7947910627157296,0.6794393439171132,0.2687310239886181,0.23690840960521295,0.35824845819018203,0.0004511339999999499
6.0,0.7953285822930248,0.6799133653249164,0.26878855330661466,0.23711299819802384,0.3584269246347418,0.0004646019999999485
6.002,0.7958663784455597,0.680387741986802,0.2690075992283529,0.2372636636875516,0.3586908620930309,0.0004897879999999457
6.004,0.7964045551800977,0.6808622692337476,0.269169135309672,0.23726358325817837,0.3588119721300657,0.0005149739999999429
6.006,0.7969430603638024,0.6813367765697375,0.26933604839479836,0.23724375273149595,0.35892409389040514,0.0005199199999999446
6.008,0.7974819891528413,0.6818113124054629,0.2695927406442026,0.2372920829940363,0.3591486857273751,0.0005078219999999459
6.01,0.7980212949294007,0.682285970100616,0.2697130359152,0.23736561215912744,0.35928756669034806,0.0005191599999999447
6.012,0.7985606780116518,0.6827608628859545,0.26967004633595637,0.2375271731794556,0.3593620623959351,0.0005507379999999413
6.014,0.7991000199487259,0.68323600697437,0.26967189073806047,0.23761691523587242,0.3594227692571134,0.0005482269999999403
6.016,0.7996394714483183,0.6837112892077257,0.2697796088543493,0.23766531811989988,0.35953559043666167,0.0005371939999999415
6.018,0.8001791887001688,0.6841867723210038,0.2699376429962198,0.23781779515823492,0.35975496494180426,0.0005655759999999383
6.02,0.8007191107033483,0.6846624976295619,0.26998436018336575,0.2379075133998823,0.3598493291305912,0.0005896969999999356
6.022,0.8012590255500657,0.6851382660222847,0.26993048653374735,0.23786087932276317,0.35977807808778967,0.0005957089999999377
6.024,0.8017989439365982,0.6856139500543045,0.2699878999988247,0.23782315269711388,0.3597962174684027,0.0006006549999999372
6.026,0.8023390866565274,0.6860895908726208,0.2701548199304137,0.23781766561925405,0.3599178639804165,0.0006226449999999347
6.028,0.8028796242555726,0.6865652422114179,0.2703827791147501,0.23783367317788617,0.3600995742001111,0.0006467659999999321
6.03,0.8034204724198933,0.687040975913467,0.2704653852058392,0.2379000288710713,0.3602054251831856,0.0006325369999999273
6.032,0.8039613457645156,0.6875167903666699,0.2704079594165155,0.2379144243318887,0.36017181708314977,0.0006076549999999302
6.034,0.8045021723994039,0.6879925294648763,0.2704186754718777,0.2378246738745466,0.3601205847316967,0.0005944909999999316
6.036,0.8050430581531312,0.6884680764770418,0.2704670782554647,0.23772233829094094,0.3600893646618297,0.0005664139999999346
6.038,0.8055841162223448,0.6889436413400902,0.2705909909580607,0.2378425247573158,0.3602617811683605,0.0005585769999999321
6.04,0.8061254419101651,0.6894195327179847,0.27073469686225454,0.23804885313725443,0.36050593970843114,0.0005805669999999297
6.042,0.8066670800657088,0.689895705711109,0.27090345868142096,0.23812413998708507,0.3606823948713677,0.0005823169999999295
6.044,0.8072090988307721,0.6903720472031305,0.27111530638196213,0.23821735203440245,0.3609030564637374,0.0005691529999999309
6.046,0.8077515161791422,0.6908486056478295,0.2713020419880335,0.23834109266443948,0.36112501220402277,0.0005581199999999273
6.048,0.8082942082077786,0.6913252823990459,0.2713899866484132,0.23833565855206074,0.36118750115483006,0.0005620009999999267
6.051,0.8091082933267763,0.6920402369214537,0.27133342601660737,0.23830068971974241,0.3611219278786802,0.0005454514999999261
6.053,0.8096508202053251,0.6925168868387062,0.27119345253226695,0.2383492275328107,0.36104880966686276,0.0005397444999999268
6.055,0.8101930168424996,0.6929935638610631,0.27100318464223566,0.23832779482425143,0.36089176198969153,0.0005670604999999238
6.057,0.8107349603856876,0.6934702087172109,0.27094035854559023,0.23831706132333422,0.36083749750629135,0.0005709414999999251
6.059,0.811276855466667,0.6939468518051923,0.27095472243377944,0.23832602665814825,0.3608542040656127,0.0005449954999999278
6.061,0.8118187775235424,0.6944235953903428,0.2709673344416663,0.23841755849243434,0.36092413126849143,0.0005222444999999303
6.063,0.8123607642590679,0.6949004591984006,0.27101940108394834,0.23844624956540128,0.3609821736536414,0.0005101464999999316
6.065,0.8129028909615418,0.6953772583195611,0.27110730138980177,0.23835287159493518,0.360986509809456,0.0005118974999999322
6.067,0.813445238343303,0.6958538850198062,0.27124008037140324,0.23827382865015448,0.36103406850252856,0.0005264314999999306
6.069,0.8139878100193304,0.6963303895517461,0.2713315956561299,0.23823070328982165,0.3610743729361925,0.0005335084999999298
6.071,0.8145305146161412,0.6968070770900673,0.27137300115473667,0.23845683503144358,0.36125471336571074,0.0005459114999999286
6.073,0.815073310945537,0.6972841217581801,0.27142332824090193,0.2385878330812214,0.3613789938662195,0.0005604444999999333
6.075,0.8156162221667568,0.6977612058489272,0.27148789297890447,0.23849625766597898,0.3613670446440878,0.0005675204999999325
6.077,0.8161592589869268,0.6982382126873098,0.2715489271910989,0.23851058071669087,0.3614223526187193,0.0005777924999999314
6.079,0.8167023408116797,0.6987154492420231,0.2715328975619201,0.23872597399671028,0.36155249289563773,0.0005774124999999315
6.081,0.8172454175022934,0.6991931201574779,0.27154379305155213,0.23894494145788522,0.36170528969471316,0.0005823594999999331
6.083,0.8177886325588501,0.6996710691971967,0.27167126350527615,0.239004098260891,0.3618400674331891,0.0005819794999999332
6.085,0.8183321043078364,0.700149062958903,0.27180048548109326,0.23898966344549233,0.3619275661531568,0.0005922514999999321
6.087,0.8188758236637117,0.7006269165711569,0.2719188703941941,0.238863948808537,0.36193349957811577,0.0006344814999999274
6.089,0.8194197116957429,0.7011046946930631,0.2719691616368352,0.2389141730975416,0.3620044295147852,0.0006554064999999344
6.091,0.8199636016535764,0.7015826684563099,0.2719207961967745,0.23905959014929767,0.3620640924568991,0.0006635484999999335
6.093,0.8205073876205166,0.7020608110074316,0.27186517074341704,0.23908296097243542,0.36203775119549947,0.0006578414999999342
6.095,0.8210510874714279,0.7025390110524362,0.2718346801679705,0.23911708403231255,0.3620373920165414,0.0006574604999999343
6.097,0.8215948734655459,0.7030171966809042,0.2719513139499774,0.2390685444355315,0.362092924672166,0.000671993499999939
6.099,0.8221390380222005,0.7034951505174901,0.2722132427045908,0.23888529215045273,0.36216878980601797,0.0006737434999999389
6.101,0.8226836620141367,0.7039730286624086,0.27241074923174147,0.2389928527681014,0.3623881896133401,0.00066377549999994
6.103,0.8232286361560629,0.7044511309357931,0.2725633926945756,0.2391094206165071,0.3625798092347933,0.0006388934999999428
6.105,0.8237738095624543,0.7049292779517902,0.2726100136966052,0.23903759538033423,0.3625674993334009,0.0006278604999999391
6.107,0.8243191516544899,0.7054073746017397,0.27273207833907387,0.2390590545692452,0.3626734317904912,0.0006413294999999376
6.109,0.8248649389011377,0.7058855140382951,0.2730551683087353,0.23908038198617018,0.36293050848718245,0.0006622554999999353
6.111,0.8254112287572365,0.7063637231441867,0.27323468779015264,0.2391287239055077,0.36309742660677,0.000673593499999934
6.113,0.8259576982146382,0.7068421026428872,0.27323476961134074,0.2392507747947803,0.36317788005943474,0.0006689524999999325
6.115,0.8265042772731154,0.7073206525807297,0.27334428886596873,0.23929916304785454,0.3632921547336879,0.0006728334999999319
6.117,0.8270511776820575,0.7077993010189153,0.2735561200761964,0.23934927513776186,0.3634845613504299,0.0007012154999999289
6.12,0.8278722259405817,0.7085177362602225,0.2738093856066135,0.2396075524003489,0.363845240196374,0.0007581704999999311
6.122,0.8284199398858846,0.7089970123188177,0.2739045596962624,0.2396685061949447,0.36395700389485514,0.0007641824999999304
6.124,0.8289677615514306,0.7094763259886253,0.27391710584978063,0.23964516361273283,0.36395107544846383,0.0007574114999999312
6.126,0.8295155706128131,0.7099555876173979,0.2738919555325432,0.23961646515966192,0.3639132502136355,0.0007762064999999374
6.128,0.8300633294245021,0.7104348564641899,0.27386685615653533,0.23965238163242256,0.36391801126511547,0.0007875444999999361
6.13,0.8306110738978888,0.7109141522438753,0.273877617230189,0.23964339805307078,0.3639201937926892,0.0007988824999999349
6.132,0.831158846957997,0.7113932882554667,0.27389544287813056,0.23949261353836251,0.3638343380837531,0.0008240684999999321
6.134,0.8317066880661035,0.7118722321586748,0.2739456652281458,0.23945128966962173,0.3638449499742114,0.0008354064999999359
6.136,0.8322546315583584,0.7123512675154996,0.2739978270268618,0.23958406715521516,0.3639716121486355,0.000833961499999936
6.138,0.8328027475582725,0.7128305432403588,0.2741181728872608,0.23969165770406628,0.3641330299217217,0.0008442344999999349
6.14,0.8333511400944543,0.7133099695007894,0.27427436329462096,0.2397346027266412,0.36427888506633244,0.0008470504999999346
6.142,0.8338997822122632,0.713789506833874,0.2743677545140852,0.23980273035773325,0.364394037004072,0.0008317564999999295
6.144,0.8344485661877645,0.7142691176392796,0.27441622098724333,0.2398080750479647,0.36443404780444133,0.0008313764999999295
6.146,0.8349973339475725,0.7147486548711498,0.2743515388207085,0.23972915682230983,0.3643334125276274,0.0008618894999999264
6.148,0.8355459777665559,0.7152280809287906,0.27429228016284696,0.23969690081863995,0.3642675654227187,0.0008710964999999252
6.15,0.8360946880126926,0.7157075266746489,0.27441796597369245,0.2397488450394841,0.3643963895909305,0.0008568674999999205
6.152,0.8366437609269836,0.7161870923677354,0.27465494831729204,0.23981684804702083,0.3646196117083971,0.0008564874999999207
6.154,0.8371931929723924,0.7166668390362533,0.2747770970915414,0.23992982047093617,0.36478592604056154,0.0008561074999999207
6.156,0.8377428657957863,0.7171468924204043,0.2748957263024198,0.2401235636801644,0.3650027207758825,0.0008674454999999195
6.158,0.8382928439676713,0.7176271986180692,0.27508244558241063,0.24018263398457415,0.36518221415530056,0.0008500214999999137
6.16,0.8388430501515082,0.7181075782092822,0.27512373825444925,0.240196957228403,0.36522273972589103,0.000828336499999916
6.162,0.8393932367190228,0.7185881121746835,0.27506282926023246,0.24033700817305623,0.36526899339831664,0.0008428704999999144
6.164,0.8399432978099153,0.7190688436816408,0.2749982616322904,0.24039449878429375,0.3652582085956912,0.000847816499999914
6.166,0.8404933768650429,0.7195495949165228,0.2750807934950805,0.2403567360975704,0.36529550166592556,0.0008538274999999162
6.168,0.8410435976879231,0.7200303137237326,0.2751400293852869,0.24036207111227018,0.3653436204445297,0.0008640994999999151
6.17,0.8415938579600143,0.7205109894216495,0.2751202427059802,0.24031362680467377,0.3652968480217335,0.000874371499999914
6.172,0.842144155942677,0.720991688420209,0.27517773995682465,0.24038537175494884,0.3653873499746683,0.000864403499999915
6.174,0.842694551165709,0.7214727606682001,0.2752174830750102,0.24068687623603324,0.36561569356689694,0.0008278034999999026
6.176,0.8432450166843348,0.7219541774727781,0.2752480355508791,0.2407299283420742,0.36566703361692066,0.0007922694999999068
6.178,0.8437955484863299,0.7224354255064983,0.27528376644425456,0.24051810537818338,0.36555452545748335,0.0007759104999999084
6.18,0.8443461627245685,0.722916515527361,0.2753304717944616,0.24057191548459692,0.36562510200817566,0.0007606164999999102
6.182,0.8448968452817022,0.7233977580599193,0.27535208533895694,0.24067061707353307,0.36570632592705776,0.0007527794999999075
6.184,0.8454475493622172,0.7238789808321007,0.27535199517617515,0.24055215510784916,0.3656283093177156,0.0007694434999999057
6.186,0.84599832516404,0.7243601030325701,0.27542380664675015,0.24057004536163526,0.3656941618252685,0.000804217499999902
6.189,0.8468248591450128,0.7250818896856291,0.2755988473350683,0.24062105667770994,0.3658595598984889,0.0008180294999999025
6.191,0.8473761142151449,0.725563056367471,0.2756562227970934,0.24054562516412592,0.36585318223620933,0.0007824954999999063
6.193,0.8479275398085492,0.7260442408640415,0.27576937060718143,0.24063887140644996,0.365999743438231,0.0007650704999999083
6.195,0.8484792797681731,0.7265257697348059,0.2759705890165115,0.24088999935779482,0.3663164721831639,0.0007668204999999088
6.197,0.8490314437024599,0.7270077990487869,0.27619334527039124,0.2411393146233066,0.3666482415458277,0.0007749624999999077
6.199,0.849584036845888,0.7274901313655262,0.27639979815784227,0.2411930021160801,0.3668390828298743,0.0007575384999999097
6.201,0.8501370428056371,0.7279724561912294,0.27660616159126444,0.2411318235871917,0.3669543908672265,0.0007262654999999131
6.203,0.8506904040303228,0.7284546210120454,0.27675506309433673,0.2410329972286086,0.36700173119667534,0.0007333414999999154
6.205,0.8512439750926584,0.7289365649099965,0.27681599924123945,0.24091090072253526,0.36696751834851693,0.0007563964999999129
6.207,0.8517976752751287,0.7294183579412182,0.2768841832291815,0.24088213049925086,0.3670000704582345,0.0007751904999999109
6.209,0.852351452736297,0.7299002783490165,0.27689327793910823,0.24103827729910132,0.3671094366686625,0.0007673534999999117
6.211,0.8529052735151956,0.7303825110322424,0.27692750095931495,0.24119440592665645,0.3672377734355279,0.0007531254999999069
6.213,0.8534592577819123,0.7308649446187078,0.2770567657574465,0.24123918053879795,0.3673646603567187,0.000753810499999907
6.215,0.854013574238765,0.7313475646258706,0.2772596910952429,0.24138082662402496,0.3676107177000245,0.0007236024999999102
6.217,0.8545683593777731,0.7318304912222673,0.2775254479129513,0.24154576977275624,0.36791946555516414,0.0006678284999999162
6.219,0.855123503648062,0.7323136419288967,0.27761882237580343,0.24160493685646084,0.36802874351162074,0.0006280334999999032
6.221,0.8556787198635547,0.7327970295093583,0.2775973931169606,0.24178264360517443,0.3681292699773262,0.0006138044999999047
6.223,0.8562338897193362,0.7332809160940529,0.27757246266461433,0.2421039410893839,0.3683215854667095,0.0006166194999999043
6.225,0.8567889700895505,0.733765220938956,0.2775079075497333,0.2422009038138,0.36833668913217554,0.0006119784999999049
6.227,0.8573439428005556,0.7342495761065326,0.2774648034552125,0.24215426376269408,0.36827354590696865,0.0005924244999998983
6.229,0.8578989226264134,0.7347338199897053,0.277515022402683,0.24208961941007992,0.3682688847639439,0.0005867184999998988
6.231,0.8584540621245245,0.7352179417283518,0.2776244757084508,0.2420321192363723,0.3683135841296676,0.000585273499999899
6.233,0.8590093846846546,0.7357020400259157,0.2776980844217018,0.24206617832757635,0.36839145047299976,0.0005806324999998996
6.235,0.8595649030156107,0.7361863697487248,0.2778202465342517,0.24226354448135895,0.3686132314079675,0.0005568164999998916
6.237,0.8601205687446439,0.7366710906697075,0.27784548249899216,0.24245737650140917,0.3687596664021756,0.0005575014999998915
6.239,0.8606761377120649,0.7371560988278357,0.2777234849220503,0.24255078162688476,0.3687291902535803,0.0006082534999998859
6.241,0.8612316744806994,0.7376412900762065,0.2778132837124955,0.24264046674390694,0.36885582103149805,0.0006366354999998827
6.243,0.8617877118300368,0.7381261992060411,0.2782240656247417,0.2422686630905466,0.36892104278346793,0.0006522344999998879
6.245,0.8623444807759562,0.7386100255530677,0.27854488029467733,0.2415576839360542,0.36869684702601785,0.0006646374999998866
6.247,0.8629018178039555,0.739092496398917,0.27879214770469424,0.24091316191343656,0.36846195625183037,0.0006568004999998874
6.249,0.8634597749812092,0.7395736260705396,0.2791650295490646,0.24021650970913494,0.368289404218977,0.0006415064999998892
6.251,0.8640185048133139,0.7400532888384295,0.279564802555405,0.2394462581806582,0.3680910069324718,0.0006176904999998812
6.253,0.8645779805405452,0.740531714472258,0.27991092467599055,0.23897937564788319,0.3680506320304587,0.0006300934999998798
6.256,0.8654182581542446,0.7412481393525842,0.2802741511235678,0.2386372112362593,0.3681050371492566,0.0007030264999998825
6.258,0.8659788981066039,0.7417255662749227,0.2803658012358631,0.2387897111023285,0.3682736871281479,0.000717560499999881
6.26,0.8665395942890672,0.7422038170045181,0.28033038122757953,0.23946101849311704,0.36868238636658657,0.0007065284999998822
6.262,0.8671000941926393,0.7426837030011888,0.2801695223446078,0.24042497817760047,0.36918712244945023,0.0007050834999998823
6.264,0.8676601576227373,0.7431656695646492,0.2798939077531148,0.24154158528272657,0.36970655528162033,0.0007238784999998885
6.266,0.8682195980892012,0.743649941190965,0.27954655871090234,0.24273004103297424,0.37022175963465104,0.0007192374999998891
6.268,0.8687785715931565,0.7441363005918501,0.279426945244495,0.24362935985223952,0.37072184007781633,0.0007028784999998909
6.27,0.8693376534472839,0.7446235735136321,0.2796549088828996,0.2436435619297972,0.370903024161494,0.0006779974999998937
6.272,0.8698972286666192,0.7451104907208734,0.27992031045222077,0.2432736453114346,0.37086041404655384,0.000622223499999875
6.274,0.8704573884294359,0.7455964634592475,0.28023945236446335,0.24269909306264253,0.3707249660259794,0.0005930814999998782
6.276,0.8710183047286034,0.7460809495842052,0.28067684680309934,0.2417870318952262,0.37045979690653835,0.0006193334999998754
6.278,0.8715802465336393,0.7465635648116383,0.28126495823287917,0.24082819553795828,0.3702812397297659,0.0006487804999998722
6.28,0.872143176326897,0.7470446376094472,0.2816648350245591,0.24024460227069733,0.3702060888337976,0.000660117499999876
6.282,0.8727066314418409,0.7475248323719353,0.28179027991945954,0.23995016021754878,0.3701105797535578,0.000678911499999874
6.284,0.8732701941192643,0.7480048260392761,0.2817723975040279,0.24004350712326808,0.37015749257202174,0.000688118499999873
6.286,0.8738335186947793,0.7484856903890679,0.2815521780110021,0.24082084266857995,0.370494679052674,0.00071543549999987
6.288,0.8743963457438755,0.7489685474079474,0.2812748710849707,0.24203617621074605,0.3710755498528382,0.0007576664999998841
6.29,0.8749586880970509,0.7494537004303367,0.28106748209051213,0.24311684617862914,0.37162444804472106,0.0007508954999998849
6.292,0.8755206836477815,0.7499407383265958,0.280928068640135,0.243921050080603,0.3720457746330422,0.0007079054999998896
6.294,0.8760824432364821,0.750429111776883,0.28083152006052314,0.2444524002066069,0.3723215258701478,0.000694742499999891
6.296,0.876644335674559,0.7509175102660866,0.2810609180161844,0.24394608899679526,0.3721625101658316,0.000685840499999888
6.298,0.8772069665373147,0.75140435747828,0.2815699447395271,0.24290112319677906,0.37186367049078245,0.0006875914999998878
6.3,0.8777705688527888,0.7518892206863341,0.2820323707346799,0.24196208485733828,0.37160181464940895,0.0006978644999998867
6.302,0.8783349184411886,0.7523723728622654,0.2823172176652232,0.24119009107402464,0.3713161340724765,0.0006953544999998869
6.304,0.8788997033064967,0.7528542683227593,0.2824676476426404,0.2407053694196285,0.37111594796263697,0.0007077584999998912
6.306,0.8794644808666652,0.7533359753287138,0.2823099125259233,0.24100163653498038,0.3711881942127649,0.0007137704999998905
6.308,0.880028715466809,0.7538189158022267,0.2819246876180481,0.24193883697803187,0.3715049533005135,0.0007219124999998896
6.31,0.8805925200589828,0.754302917355356,0.2818799045557181,0.24206271615130123,0.3715516641637959,0.0007236624999998894
6.312,0.8811563570473595,0.7547870499112772,0.28195708382074886,0.2420698397696997,0.37161486036329183,0.0007062374999998836
6.314,0.8817202105809331,0.7552717532231173,0.2818964497528624,0.24263347207053926,0.3719362985139703,0.0006845514999998859
6.316,0.8822839212538189,0.755757522786092,0.2818142231330797,0.2431360909041997,0.3722021158729172,0.0006543434999998893
6.318,0.8828474389679327,0.7562446511935714,0.281703490980781,0.24399231657531667,0.37267828938448844,0.0006379844999998911
6.32,0.8834107120028313,0.7567336805288442,0.28156954391753497,0.24503701869727815,0.3732620374401593,0.000643996499999893
6.323,0.8842551710246279,0.7574699911697819,0.2814031372801755,0.24583674192787267,0.37366218614255947,0.0006514154999998932
6.325,0.8848179056670344,0.7579619123924917,0.28133150512641814,0.24608448078200704,0.37377130368508205,0.0006552954999998929
6.327,0.8853805759729183,0.7584542572460078,0.28133880075749285,0.24626037273416407,0.3738926209365915,0.0006623714999998921
6.329,0.8859434239849305,0.7589466217251581,0.28150921125480566,0.2461041064162685,0.37391799530946995,0.0006577304999998927
6.331,0.8865067382271089,0.7594383164121715,0.2818050309233852,0.24559058059690134,0.3738031684344759,0.000646698499999889
6.333,0.8870706422501008,0.7599288763596512,0.2820989920686189,0.24496936688280924,0.37361722663321495,0.0006346004999998903
6.335,0.8876350605590209,0.7604181041861131,0.2823193168515133,0.24425845957911915,0.37331808386879595,0.0006171754999998922
6.337,0.8881998889664758,0.7609058312452495,0.28250909060352003,0.24346859955728456,0.37294549902635005,0.0006040114999998936
6.339,0.8887649985576498,0.7613925601840701,0.2826005005702925,0.24326033926318144,0.37287884839585367,0.0005919134999998896
6.341,0.8893301280108263,0.7618795009045584,0.28252895260635585,0.24368038122514654,0.37309883041210035,0.0005851424999998903
6.343,0.8898950193701234,0.7623675079183245,0.2823624066907526,0.2443266325410864,0.37339527592226046,0.0005826324999998906
6.345,0.8904596369635628,0.7628569617591427,0.28225518674868677,0.24512720827717482,0.37383865327745003,0.000597166499999889
6.347,0.8910241298643395,0.7633479915705528,0.28223771402791825,0.24590260313274157,0.3743343658377675,0.0006287444999998995
6.349,0.8915885285993447,0.7638405686203105,0.2821610209772581,0.2466744466249927,0.37478410368727627,0.0006304944999998993
6.351,0.892152868858307,0.7643343428875592,0.28217923798519584,0.24709982062374455,0.3750779168415444,0.0006258524999998999
6.353,0.8927174660085354,0.7648284741730137,0.28241791224324475,0.24703146483083394,0.37521250215351387,0.0006350594999998988
6.355,0.8932825403563475,0.7653222336172528,0.28265643556867076,0.2467279794080925,0.37519242581798773,0.0006453324999999024
6.357,0.893848025281201,0.7658153017711535,0.2828284892849585,0.24634017449267775,0.3750672418651019,0.0006662584999999001
6.359,0.8944139458196971,0.7663075547643767,0.28309204921126646,0.24591281873051785,0.3749856300481695,0.0006722704999998995
6.361,0.8949803737730027,0.7667990104955504,0.28333590409431275,0.24554291244320678,0.3749274015059901,0.0006612374999999006
6.363,0.8955471316532896,0.7672899724174823,0.28342197619246196,0.2454190094884999,0.37491133192683956,0.0006619224999999009
6.365,0.8961140260134162,0.7677810365569918,0.2834723839341779,0.24564513002110036,0.37509748380442287,0.0006668684999999004
6.367,0.8966809837087522,0.7682728796292614,0.28348531140188915,0.24619794224854982,0.37546950415186364,0.0006515744999999021
6.369,0.89724791886683,0.7687659539985445,0.2834498466760334,0.2468764270346653,0.3758879963580498,0.0006256284999999049
6.371,0.8978147183697888,0.7692602220435414,0.2833496562825274,0.247391617962022,0.37615108713559964,0.0006273794999999055
6.373,0.8983812635928248,0.7697554307609592,0.2831955667535353,0.24781709945589997,0.37631508581452255,0.0006376524999999044
6.375,0.8989476817147454,0.7702511654565609,0.28322255516714595,0.24791759614589626,0.37640158107288385,0.0006287504999999054
6.377,0.8995143042571725,0.7707465948947276,0.28339998726005544,0.2475118420209127,0.37626807560512604,0.0006475454999999033
6.379,0.9000812618353169,0.7712411051389348,0.28355759088441956,0.24699840218637378,0.3760493558441465,0.0006940374999998981
6.381,0.9006485580287056,0.7717347177115736,0.2837386025040248,0.24661417045228115,0.3759336957746721,0.000723485499999908
6.383,0.9012162055984327,0.7722277431068141,0.2839089672232199,0.2464112247882374,0.3759292398462703,0.0007433454999999058
6.385,0.901784021724309,0.7727205458151196,0.2839071586531808,0.24639148351736456,0.37591493437267176,0.0007632054999999037
6.387,0.9023517429559105,0.7732136591088874,0.2838140729483372,0.24672181025048845,0.3760612711471391,0.0007457814999999056
6.39,0.9032030810541002,0.7739550603814113,0.28374465917810876,0.24754570476538107,0.3765500067187495,0.0006749034999999028
6.392,0.9037705507482862,0.7744503259062735,0.28372503500772933,0.24771982009671958,0.3766497109502254,0.0006617404999998985
6.394,0.9043379740744646,0.7749460312055034,0.28369829117075196,0.24798547913331262,0.3768043501264063,0.0006709484999998974
6.396,0.9049053531962183,0.7754427308936673,0.28368083058311166,0.2487142090306482,0.37727121731463303,0.0006695034999998975
6.398,0.9054727222189753,0.7759404321268648,0.2836881921739618,0.24898702416686908,0.37745665788591376,0.0006701884999998974
6.4,0.9060402923312442,0.7764382301469763,0.28388192009461727,0.2488109959444683,0.3774862332052454,0.000671938499999898
6.402,0.906608454517412,0.7769356795628136,0.28428026607328977,0.24863841989287577,0.3776722567591197,0.0006736884999998978
6.404,0.9071772303402023,0.7774328180521567,0.28449555671701005,0.2485000694502437,0.3777433074304526,0.0006967434999998952
6.406,0.9077463505341403,0.7779296080981019,0.2846246372210939,0.24828997649492393,0.3777023914950621,0.0007229944999998923
6.408,0.9083156715837697,0.7784261610760881,0.28469641240806925,0.2482630014911533,0.37773875250948485,0.0007204834999998915
6.41,0.9088851631620145,0.7789227336779683,0.2847951658368111,0.24830960038909797,0.37784380917173993,0.0006987974999998937
6.412,0.9094550333782712,0.7794191839693517,0.285075050419947,0.24814069099438466,0.3779438938508017,0.0006685894999998972
6.414,0.9100253719237416,0.7799154400977741,0.2852634950505212,0.24811543742805475,0.3780694802527092,0.0006596874999998983
6.416,0.9105959331087675,0.7804118073604638,0.2852976899752161,0.24825182526140485,0.37818479695885926,0.0006848744999999066
6.418,0.9111665177751006,0.7809083917872793,0.2852869763579724,0.24833260155418044,0.3782297448299666,0.0007026044999999047
6.42,0.9117370972585246,0.7814052669865695,0.28529250706612586,0.24854259773608384,0.3783718243705208,0.0006937024999999057
6.422,0.9123076861458733,0.7819027649994815,0.28529638028269017,0.24895541517598124,0.37864603965689453,0.0006784084999999074
6.424,0.9128783562873474,0.7824009737263986,0.28537376119112207,0.24925331174095586,0.3789002467539467,0.000665245499999903
6.426,0.9134492403398816,0.7828996597462473,0.2855102913431976,0.2494327081077643,0.37912109191767573,0.0006627354999999033
6.428,0.9140204135267014,0.7833985860863997,0.28566289547657886,0.24949363204460606,0.379276102968368,0.0006730084999999022
6.43,0.914591911641784,0.7838975983621194,0.2858352196060871,0.24951864367519117,0.37942235873596997,0.0006779544999999017
6.432,0.9151637077536589,0.7843966822307276,0.2859608922686144,0.24956522493283986,0.37954766947359986,0.0006679864999998983
6.434,0.9157357192750646,0.784895801851334,0.2860506291371895,0.2495543956736845,0.3796081648619268,0.0006526924999999001
6.436,0.9163078707752198,0.7853948872759203,0.28610087101813314,0.2495310289126784,0.37963066628969055,0.0006459204999999008
6.438,0.9168802233158991,0.785893995905659,0.28625166966124876,0.24957760082610284,0.37977492968594734,0.0006231694999999033
6.44,0.9174528990111188,0.7863932281792738,0.2864240255582261,0.2496546727885231,0.37995549484396707,0.0006100064999998989
6.442,0.9180258117182293,0.7868926038950755,0.2864886815523339,0.2497210430132271,0.3800478443317481,0.0006192144999998977
6.444,0.9185988645318688,0.7873921536264972,0.2865641320872305,0.24982868840840863,0.38017545337748126,0.0006167044999998981
6.446,0.9191720772982829,0.7878920442844123,0.2866486343269478,0.2500619695067417,0.3803924659546964,0.0006131284999998984
6.448,0.9197454267585153,0.7883923943453613,0.2867008259053112,0.2502880914421523,0.38058046756572095,0.0006329874999999051
6.45,0.920318869771152,0.788893092553338,0.2867421867313736,0.25041011653455303,0.38069188080958377,0.0006539124999999028
6.452,0.9208924852025672,0.7893939629581588,0.2868732446839452,0.2504602882863418,0.3808236002717953,0.0006492714999999033
6.455,0.9217535329396875,0.7901452304712779,0.2871585800629226,0.2503847204597647,0.3809889215495228,0.000639113499999903
6.457,0.9223280206080119,0.7906459926249733,0.28732908826146364,0.25037743323562905,0.38111266580215597,0.0006291454999999041
6.459,0.9229027830458223,0.7911469915282963,0.2874333495490414,0.2506214700874376,0.3813516116417627,0.0006500704999999018
6.461,0.9234777772768621,0.7916483833594787,0.28756088149057135,0.2507703610948908,0.3815455864864595,0.0006614084999999056
6.463,0.9240531323539937,0.7921498988049906,0.2877941956410395,0.25074508441709914,0.3817048550962,0.0006194834999999102
6.465,0.924628957782603,0.7926515772898028,0.2880312329683325,0.2509334003951233,0.38200728081951146,0.0006020594999999121
6.467,0.9252052250310285,0.7931537167856464,0.28823601545720634,0.25120609544843103,0.38234082046924195,0.0006187234999999102
6.469,0.9257818748473048,0.7936562778392354,0.28841380081881146,0.251354958140448,0.3825726538639941,0.0006364524999999162
6.471,0.9263588425429506,0.794159136640752,0.28855389482706667,0.2515038433761824,0.3827760878801877,0.0006307454999999168
6.473,0.9269359809519179,0.7946623148209943,0.2885845141402072,0.251674336866158,0.38291120855697053,0.0006239734999999176
6.475,0.927513169779645,0.7951657532259513,0.2886043135869915,0.2517640680908808,0.3829851117245789,0.0006321154999999166
6.477,0.9280904861691196,0.7956693925760577,0.28871207588741804,0.2518752820153453,0.3831394269107944,0.0006317354999999165
6.479,0.9286679910951177,0.7961731520628144,0.2887928501106743,0.2518842047413068,0.38320616236329885,0.0006409424999999155
6.481,0.9292456683205119,0.7966769006699992,0.28888437528369,0.2518644024436275,0.38326212896832557,0.0006352354999999162
6.483,0.9298235303610766,0.7971805594160504,0.2889776652809926,0.2517943436076026,0.38328642358429144,0.0006199414999999179
6.485,0.9304015484715747,0.7976840816542007,0.28904044521694694,0.25172789454259437,0.3832901144851748,0.0006238224999999192
6.487,0.9309796976063129,0.7981875984264477,0.28910868952132746,0.25178887770446284,0.3833816287883553,0.0006319644999999183
6.489,0.9315579903527971,0.7986911492108416,0.28918405696283966,0.25176190668945175,0.3834207564300544,0.0006411714999999173
6.491,0.9321364356250893,0.7991946406666027,0.2892612153294402,0.25172954907174194,0.38345771157942216,0.0006450524999999168
6.493,0.9327150101416742,0.7996981535770451,0.28931330125526883,0.2517833613704605,0.3835323289453313,0.0006521294999999192
6.495,0.9332937175159909,0.8002017256302107,0.289394073061456,0.2517886917952123,0.38359676072543125,0.000681576499999916
6.497,0.9338726097285833,0.8007052526850245,0.2894981395309991,0.25173836301850666,0.38364225028944254,0.0007280674999999108
6.499,0.9344516849410529,0.8012086755055743,0.289577072938643,0.25168445753136626,0.38366645323062876,0.0007788194999999052
6.501,0.9350308983591777,0.8017120964253088,0.28963634518598014,0.2517364622029745,0.3837453046685547,0.0007880264999999083
6.503,0.9356102553721981,0.8022155226164828,0.2897206678344321,0.2516897289710536,0.38377830194000256,0.0007844504999999087
6.505,0.9361898527353022,0.8027187422074296,0.28987669526971255,0.25152986197584415,0.3837913103837514,0.000790461499999908
6.507,0.9367697801409482,0.8032216923054742,0.2900507103764578,0.25142023606893715,0.38385094723713775,0.0007943424999999075
6.509,0.9373500465683073,0.8037243818747652,0.290215716982459,0.25126933322186484,0.38387685551671813,0.0008152684999999145
6.511,0.937930488794531,0.8042269492503161,0.29022650924124505,0.2512980423290742,0.38390380662971246,0.0008138234999999147
6.513,0.9385109024645566,0.804729715880169,0.2901871607844042,0.25146858752377926,0.38398572733282454,0.0008102474999999151
6.515,0.9390913252558483,0.8052326637846611,0.29023563050735735,0.2514793169684481,0.3840293843951534,0.0008279764999999131
6.517,0.9396718126460123,0.8057355918922331,0.290251759656509,0.25144879060342606,0.3840215856949001,0.0008446404999999185
6.52,0.9405425680217228,0.8064900513400017,0.2902518241506039,0.25152417457583287,0.38407099840889725,0.000866441499999913
6.522,0.9411230609083626,0.8069931086727755,0.29024106248907144,0.25153315819773675,0.3840687490902022,0.0008937584999999221
6.524,0.9417037009029333,0.8074960868973052,0.2903989320817227,0.25144506633204494,0.3841303960075686,0.000904031499999921
6.526,0.9422847249222074,0.8079989786208464,0.2906250871924352,0.2514466572091075,0.38430243653566,0.0008983254999999216
6.528,0.9428660326607203,0.8085020136786104,0.2906826513206152,0.2515884005549785,0.3844387169271517,0.0009096634999999204
6.53,0.9434473980884402,0.8090053268896632,0.2906827763990872,0.2517248104976308,0.384528096132324,0.0009241974999999252
6.532,0.9440288086412194,0.8095089146739544,0.2907277763801296,0.25186297379362343,0.3846525672956078,0.0009280784999999248
6.534,0.9446103969926521,0.8100126153712535,0.29086057505261703,0.2518377235055211,0.38473642029366334,0.0009170454999999259
6.536,0.945192204214283,0.8105162009962487,0.29094664657822106,0.25174790148968135,0.3847427154080641,0.0008910984999999287
6.538,0.9457741640084601,0.811019800844199,0.2910131475987575,0.2518519464604955,0.3848610853428501,0.0008736734999999229
6.54,0.9463562874221839,0.8115237254207227,0.2911102661251087,0.2520726300633096,0.38507895017835725,0.0008956634999999205
6.542,0.9469385656141973,0.8120281147300905,0.2911679258883929,0.25231667930459084,0.3852823220982821,0.0009378934999999158
6.544,0.9475209859411425,0.8125328718538869,0.29125240105692785,0.2524404444918643,0.3854272163932843,0.0009673404999999125
6.546,0.9481034764332223,0.8130378030142323,0.29123809102271636,0.25249071585344723,0.385449331630945,0.0009744174999999149
6.548,0.9486858683717871,0.8135429029900936,0.29115384754215257,0.25260926000787004,0.38546335906324836,0.0009751024999999149
6.55,0.949268186886609,0.8140481735505665,0.2911646672797732,0.2526613004650465,0.3855056370856716,0.0009757874999999148
6.552,0.9498505664421608,0.8145534602045374,0.2912148882721466,0.25262535350599535,0.3855200129505444,0.0009732774999999151
6.554,0.9504329855572811,0.815058822203774,0.2912042268479063,0.25273664573039956,0.3855848983416498,0.0009675714999999132
6.556,0.9510153710476719,0.8155646760305559,0.2911812635429385,0.25311718105162373,0.3858171012046805,0.0009735834999999125
6.558,0.951597766038326,0.8160710718987586,0.29121372711123084,0.25327868715110463,0.3859475718578905,0.0009923784999999105
6.56,0.9521802418855756,0.8165775592242482,0.2912621201384256,0.2532086383385372,0.3859381260730621,0.0010186294999999076
6.562,0.952762841612854,0.8170840751412063,0.2913376071397002,0.2533072786193655,0.3860598123807179,0.0010374234999999139
6.564,0.9533456103250801,0.8175908475494513,0.29143110508653214,0.2534651296256916,0.38623394587752896,0.0010391734999999137
6.566,0.9539286055341175,0.8180979481818843,0.29156410395090676,0.2536355028073436,0.3864461087875374,0.0010473154999999128
6.568,0.9545117392901885,0.818605375334313,0.29156965212020647,0.2537916496214283,0.3865527951717127,0.0010416094999999134
6.57,0.9550949128296577,0.8191130860348657,0.29160388734883697,0.2539190509310574,0.3866622706480193,0.0010337724999999107
6.572,0.9556782877033699,0.8196210962730398,0.2917709863634555,0.2540911872431061,0.38690133098519436,0.0010152824999999127
6.574,0.9562619339951925,0.8201294975181849,0.29187530545919516,0.2543100579019693,0.3871237521607289,0.0009680304999999179
6.576,0.9568457817006877,0.8206382952323376,0.29197240003603286,0.2544876562507678,0.3873136320436064,0.0009623234999999185
6.578,0.9574297966215451,0.8211473943226777,0.29204252082125515,0.2546114340892437,0.3874478240184277,0.0009917704999999285
6.58,0.9580139140800427,0.8216567284408247,0.2920749376763003,0.25472268405778686,0.38754537152728036,0.0009828684999999295
6.582,0.9585982326505064,0.8221661503124221,0.29224363278742455,0.2546991875397242,0.38765708691856343,0.0009686404999999311
6.584,0.9591830428379532,0.8226753904246284,0.29256655465950704,0.25454092466661205,0.3877966880150837,0.0009810444999999298
6.587,0.9600611098386,0.8234388472629143,0.29281144577170776,0.25443030085726515,0.38790890782403564,0.00098367099999993
6.589,0.9606468207512459,0.8239477813683889,0.29289946687389645,0.25450380461712124,0.388023561474819,0.0009800949999999287
6.591,0.9612327167171811,0.8244569001645339,0.2929964990614,0.2546149915279821,0.38816973397346605,0.0009839759999999283
6.593,0.961818706240375,0.8249662450234722,0.2929930241325022,0.2547298674103483,0.3882424726137039,0.0010123579999999253
6.595,0.9624046637196636,0.825475848378017,0.2929644551561728,0.25487348713462626,0.38831516378982384,0.0010631099999999197
6.597,0.9629906466762941,0.8259857801646346,0.2930185014740937,0.2550582994827754,0.3884772558865816,0.0010968179999999309
6.599,0.9635768005537346,0.8264960850969739,0.29313537596649925,0.2552466328565705,0.3886890688296209,0.0011081559999999296
6.601,0.9641631558362282,0.8270067326278546,0.29321990652713564,0.2554008980242162,0.38885412727057206,0.0011152329999999289
6.603,0.9647497196213721,0.8275176473625616,0.29334387861680344,0.25551383668280203,0.3890217884107721,0.0011169829999999289
6.605,0.9653364721034989,0.8280287736812112,0.29340860350984166,0.2556124819665858,0.38913538717355634,0.0010963619999999218
6.607,0.9659232427838637,0.828540127925378,0.29336207685489274,0.25574176220029904,0.3891852477547553,0.001059761999999926
6.609,0.9665100405790685,0.8290516598338327,0.29343571835003945,0.25579014625437785,0.3892725519792523,0.001048728999999927
6.611,0.9670970286960837,0.8295632525678425,0.2935523986652013,0.2558025877554828,0.389368687318966,0.0010558059999999261
6.613,0.9676841551064689,0.8300749277205665,0.2935740117198105,0.25587256496833033,0.38943095647461806,0.0010596869999999275
6.615,0.9682713714551274,0.830586785854764,0.29364233693885533,0.255985569229254,0.3895567143517583,0.0010656979999999268
6.617,0.9688587891022314,0.8310989004413369,0.29377531016526887,0.25612901734376586,0.38975121088738524,0.0010695779999999263
6.619,0.9694464241794142,0.8316112499247504,0.2938597670175824,0.256220466069739,0.38987496701458285,0.0010691969999999263
6.621,0.9700342299539959,0.8321237715344634,0.29394600756392103,0.25630114364303364,0.3899929891619793,0.0010730779999999277
6.623,0.970622193825717,0.8326364311806761,0.294017864157247,0.2563585025697075,0.39008484498038637,0.0010726979999999278
6.625,0.9712102187303554,0.8331490961450541,0.29400704048118487,0.2563064618083396,0.3900424877077046,0.0010488819999999303
6.627,0.9717982742229719,0.833661834666977,0.29404845213544084,0.2564320601146296,0.3901562426232363,0.001036783999999932
6.629,0.972386482771985,0.8341750468770702,0.2941600968777655,0.2567801499786988,0.39046921519912353,0.0010470559999999304
6.631,0.9729749054597868,0.8346887847621797,0.29426259092385965,0.2569577351305467,0.3906632182080148,0.0010605239999999351
6.633,0.9735635168927256,0.8352027916799938,0.294348842014915,0.2570491826835892,0.3907883354372576,0.0010612089999999348
6.635,0.9741523727651692,0.8357171160320408,0.29450703042881987,0.2572751693635204,0.39105613886375695,0.0010576329999999353
6.637,0.9747415036165441,0.8362317829142955,0.29462382094612927,0.2573917128912421,0.3912207685361098,0.0010487309999999363
6.639,0.9753307476238222,0.8367465232678196,0.29462018633175163,0.2573486406327221,0.3911896944318268,0.0010227849999999276
6.641,0.9759200257457512,0.8372612779472357,0.29465793559729647,0.2574060387834297,0.3912558853392969,0.0010042959999999295
6.643,0.976509429677443,0.837776201218748,0.2947459960945631,0.2575172327288506,0.39139535940797915,0.0009975249999999304
6.645,0.9770990527152803,0.8382912552976134,0.2948770417427782,0.25753684613662525,0.39150695634301563,0.0009960799999999305
6.648,0.9779839102921417,0.8390641725341025,0.29502800949811364,0.2577413115227162,0.39175516595683696,0.0009715414999999296
6.65,0.978574002493773,0.8395799530707161,0.29506419213300855,0.2580392250907465,0.3919784677307389,0.0009392034999999189
6.652,0.9791641417930297,0.8400961858697421,0.2950751071236756,0.258193573935288,0.39208830697372965,0.0009430844999999183
6.654,0.9797543208152193,0.8406126663236964,0.2951039150659847,0.25828688001906547,0.39217143327536624,0.0009650744999999159
6.656,0.9803445556290822,0.8411293028786807,0.29513089879698684,0.2583496749653444,0.39223309648653615,0.0009604324999999165
6.658,0.9809348047971005,0.8416459340357163,0.2951182692211143,0.2582814820700286,0.39217867969632997,0.000962182499999917
6.66,0.9815251095368319,0.8421624933446422,0.2951864705103486,0.25827782685599315,0.39222759747092156,0.0009564754999999177
6.662,0.9821156261422167,0.8426791278369946,0.2953301348745362,0.25835666549647657,0.39238763381568237,0.0009283974999999208
6.664,0.9827063852619621,0.843195982871172,0.29542898487095487,0.25849836868100673,0.392555335860595,0.0009322774999999204
6.666,0.9832972846142385,0.8437130872625934,0.2954703674052125,0.25860602274025074,0.39265737356135605,0.0009606594999999299
6.668,0.9838882271648024,0.8442303208453883,0.2954721831587666,0.2586275600546289,0.39267292476107696,0.0009645404999999294
6.67,0.984479094497601,0.8447477303972635,0.2953951496398059,0.2587819918206099,0.3927167092464561,0.0009396584999999321
6.672,0.985069755821608,0.8452655709098544,0.2952661743673462,0.25905852077038327,0.39280202508295087,0.0009030584999999362
6.674,0.9856602973279918,0.8457838907637849,0.29527533201611766,0.25926133315991295,0.39294269374691765,0.0008952214999999336
6.676,0.9862509737838632,0.8463025820356359,0.2954011238553713,0.2594299386911446,0.3931484669489473,0.0008937764999999337
6.678,0.9868418945192771,0.8468214723196588,0.2955196115586366,0.25946034533179724,0.3932575639647163,0.0009008534999999329
6.68,0.9874330719565336,0.8473404018588482,0.295657825697992,0.259469193857699,0.3933672742585845,0.0009143224999999315
6.682,0.9880245313479399,0.847859505244,0.2958015657080713,0.2596341912939972,0.39358414546858256,0.0009032904999999277
6.684,0.9886161614653532,0.8483788436030358,0.2958285517053801,0.2597041677419361,0.3936505896688514,0.0009210204999999257
6.686,0.9892078023356481,0.8488981675938646,0.2958123185894952,0.2596198230868673,0.39358274907438373,0.0009408804999999236
6.688,0.9897995418479648,0.8494174107221724,0.29592719372732174,0.25962330522097987,0.3936713916468834,0.0009383694999999238
6.69,0.9903915380689261,0.8499366984812652,0.29606902723372563,0.2596644538716794,0.3938051516824051,0.0009433154999999255
6.692,0.9909838178386652,0.8504559428961379,0.29621074250540713,0.25957996100112474,0.39385601446334423,0.0009450654999999253
6.694,0.9915764115368423,0.8509750021437423,0.29638295567171463,0.25947928660339564,0.393919225970133,0.0009404234999999258
6.696,0.9921693945808309,0.8514939102601299,0.29660008831691465,0.2594288297842033,0.3940494005994714,0.0009144764999999286
6.698,0.9927627132577361,0.8520128108880382,0.29671858858820005,0.25947179812385335,0.39416688703568087,0.0008895954999999203
6.7,0.9933561073930773,0.8525317940094171,0.2966755467530282,0.25951132325520376,0.3941605091062207,0.0008838894999999209
6.702,0.9939494728599955,0.8530508327969117,0.29668992016521467,0.25952746423944284,0.39418195471405937,0.0008909664999999201
6.704,0.9945429424799269,0.853569927132381,0.2967796997663586,0.2595668712299034,0.3942754758205121,0.0009140224999999176
6.706,0.9951365377838384,0.8540890680221475,0.2968156041449434,0.25957401853634665,0.3943072075971163,0.0009274904999999221
6.708,0.995730230124596,0.8546083308745964,0.29687673661284003,0.25968883391262587,0.3944288113218772,0.0009271094999999222
6.71,0.9963239856120827,0.8551279454634121,0.2968787508738502,0.2599257549031044,0.39458635402452313,0.0009235334999999225
6.713,0.9972146179533485,0.8559078600388438,0.29687614330335127,0.26001729538465673,0.39464469888980364,0.0009181694999999224
6.715,0.9978085029711318,0.8564277975840107,0.29700887447996,0.25992024978232514,0.3946806402229009,0.0009135274999999228
6.717,0.9984026392840398,0.8569477546424412,0.2971274384281693,0.2600368086482882,0.39484662404390897,0.0008918414999999252
6.719,0.9989970055933092,0.8574679968786368,0.29723887084095846,0.26020542754711945,0.3950415305556964,0.000888265499999924
6.721,0.9995916502865819,0.857988439893602,0.2974058224318246,0.2602375874181028,0.3951883413279606,0.0008868204999999241
6.723,1.0001865822901246,0.858509033424074,0.2975261811108411,0.2603559430540687,0.3953568584582472,0.000860874499999927
6.725,1.0007816490992631,0.8590298476058047,0.2975406280278772,0.2604582386767086,0.3954351014032478,0.0008487764999999283
6.727,1.0013767339665607,0.8595507892081143,0.29754423926956425,0.26048336363277763,0.39545436785038746,0.000842004499999926
6.729,1.001971804570131,0.8600718438994543,0.2975263643007193,0.2605713277072593,0.39549886760536784,0.0008416244999999261
6.731,1.0025668716495773,0.8605929775685462,0.2975407151456841,0.26056234138471057,0.3955037432405509,0.0008487014999999254
6.733,1.0031620500367717,0.8611141416563339,0.297637672048927,0.2606017464029938,0.3956026466683393,0.000844060499999926
6.735,1.0037574959231057,0.8616353791078187,0.2978082142849308,0.26063570508163464,0.3957533363838896,0.000838354499999924
6.737,1.004353327584585,0.86215647084883,0.2980234471946004,0.2604560359295956,0.3957970714013831,0.0008443664999999233
6.739,1.0049495252643161,0.8626774025364862,0.29817423253645936,0.2604756517266349,0.39592352555906773,0.0008418564999999236
6.741,1.0055458809402276,0.8631983915263275,0.298181443375071,0.26051333811473487,0.39595375046704995,0.0008542594999999222
6.743,1.0061423013121178,0.8637194719971188,0.2982389285149206,0.2605671326764178,0.3960324344203866,0.0008794454999999306
6.745,1.006738919313243,0.8642407694716571,0.29837907261035057,0.2607303418618933,0.3962453559844363,0.000892914499999929
6.747,1.0073357708602049,0.8647623054554322,0.2984724743516118,0.26080564191329314,0.3963652366181707,0.0009053184999999276
6.749,1.00793283249024,0.8652839327868379,0.29858915568339384,0.260821689492457,0.3964636649195253,0.0009166564999999265
6.751,1.0085301131672968,0.8658056388929587,0.2986915213732575,0.26088441662810957,0.3965820265464135,0.0009184064999999271
6.753,1.0091275070591528,0.8663274938701644,0.2987023704827413,0.26097056057763085,0.39664687017574174,0.0009126994999999276
6.755,1.0097248596954929,0.8668493758076442,0.2986502658574045,0.2609113769022065,0.39656869252842397,0.0009059274999999285
6.757,1.010322196093202,0.86737116442618,0.2986861318517709,0.26087724163369486,0.3965732474121,0.0009023514999999287
6.759,1.0109197012254867,0.8678929726354591,0.2988190004327199,0.2609309676452032,0.39670866501233865,0.0009041014999999294
6.761,1.011517348218179,0.8684148543067897,0.29882799225956735,0.2609507036854286,0.39672841933973474,0.0009069164999999291
6.763,1.0121149934008515,0.8689367198264627,0.2988171904129906,0.26091481598767946,0.3966966781915348,0.000917188499999928
6.765,1.0127126583018093,0.8694585566097003,0.29884771054484177,0.26092196724995925,0.3967243716883075,0.0009327874999999263
6.767,1.0133103394275829,0.8699804687625614,0.29883341522841916,0.26099018561098486,0.3967584744430005,0.0009345384999999268
6.769,1.0139080099080677,0.8705025137464203,0.2988370652565791,0.2610547982479091,0.3968037288880001,0.0009235064999999279
6.771,1.0145057271666158,0.8710246789446981,0.298880193291584,0.26111040002996244,0.396872789374406,0.0009092784999999297
6.773,1.0151035377914712,0.8715468799551205,0.2989304315638599,0.2610906103924133,0.3968976061278759,0.0009035724999999303
6.776,1.016000454201937,0.8723300668644262,0.2990138420799022,0.2610339958113641,0.3969231975138666,0.0009205794999999309
6.778,1.0165986201563477,0.8728522047275569,0.29915211233098726,0.2611038673193907,0.3970733129300351,0.0009340474999999292
6.78,1.0171971075782997,0.8733745415201969,0.29933530962090826,0.2612329253204612,0.3972961978893464,0.0009443194999999327
6.782,1.0177959398016379,0.8738970772173948,0.2994969137172034,0.26130277187751655,0.3974638850474385,0.0009567224999999313
6.784,1.0183950736427518,0.8744196969861542,0.2996369273968087,0.2613169968818596,0.39757874832434675,0.0009574074999999314
6.786,1.0189945199405694,0.8749424708140507,0.29980937042087924,0.26145683101473216,0.39780061975370296,0.0009655494999999304
6.788,1.0195942392583057,0.8754654507900044,0.29990994731517284,0.261523144938744,0.39792000683207807,0.0009683654999999314
6.79,1.0201941452975924,0.8759884880234284,0.29999609197171495,0.2615140884853353,0.39797898647367985,0.0009573324999999325
6.792,1.0207943134860862,0.8765116273138012,0.3001720965221942,0.2616252018874908,0.3981846729762457,0.0009590824999999323
6.794,1.0213947600832756,0.8770349781324749,0.3002745006671982,0.26172561678630485,0.3983278476746346,0.0009544414999999328
6.796,1.0219953234779844,0.8775584652503264,0.3002888940413184,0.26176150106501866,0.39836227648256295,0.0009412784999999284
6.798,1.0225959175578725,0.8780821354172614,0.3003051858468713,0.26190866587005807,0.39847127111544395,0.0009366374999999289
6.8,1.0231965513470633,0.8786060424711557,0.3003286033439272,0.26199838802432207,0.3985478958843682,0.0009298664999999298
6.802,1.0237972227895387,0.8791299064140499,0.3003428391315789,0.2618655548699056,0.3984713162135275,0.0009103124999999319
6.804,1.0243979390584765,0.8796537254451869,0.3003734298060846,0.2619534762669692,0.3985521560120086,0.0009014104999999288
6.806,1.0249988135233519,0.8801778189463737,0.3005010350693931,0.2621400249197983,0.3987709427011064,0.0009340534999999252
6.808,1.0255999198920018,0.8807023017198812,0.30060533358063046,0.2623427485877472,0.3989828120529706,0.0009698924999999214
6.81,1.0262012007607315,0.8812271953546896,0.30067553514921014,0.2625508862208181,0.39917257582729915,0.0009609904999999223
6.812,1.0268026919024325,0.8817523723783751,0.3008156065516273,0.2626261374645065,0.39932758134713076,0.0009350444999999135
6.814,1.027404457816908,0.8822777160643843,0.30095030792386385,0.2627175485447724,0.3994891715088699,0.000950643499999912
6.816,1.0280065505225262,0.8828031922569952,0.3011423976944341,0.26275864406615623,0.39966091717934804,0.0009811554999999085
6.818,1.0286090398827308,0.8833286572953128,0.30134696251020476,0.26270639425152487,0.3997807416506758,0.0009562734999999113
6.82,1.0292117751847918,0.8838541741461732,0.30138833955071037,0.26281045660866686,0.3998803162447362,0.0009250004999999008
6.822,1.0298147834846754,0.8843798845835834,0.301619960332926,0.2628999808015711,0.4001137343015137,0.0009459254999998985
6.824,1.0304185581724874,0.8849055763337155,0.30215472747906286,0.2627917693305115,0.4004459930699863,0.000996677499999893
6.826,1.0310231852674592,0.8854311075033394,0.30247236749272244,0.2627394002935319,0.4006513765897446,0.0010250594999998898
6.828,1.0316281767327273,0.8859566490770532,0.3025190977752691,0.26280217342001194,0.4007278214362522,0.0010236144999998893
6.83,1.0322332778669945,0.8864823700273327,0.3025820364920432,0.26291877685955195,0.4008518080700086,0.0010115164999998907
6.832,1.032838637661929,0.8870082881554702,0.30277775844247123,0.2629993512779722,0.40105240278557325,0.0009855694999998936
6.834,1.033444451689304,0.8875343368640002,0.3030362689326065,0.2630493572520833,0.40128038157793,0.0009489694999998976
6.836,1.0340506303104098,0.8880606347084185,0.3031423521729671,0.26324848716596105,0.4014910356111657,0.0009272834999998904
6.838,1.0346569420531404,0.8885872555052858,0.30316939055764064,0.26337230970142883,0.40159264546123924,0.0009162504999998916
6.841,1.035566696700925,0.8893775095146343,0.3033337079653342,0.26346369653092966,0.401776626719052,0.0009348549999998923
6.843,1.0361734773744122,0.8899046270560274,0.30344696552212674,0.2636538448621537,0.4019868291314821,0.0009696289999998885
6.845,1.0367804791528807,0.8904320925876681,0.30355481294650344,0.2638116867786885,0.40217176746261485,0.0009990769999998852
6.847,1.0373876283595622,0.8909598092552884,0.3035943937347087,0.26390498084149355,0.40226284295233433,0.0010381119999998982
6.849,1.0379948494565197,0.8914876209771069,0.3036267032227256,0.26390674097708305,0.40228838268466854,0.0010664939999998951
6.851,1.0386022877252474,0.8920154252895733,0.30381156550521393,0.2638975714893944,0.40242191239137176,0.0010543959999998965
6.853,1.0392100939723785,0.8925432579331823,0.30399468162593435,0.263935072119639,0.4025847597111101,0.0010391019999998982
6.855,1.0398181750931004,0.8930713379821081,0.30408643909563093,0.26414497680593896,0.40279167222482504,0.0010408519999998988
6.857,1.0404264416717142,0.8935999796323005,0.30418013951823003,0.264496673386526,0.40309310030049944,0.0010426019999998984
6.859,1.041034884616293,0.894129069816182,0.30426280506051534,0.26459351049501006,0.40321902278955807,0.0010358299999998993
6.861,1.041643517995337,0.894658330315226,0.3043705739836701,0.26466698854906534,0.4033485603479699,0.0010407759999998987
6.863,1.042252331248618,0.8951879621664401,0.3044426792973215,0.26496486266492963,0.40359846806544836,0.0010425259999998994
6.865,1.0428612364841023,0.8957180193071665,0.30446255618703283,0.26509227806157765,0.4036971191472871,0.0010400149999998996
6.867,1.043470201046821,0.8962481679239123,0.30450200653177845,0.26505633868418665,0.4037032755112912,0.001056678999999898
6.869,1.0440792428106518,0.8967783344071976,0.3045397572988981,0.2651101446011633,0.4037670770953489,0.0010690819999998968
6.871,1.044688333139584,0.8973085959668137,0.30455057163316024,0.2651514150147246,0.40380233229439794,0.0010623099999998943
6.873,1.045297418016555,0.8978387911219344,0.3045343053380522,0.2650437401061304,0.40371936700779665,0.0010480809999998959
6.875,1.0459065456750394,0.8983687026439883,0.30459335314639996,0.26486778194776434,0.40364842709330107,0.0010359829999998973
6.877,1.04651586858844,0.8988982406318579,0.3047295602541775,0.2646702059219351,0.4036216332104412,0.0010185589999998992
6.879,1.047125482068041,0.8994275808863269,0.30488391934680803,0.2646700485471818,0.4037380820213007,0.001020309999999899
6.881,1.0477354042934146,0.8999569495424142,0.3050383060268032,0.26469860753992186,0.4038733972141211,0.0010423009999999064
6.883,1.0483456550435444,0.9004863806783715,0.30521244410301773,0.2647325284174348,0.40402716200476624,0.0010483129999999056
6.885,1.048956193272142,0.9010160986935701,0.30532578449474285,0.264985486781207,0.404278546155993,0.0010426069999999062
6.887,1.0495669274954034,0.9015461557345942,0.30540843876651425,0.2650715542428734,0.40439738295213074,0.0010347699999999072
6.889,1.0501778950138072,0.9020761730462871,0.30555907963721485,0.26494575744984455,0.4044287397545007,0.001019475999999902
6.891,1.0507891747546105,0.9026061038814923,0.30572066116607444,0.26498507775542196,0.40457658619459025,0.0010425319999998995
6.893,1.051400777625645,0.9031360828439381,0.3058822098685334,0.2649938846904094,0.40470444183054316,0.0010378909999999
6.895,1.0520125724240748,0.9036659395546939,0.3059125885610991,0.264862826065423,0.40464160496853857,0.000992769999999905
6.897,1.0526243707521643,0.9041957406186576,0.30588573952827586,0.26493823789815846,0.4046706754230425,0.0009849329999999023
6.899,1.0532361783523885,0.9047258432129169,0.30592186069603516,0.26516435636126906,0.4048460457213463,0.0009888129999999018
6.901,1.0538481120081975,0.9052563638872969,0.30601179511297166,0.2653563180187849,0.40503974405081516,0.0009958889999999011
6.903,1.0544603276690758,0.905787096075237,0.3062038657653884,0.26537586992135254,0.40519767983810395,0.0009944429999999011
6.905,1.055073022513364,0.9063177811181706,0.3064909785226332,0.26530917301206225,0.40537103645932276,0.001002584999999904
6.907,1.0556861535799997,0.9068485339308561,0.3066400881132691,0.2654436396734217,0.4055717809231638,0.0010075319999999035
6.91,1.056605993707405,0.9076455030072561,0.3065866634902623,0.2658690779265808,0.4058099910396757,0.0009782009999999024
6.912,1.0572191456514595,0.9081774009280629,0.3065652805642312,0.26602884288020884,0.4058985297972988,0.0009671689999999035
6.914,1.0578323499125142,0.9087095734147081,0.3066389804904872,0.2661436437651528,0.40602943670728847,0.0009657239999999037
6.916,1.0584457409810606,0.9092418946942726,0.30675208805561127,0.2661776357991995,0.4061371410325936,0.0009866489999999107
6.918,1.0590593044291148,0.9097742893937224,0.30681135999855863,0.2662170636506656,0.4062077493142489,0.0010160959999999074
6.92,1.0596729847787427,0.9103069137194323,0.30686898962944725,0.2664072620592691,0.4063759418003407,0.001019976999999907
6.922,1.0602867911425953,0.9108399040721951,0.306937374223238,0.26658309070361175,0.40654285868054074,0.001011074999999908
6.924,1.060900721595647,0.9113731330184129,0.3069930788282495,0.26664585551412734,0.4066260723457224,0.0010064339999999064
6.926,1.0615147327996082,0.9119063439351673,0.3070181251330725,0.2665650612403552,0.4065920080797226,0.0010135109999999056
6.928,1.062128781582826,0.9124394435319717,0.30703065808478686,0.26653453556404294,0.40658146004499196,0.0010088699999999061
6.93,1.0627428788249675,0.9129725412847366,0.30706658405686377,0.2665632172008488,0.4066273918574816,0.0010138159999999055
6.932,1.063357065846453,0.9135056748436372,0.3071204374284656,0.2665703416995872,0.406672731025928,0.0010475239999999167
6.934,1.0639713354562914,0.9140388316509338,0.30714917240991985,0.26658646559706645,0.40670500089331896,0.001053534999999916
6.936,1.0645856465667485,0.9145721984149396,0.30716193804715525,0.266780298408808,0.40684171836720123,0.0010393059999999176
6.938,1.0651999706901876,0.9151059977294873,0.30716218539198425,0.26701901613891005,0.4069984804818947,0.001026142999999919
6.94,1.0658143472815458,0.9156402008367588,0.30721440596601274,0.26718409113237734,0.4071462019806701,0.0010183059999999164
6.942,1.066428901955157,0.9161747842747257,0.30734026764524836,0.2673993468345544,0.40738243801592533,0.0010221859999999159
6.944,1.0670436632676175,0.9167095918594736,0.30742104481533944,0.26740823791349166,0.40744921708030496,0.0010420449999999136
6.946,1.0676585231800626,0.9172442880606632,0.30743886762980177,0.2672879632760371,0.4073837412584686,0.0010821439999999093
6.948,1.0682733418086945,0.9177789753359866,0.30737976100178055,0.2673993120472219,0.4074122108587803,0.001111590999999919
6.95,1.0688880478019047,0.9183140594047615,0.3073262322084077,0.2676847567277335,0.4075592496653732,0.001111210999999919
6.952,1.069502711373043,0.9188497340341457,0.3073373389300571,0.2679898726565421,0.40776808573879153,0.0010959169999999207
6.954,1.0701174687543344,0.919385841124353,0.3074200423612956,0.2681172175507416,0.4079141144806986,0.00110299399999992
6.956,1.0707325062261028,0.9199220322625795,0.30761742940692727,0.2680739206755853,0.40803444685627444,0.0011207239999999259
6.958,1.071348014014468,0.9204582785173094,0.30789035895821854,0.26817233405439606,0.4083048786037258,0.0011128869999999268
6.96,1.0719640192681064,0.9209947808827483,0.30811489468020564,0.2683300313845123,0.4085777699124214,0.001139137999999924
6.962,1.0725804124353102,0.9215314802449075,0.3082782725237026,0.2683693307747518,0.4087267926264272,0.0011558019999999222
6.964,1.0731971520521637,0.9220682151086002,0.30846134432968103,0.26836553291774684,0.40886239763996435,0.0011149419999999086
6.966,1.0738142111646036,0.9226049585867859,0.3085977681104044,0.2683779452681288,0.40897347589919036,0.0011049749999999094
6.968,1.0744315269598739,0.9231417161402716,0.30871802715993935,0.2683796082175759,0.4090653180123494,0.0010939429999999109
6.97,1.0750490635229932,0.9236784716573521,0.3088185359594651,0.2683759088629325,0.4091387498271858,0.0010701269999999134
6.972,1.075666817250902,0.9242152143735158,0.30893519194908536,0.2683668073006587,0.4092208402383328,0.0010889209999999196
6.974,1.0762848706708392,0.9247519118869183,0.3091182279881891,0.26833070610187415,0.40933537192831065,0.001131150999999915
6.977,1.0772123626773271,0.9255569159673703,0.30920977633712116,0.2683386808661444,0.40940973783171664,0.0011817129999999168
6.979,1.0778308523002746,0.9260936524754155,0.30927984661049585,0.2683978271790833,0.4095014250938144,0.0011909199999999157
6.981,1.078449584508221,0.9266306220267025,0.3094523613358938,0.26857172410795127,0.40974569543398265,0.001187343999999916
6.983,1.0790686312067355,0.9271679178714477,0.3095943371787125,0.2687241206372775,0.40995281024211117,0.0011731149999999176
6.985,1.0796879599142855,0.9277053946684325,0.3097343703709939,0.26875267634738037,0.4100772869021104,0.001145036999999908
6.987,1.080307545342468,0.9282429178369926,0.3098510578115221,0.2687704922128285,0.41017710261696144,0.0011350689999999094
6.989,1.0809272905125134,0.9287804390295573,0.30989411223387986,0.26875070035192905,0.41019665983144826,0.0011410799999999085
6.991,1.0815471325867174,0.9293179439595115,0.3099479619703483,0.26875422960229894,0.4102396556388688,0.00112898099999991
6.993,1.0821671722256314,0.9298555635391191,0.31009167694345346,0.26886535000510925,0.4104210332609344,0.0011222089999999077
6.995,1.0827875045866138,0.9303933227898872,0.31024068403907634,0.2688939007629859,0.41055232541123005,0.0011228939999999073
6.997,1.0834081114723881,0.9309309991692268,0.3103662017353829,0.2687824785766823,0.4105742319842699,0.0011097299999999089
6.999,1.0840289228567472,0.9314685712192594,0.3104451826236807,0.2687895714559618,0.4106385821348623,0.0010773919999999128
7.001,1.0846499640701772,0.9320062237898861,0.3105960308060866,0.26886299917050344,0.41080068972124867,0.0010759469999999122
7.003,1.0852713715096174,0.9325439441702288,0.3108114086340907,0.2688573811722547,0.4109598802169267,0.0010915459999999105
7.005,1.0858931720493465,0.9330816874582868,0.3109891310952243,0.26888590688582503,0.4111129657176664,0.0010741219999999125
7.007,1.086515344253041,0.9336195488094821,0.31118307259933675,0.2689754443094597,0.4113182397047757,0.0010566979999999144
7.009,1.0871379833239239,0.9341575999239483,0.31145599828334036,0.26907567015661876,0.41159027580459867,0.001049925999999912
7.011,1.0877612292866394,0.9346958657864182,0.31178996443222895,0.2691901923132604,0.41191788205697105,0.0010452839999999125
7.013,1.088384952796652,0.9352342370468287,0.3119335455805032,0.2691810680973906,0.4120206114752949,0.0010363809999999133
7.015,1.089008868465814,0.9357727104144941,0.3119821235813423,0.26929229956800893,0.41213006204467806,0.001040261999999913
7.017,1.0896329587305613,0.9363116538559539,0.31210814116584484,0.2696511418916424,0.4124599739434914,0.001052665999999917
7.019,1.0902573223892527,0.9368511426513636,0.3122555175256462,0.26983765351804645,0.41269343038305617,0.001044828999999918
7.021,1.0908818802208806,0.9373909417556388,0.31230231410227866,0.2699614507571685,0.4128097870551925,0.0010465789999999178
7.023,1.0915065335321954,0.9379310746050651,0.3123509972124691,0.27017139866926576,0.4129839344557258,0.0010611129999999161
7.025,1.0921313271627133,0.9384715088432555,0.31244263330527056,0.27026283952097596,0.41311306144041554,0.001054341999999914
7.027,1.092756278831075,0.9390120254803856,0.3125090350563219,0.2702537976092567,0.4131573696717251,0.0010198739999999176
7.029,1.0933814189389,0.9395525185966672,0.31263107276869195,0.2702393186723199,0.4132402170856351,0.0009619699999999239
7.031,1.0940069055266877,0.9400930849692957,0.3128555150190538,0.2703270539561801,0.41346739820506395,0.0009488069999999255
7.033,1.0946328068700453,0.9406337999212737,0.31304582833832795,0.2703878980216894,0.41365118884951535,0.0009633409999999303
7.035,1.0952590098369799,0.941174604327234,0.31315713859643474,0.27041650793862265,0.41375413136260747,0.0009736139999999292
7.037,1.0958854194576853,0.9417156580203462,0.3132524821090355,0.2706371851736556,0.4139705346352457,0.0009774949999999288
7.039,1.096511946266266,0.9422572482676562,0.31327432647190095,0.2709530621364957,0.4141936328670045,0.0009622009999999305
7.042,1.0974518099125563,0.9430704022236334,0.3133014377215786,0.27114957518155697,0.41434271201451944,0.0009584344999999303
7.044,1.0980783913117764,0.9436127624220042,0.3132799614985127,0.2712106231893688,0.4143664277029154,0.001007056499999925
7.046,1.0987049818248062,0.9441552608139162,0.31331055153105597,0.2712877687224032,0.4144400501388284,0.001069527499999946
7.048,1.0993316190684017,0.9446978237705794,0.31332669206444924,0.2712751879408738,0.4144440173924659,0.0010808654999999447
7.05,1.0999581862947274,0.9452403706489252,0.31324053426121407,0.2712716904049903,0.41437659480167516,0.0010655714999999466
7.052,1.1005846638713528,0.9457830055712706,0.3132370423642884,0.2713632319404674,0.41443388900800926,0.0010715824999999457
7.054,1.1012112925444653,0.9463259454580519,0.31339163074803045,0.2715766548406697,0.4146904793666695,0.0010765284999999473
7.056,1.1018383038425117,0.9468691792933828,0.31361966729836355,0.27165718049022014,0.4149155569850717,0.0010580394999999492
7.058,1.1024657441455836,0.9474124395930168,0.313820635773644,0.27160311914383417,0.4150321020909514,0.0010885524999999458
7.06,1.1030935110968632,0.9479556797962049,0.31394631550587065,0.27163708404426684,0.41514936402189484,0.0011233264999999416
7.062,1.1037214792201706,0.948499050803968,0.3140218078014157,0.2717339237187029,0.41526981719651995,0.0011122944999999382
7.064,1.1043496449229688,0.9490425508253678,0.31414389499693046,0.27176609768120363,0.4153831949088841,0.0010916744999999405
7.066,1.1049780924238088,0.9495860523346732,0.31430360584311334,0.27173541162428083,0.41548392336719897,0.0010742494999999425
7.068,1.1056067965296157,0.9501294961309864,0.31440049996381914,0.27170838468903913,0.4155395536983529,0.0010664124999999434
7.07,1.1062356962730295,0.9506729379236002,0.31449924344983826,0.2717334079245781,0.41563062821792357,0.0010596414999999412
7.072,1.106864849197628,0.9512164799600367,0.3146536811487766,0.2718086285119633,0.41579666857014436,0.0010571314999999414
7.074,1.1074943593434816,0.9517600628991849,0.3148564647049467,0.27177431063633056,0.415927721230925,0.0010610124999999413
7.076,1.108124257153215,0.9523036185026927,0.3150413450284662,0.27178129287153824,0.4160722536198129,0.0010712844999999401
7.078,1.1087544152491493,0.9528472007506035,0.31511675090563157,0.2718009550389957,0.4161421942815124,0.0010751654999999415
7.08,1.1093846830185892,0.9533909605723567,0.3151510185342504,0.27195886671431396,0.4162712933505137,0.001051349499999944
7.082,1.1100150214005011,0.9539353126266239,0.31518736337768033,0.2723931875528968,0.41658267205706184,0.001006227499999949
7.084,1.1106453748851823,0.9544803933811118,0.31516612130351457,0.272687566935075,0.41675915488261644,0.0010026514999999492
7.086,1.1112756712767637,0.9550258152168536,0.31513027027766255,0.27273426880657214,0.41676260464049336,0.0010299684999999583
7.088,1.1119060448682805,0.9555712585120388,0.3152433212391384,0.2727090263786882,0.4168315782834773,0.0010114784999999604
7.09,1.1125367361848573,0.9561167355900552,0.31544799533777157,0.2727680516377276,0.4170249965611903,0.000998314499999962
7.092,1.113167772221854,0.9566623182193178,0.3155880416590005,0.27281457762494143,0.41716136662308295,0.001025630499999959
7.094,1.1137990380342018,0.9572079329233057,0.3156777706884234,0.2728001263628066,0.41721980280228316,0.0010529464999999682
7.096,1.1144304547208193,0.957753646188683,0.3157389159290212,0.27291313901453007,0.4173399627148085,0.001054696499999968
7.098,1.1150620349723765,0.958299578256149,0.3158413356283537,0.2730189284515318,0.4174866280305574,0.0010500554999999686
7.1,1.1156938845194022,0.9588455710657431,0.3160082113972864,0.2729738811425833,0.4175834401129399,0.0010507404999999684
7.102,1.1163259764367923,0.9593916246457367,0.31608370599267754,0.2730796988507847,0.41770974506049136,0.0010460984999999669
7.104,1.1169581333647094,0.9599380568745758,0.31607322192440357,0.2733525299883261,0.4178802307703632,0.0010499784999999664
7.106,1.1175902907810644,0.9604849557691445,0.3160841944306857,0.27354636458043413,0.4180153484551342,0.0010495974999999663
7.109,1.1185386165515439,0.9613060592080902,0.31613298588889965,0.27385592805000675,0.4182548673896835,0.0010697994999999672
7.111,1.119170882745647,0.9618539774744945,0.3161332082144406,0.2740623383543333,0.4183902133657047,0.0010960514999999642
7.113,1.1198031581213543,0.9624020877827324,0.3161421674927378,0.2740479698834027,0.4183875713548631,0.0010818234999999594
7.115,1.120435492560518,0.9629500400794522,0.3161922716710139,0.27390432683643845,0.41833136736826076,0.0010324414999999649
7.117,1.1210679111846613,0.9634978289540652,0.31622635247239034,0.2738845477767117,0.4183441782896546,0.0010171474999999665
7.119,1.1217004752318742,0.9640456571652378,0.31633769474066276,0.2739436633959353,0.41846704509270766,0.0010284844999999656
7.121,1.1223332852372412,0.9645935443533853,0.3164723106261125,0.2739435247513315,0.41856872571444464,0.0010344954999999673
7.123,1.122966378846091,0.9651414438156761,0.31662129822379786,0.2739559375395544,0.4186895057224379,0.0010181364999999692
7.125,1.1235998116997854,0.9656893554983295,0.31681155547050105,0.273955745113876,0.4188332746577537,0.001000712499999971
7.127,1.1242335819510174,0.9662372273528498,0.31695869576153257,0.27391610940650324,0.41891866729861443,0.0010067244999999703
7.129,1.1248675713156022,0.9667852318063362,0.31703066882330366,0.27408834407999155,0.4190857493819888,0.0010308454999999677
7.131,1.1255016096133432,0.967333692107573,0.31700762891757717,0.27437195715661955,0.4192538701859509,0.0010389874999999704
7.133,1.126135612468438,0.967882592187994,0.3169952261772647,0.2745281232644404,0.41934671082801045,0.0010236934999999718
7.135,1.1267696983015116,0.9684318978252388,0.3170906068962996,0.2747775139803762,0.4195820958657548,0.0010094644999999736
7.137,1.127404052192059,0.9689818224251285,0.31726328365102324,0.2751470859094434,0.41995465235842816,0.000985648499999976
7.139,1.1280387064369954,0.9695323623696772,0.31739096128522354,0.2753928586390403,0.4202121474861724,0.0009746154999999725
7.141,1.1286734112101944,0.9700831786718347,0.31731381191383545,0.2754234435184819,0.4201739264529242,0.0009465384999999755
7.143,1.129307927479229,0.970633948484425,0.31720245712085143,0.2753463690718201,0.42003930978485876,0.0009205924999999783
7.145,1.1299423861300373,0.971184522710818,0.3172561936875101,0.27522785732131394,0.4200022212783743,0.0009255384999999778
7.147,1.1305769917181958,0.9717348347489573,0.31734939447074756,0.2750841808178075,0.41997850505371626,0.000929418499999979
7.149,1.1312117335276024,0.9722849420446499,0.3173924149359128,0.2750231148748907,0.41997102135068554,0.000948212499999977
7.151,1.1318465471358394,0.9728350510666358,0.3174211933011642,0.2750859071111387,0.42003389178480954,0.0009638114999999752
7.153,1.1324815116602251,0.9733853125077456,0.3175433310845456,0.2751755339986791,0.42018488981367186,0.0009463874999999772
7.155,1.1331167132002429,0.9739356688516518,0.31765820893289154,0.2751808099073181,0.4202751668177649,0.0009215064999999689
7.157,1.1337520924775886,0.9744860734906539,0.31772106841281966,0.275223829094779,0.42035084562181596,0.0009189964999999692
7.159,1.134387610137874,0.9750366718490336,0.3177965918727121,0.2753745292850933,0.4205066053998413,0.0009314004999999677
7.161,1.1350233109683512,0.9755873723462725,0.31790423860440414,0.2753259679538045,0.4205561716968915,0.0009320864999999679
7.163,1.135659219891744,0.9761379523934386,0.31800468478809685,0.27525407921213346,0.42058505402605106,0.0009349024999999688
7.165,1.1362953945450274,0.9766886255237411,0.318169968495412,0.27541905109046244,0.4208179921960826,0.0009473054999999675
7.167,1.136931833376148,0.9772396484048437,0.3182688626253201,0.27560383001215183,0.4210137052806975,0.0009618394999999658
7.169,1.1375682994470455,0.9777909997246055,0.31819720827215403,0.27574748974974567,0.42105360876672066,0.0009827654999999636
7.171,1.1382047621730738,0.9783426005367271,0.31826551775586964,0.27585332237167703,0.42117454250690906,0.000966406499999958
7.173,1.1388414279259949,0.9788944129496971,0.3184002351652865,0.27595909059844886,0.42134561756025496,0.0009543084999999594
7.176,1.1397967458573368,0.9797224072237569,0.31847838572930554,0.27603709210800936,0.42145576090046505,0.0009681204999999599
7.178,1.1404338264556229,0.9802744615441231,0.3186022125567372,0.27601722825830627,0.4215363331214123,0.00096774049999996
7.18,1.1410712354966395,0.9808264958015737,0.3188068284599011,0.27601702919223975,0.4216908752590819,0.0009780124999999589
7.182,1.14170895162293,0.9813786930928201,0.3189092978304179,0.2761802620539887,0.42187519172250465,0.0009882844999999623
7.184,1.1423467632274962,0.9819312438798968,0.31890230673596653,0.2763705250227753,0.4219944885219296,0.0009836434999999628
7.186,1.1429845608103595,0.9824841357059308,0.3188952761273208,0.27652130101132866,0.42208793757855484,0.0009843294999999628
7.188,1.143622475260537,0.9830372320302232,0.3190191740503567,0.27657502328102324,0.42221674163238754,0.0009988634999999611
7.19,1.1442607110123741,0.9835903495713826,0.31921657778651974,0.2765425178782238,0.4223446314660161,0.0010016794999999621
7.192,1.1448992914232894,0.9841435098438588,0.319363833128855,0.2766177545980464,0.42250519531672054,0.0009991694999999627
7.194,1.1455381016566324,0.9846967488594373,0.3194464002142056,0.2766212609804293,0.422569905028999,0.001012638499999961
7.196,1.1461770537586515,0.9852500613210272,0.31950570180489535,0.2766912006095607,0.4226605185968981,0.0010197154999999605
7.198,1.1468161747426069,0.9858035351498282,0.3196152821502822,0.27678262819122873,0.4228032070035047,0.001015074499999959
7.2,1.147455371230498,0.986357125568977,0.31958120574080345,0.2768077909577067,0.42279392166589996,0.0010168254999999584
7.202,1.1480943470526335,0.9869108167244259,0.31939461639481914,0.2768833644912821,0.4227023994656357,0.0010143154999999588
7.204,1.1487331327056918,0.9874645924315562,0.31939103666351387,0.2768923426389567,0.4227055756825115,0.0010086094999999593
7.206,1.1493719434589722,0.988018339395995,0.31941971661679813,0.27685462179975817,0.4227025395895354,0.00101036049999996
7.208,1.1500108027013145,0.9885721132346974,0.31943952572559653,0.2769192169026271,0.42275981749186886,0.0010216984999999587
7.21,1.1506497787325318,0.9891260072104192,0.31953650549188584,0.27697475881928235,0.42286947793020674,0.0010234484999999585
7.212,1.1512888840148805,0.9896799207971202,0.3195687768568797,0.2769388278817855,0.4228703318161956,0.0010166764999999592
7.214,1.1519280540051544,0.9902339258560817,0.31960121341691067,0.27706623107953837,0.4229782878850661,0.0010099044999999569
7.216,1.152567209877663,0.9907881696468206,0.3195546590916519,0.2771775596593982,0.4230160513809389,0.0010020674999999578
7.218,1.1532062761554833,0.9913425607061049,0.3195116187287973,0.2772134996249982,0.42300709081176785,0.0010112744999999567
7.22,1.1538454181265663,0.9918972532248785,0.3196303523541844,0.27747901914867407,0.42327079773328363,0.001026872499999955
7.222,1.1544848135568295,0.9924523206111366,0.3197650779088299,0.27758836710925733,0.42344421899988655,0.0010477974999999618
7.224,1.155124415322791,0.9930073249608646,0.31983668805284116,0.27741598261876554,0.42338532619464464,0.0010857674999999577
7.226,1.1557640670484728,0.9935620546428122,0.31981503762900054,0.27731369932887606,0.4233019562075107,0.0011077584999999554
7.228,1.1564036703452423,0.9941168113019323,0.3197882591406207,0.27744295979130784,0.4233664212262825,0.0011169664999999543
7.23,1.1570434357582797,0.9946720865001749,0.3199771538965752,0.2778322384511245,0.4237642407501075,0.0011080644999999516
7.232,1.1576834889247891,0.9952278765078326,0.32007601261284924,0.27795776920667,0.4239211899781482,0.0010949004999999531
7.234,1.1583235222282182,0.9957835552523223,0.31995729081632135,0.2777209752830805,0.4236763010350065,0.0010987804999999524
7.236,1.158963461907243,0.9963389702522264,0.31998238820867175,0.277694024621019,0.4236775897707409,0.0010877474999999538
7.238,1.1596034678511153,0.9968942505630581,0.3200235556633441,0.27758628621048886,0.42363807958154676,0.0010745844999999494
7.24,1.1602434716557684,0.9974492095918924,0.31998024898966154,0.2773727426238685,0.42346546269344404,0.0010869874999999483
7.243,1.161203889514234,0.9982818482561374,0.3202983233207376,0.27771970020608105,0.4239330699587274,0.0010992004999999486
7.245,1.1618449102890127,0.9988377789865299,0.32072245145803013,0.2782110301865263,0.4245753975287508,0.0010902984999999498
7.247,1.1624867147401892,0.9993947301436694,0.3210819997184845,0.278740126953076,0.4251937310415545,0.0010803314999999506
7.249,1.1631290745563745,0.9999523717256573,0.3212778164669933,0.2789014550349,0.42544736099120817,0.0010692994999999521
7.251,1.1637716873907176,1.0005099538055728,0.32133501787586005,0.27868062488047585,0.42534584093070876,0.0010540064999999467
7.253,1.1644144578362317,1.0010672180277498,0.32143542763840033,0.27858359729646015,0.4253581488859918,0.0010397784999999482
7.255,1.1650573521139815,1.0016244731454842,0.3214588501115656,0.2786715204380548,0.42543343617810203,0.0010170274999999507
7.257,1.1657001335763613,1.0021819886305108,0.3213226122683294,0.2788439645884867,0.42544350711036644,0.0009804274999999547
7.259,1.1663429334592461,1.0027399833327113,0.32147727061626863,0.27915073761185294,0.42576140011998176,0.0009736554999999526
7.261,1.1669861105504888,1.0032982720272419,0.32169982062647007,0.2791379569187935,0.4259210884470282,0.0009807324999999518
7.263,1.1676294436265189,1.003856390057978,0.3216332554035326,0.2789800738173221,0.4257673455874611,0.0009760914999999525
7.265,1.16827255023485,1.0044141852329813,0.3214733529277574,0.27881510118610997,0.42553845571468063,0.0009693194999999531
7.267,1.1689153098116907,1.004971334589287,0.3212862239125712,0.2783342551193733,0.42508210412678543,0.0009561554999999487
7.269,1.1695579720543783,1.0055280550639811,0.3213760187751497,0.27838621957476445,0.42518399863223255,0.0009600364999999482
7.271,1.170200997116034,1.0060850408290467,0.32164904288075474,0.2785995454908893,0.42553003834492775,0.0009830924999999456
7.273,1.1708442969315835,1.0066421735088245,0.3216507726687684,0.2785331342869169,0.4254878687508134,0.000989103499999945
7.275,1.1714876110673722,1.0071992666891745,0.32166336311973204,0.2785600460628293,0.42551500377310103,0.000977005499999941
7.277,1.172131138847416,1.007756415303992,0.3218644169240967,0.2785885687546594,0.42568567455654216,0.0009659734999999421
7.279,1.1727749717639977,1.0083135708030087,0.32196849965768815,0.27856693026215074,0.425750219503761,0.0009496144999999439
7.281,1.173419063320522,1.0088709145175574,0.32212305686656056,0.2787767842867422,0.42600441220991386,0.0009449734999999444
7.283,1.1740633884438216,1.009428509294684,0.3222020664329231,0.27881799283969805,0.4260911225838948,0.0009616384999999501
7.285,1.1747077801795702,1.009986319395451,0.3221896693156893,0.27899210792733614,0.4261957053977569,0.0009601934999999502
7.287,1.1753521812243224,1.0105444741029257,0.3222113754366463,0.27916259954728173,0.4263237354954231,0.0009438344999999518
7.289,1.1759965282000602,1.0111023829630184,0.32213560030128235,0.27874626054548995,0.4259939233716389,0.0009349324999999529
7.291,1.1766407688483949,1.0116598324356119,0.3221050480332452,0.2787032120478167,0.4259426515087089,0.0009409444999999548
7.293,1.177285138864713,1.0122174271703728,0.3222649682850321,0.27889152271309475,0.42618680320369073,0.0009405644999999549
7.295,1.1779297568431464,1.0127753088510778,0.32235301014844253,0.2789901579919464,0.4263179229262278,0.0009412494999999549
7.297,1.1785745582376912,1.0133335493341262,0.3224483843964849,0.27925032505653186,0.42656031770909253,0.0009430004999999547
7.299,1.1792197748393989,1.0138924194299248,0.3227682173110874,0.2796197707418419,0.42704395358779823,0.0009234464999999482
7.301,1.1798654782290454,1.014451694715199,0.32293517233545743,0.27965551453226917,0.4271935537196691,0.0009305234999999475
7.303,1.1805114813969415,1.0150110092107176,0.3230679955606037,0.27965898098639896,0.4272962384598036,0.0009301434999999475
7.305,1.1811576926425063,1.0155701853073984,0.32314325000421795,0.279517115694374,0.4272603164224248,0.000925502499999948
7.307,1.1818038730511804,1.016129011430798,0.3230371586696136,0.27930900770495115,0.4270439411424327,0.0009059474999999416
7.31,1.1827727344753156,1.0169673263615306,0.3228704574206305,0.27956761278367215,0.42708708993900574,0.0008095034999999665
7.312,1.183418502525824,1.0175267272073056,0.32289759308739097,0.2798332329910617,0.42728151599134284,0.0007963404999999621
7.314,1.1840645903082445,1.0180864383070065,0.3231901893331866,0.2798778667097708,0.4275318920913775,0.0008215274999999594
7.316,1.1847113136941516,1.0186464217080464,0.3235331965740895,0.2801055343301282,0.4279402290598712,0.0008190174999999596
7.318,1.1853585058019853,1.0192067188277167,0.3236589112597542,0.2801915853402199,0.42809159689640625,0.0008111804999999605
7.32,1.1860057535468438,1.0197670033380566,0.3235888335985239,0.28009292499944305,0.42797404111043563,0.000824648499999965
7.322,1.186652805869627,1.0203275446771236,0.3234634891847682,0.28044841406754173,0.4281120668570135,0.0008498344999999624
7.324,1.1872997692763536,1.0208890714754069,0.32349991754177454,0.2810783842157286,0.42855251104486564,0.0008409324999999633
7.326,1.1879468808774813,1.0214518078943948,0.323611683586049,0.2816580347723153,0.4290172144625433,0.0008139214999999662
7.328,1.1885942855933318,1.02201520637863,0.32379303226422007,0.2817404494628044,0.429208118057384,0.0008241944999999697
7.33,1.1892420743744085,1.0225785614690848,0.3239957488126926,0.28161464099189254,0.4292785241188871,0.0008344674999999686
7.332,1.1898901339441033,1.0231416291565845,0.3240638208821053,0.28145304650793673,0.42922392453509395,0.0008234354999999697
7.334,1.1905383621918255,1.0237046464483255,0.3241644268403238,0.2815642452331391,0.4293727981864046,0.000830512499999969
7.336,1.191186779072518,1.0242678699937253,0.3242524538518143,0.28165930016658075,0.4295015892860595,0.0008301324999999689
7.338,1.1918353665617571,1.0248312136551618,0.32433503538743874,0.28168436126999685,0.4295803703195215,0.0008031204999999718
7.34,1.1924840904367113,1.0253945284884551,0.324388839566914,0.2816304720233567,0.4295856631775178,0.0008006094999999721
7.342,1.1931328534721448,1.0259574376502785,0.3243741958665817,0.281278689800065,0.429344058162836,0.0008236654999999694
7.344,1.1937816251901112,1.0265199806508924,0.32439752209950695,0.2812643108136247,0.4293522619967937,0.0008488514999999779
7.346,1.1944304724775883,1.0270827335866195,0.3244497653775467,0.281488624913403,0.4295387016430342,0.0008782984999999747
7.348,1.1950793558835187,1.0276457449546514,0.32443364055281637,0.28152274311861314,0.4295488819859536,0.0009056154999999717
7.35,1.195728203431328,1.0282088012277897,0.32441390725644914,0.2815335300197494,0.42954104780192676,0.0009041704999999719
7.352,1.1963771389937143,1.0287719292165176,0.3245216551298341,0.2815944587079408,0.4296623602588725,0.0008920724999999678
7.354,1.197026361830367,1.0293351610496428,0.3247011815228776,0.28163737441742775,0.4298260903564314,0.0008938224999999676
7.356,1.1976759528372432,1.0298986366537193,0.3248898253533132,0.2818382296591704,0.430100204970332,0.0009062254999999662
7.358,1.1983259049485717,1.0304624816734353,0.3250622859754229,0.28200679005707074,0.43034093391386835,0.0009250204999999641
7.36,1.198976124625305,1.031026470037665,0.3251573907575447,0.28198157417238,0.4303962557190618,0.0009203794999999626
7.362,1.199626487905896,1.0315904762191177,0.3252058898334001,0.2820246072802809,0.4304610898721628,0.0008933674999999655
7.364,1.2002769536324298,1.032154640258343,0.3252598367004988,0.28213943194499436,0.43057707838281317,0.000863159499999969
7.366,1.2009275953845744,1.0327189513245023,0.32538191544414463,0.28217163421438457,0.4306904016266405,0.0008670404999999684
7.368,1.2015784704192907,1.0332832047533993,0.32549311927185504,0.2820817946825085,0.4307155785255822,0.0008719864999999701
7.37,1.2022294332993668,1.033847339644644,0.3254697608042893,0.282053096562108,0.43067913169583116,0.0008598874999999715
7.372,1.2028804338528913,1.0344114529634718,0.3255307927203305,0.28206022226579125,0.4307299223338847,0.0008680294999999704
7.375,1.2038574784259997,1.035257504002494,0.3258322560185738,0.2819738037490211,0.43090124746030256,0.0008866354999999712
7.377,1.204509277634266,1.0358215412343958,0.3259669522478782,0.28206342815277663,0.431061749009428,0.0008926474999999706
7.379,1.2051612764326174,1.03638598034104,0.3260318461035401,0.2823756784914586,0.43131518461235985,0.000888006499999971
7.381,1.205813376045306,1.0369507532042392,0.32606776658484193,0.28239718470765796,0.43135641682538817,0.0008684514999999645
7.383,1.2064655294918154,1.037515509865356,0.3260856799245089,0.2823594764090045,0.43134527303518283,0.0008467654999999669
7.385,1.207117726205858,1.0380804980269667,0.3261110341182164,0.2826286852018443,0.4315407052325142,0.0008336014999999683
7.387,1.2077699842586036,1.0386458612637979,0.3261470186272374,0.2827345516293852,0.43163723709210383,0.0008598524999999654
7.389,1.2084223033406634,1.0392112352174492,0.3261720634322483,0.2826394020218295,0.431593844417304,0.0008807774999999724
7.391,1.2090746581810736,1.039776451192332,0.3261827769779781,0.28257657286096677,0.4315607993399246,0.000847374499999976
7.393,1.2097271351215892,1.0403417298862774,0.3262941635377808,0.28270212108450415,0.43172719444632823,0.0008320814999999778
7.395,1.2103798600646336,1.0409073781163232,0.326430779506719,0.282946108961373,0.4319902248729077,0.0008476804999999761
7.397,1.2110327900388365,1.0414735143776985,0.32649919469597083,0.28319015241388507,0.4322017891695,0.0008664744999999824
7.399,1.2116858981146394,1.0420401243310022,0.3266088811070699,0.2834198008898467,0.43243513358011565,0.000860767499999983
7.401,1.2123391823638967,1.0426070518234187,0.3266753681501632,0.283507691526602,0.4325429542956255,0.0008422774999999851
7.403,1.2129926157139108,1.0431741245702857,0.3267579818640036,0.2835650553403964,0.43264294669165543,0.0008600064999999831
7.405,1.213646273724947,1.043741547122504,0.32690002917178856,0.2838574968777586,0.43294192174727425,0.0008681484999999859
7.407,1.2143001746636375,1.0443096928001465,0.32700090951893185,0.28428818076481643,0.4333005475980588,0.0008422024999999887
7.409,1.214954248484798,1.04487851679443,0.32707291164168695,0.28453581351871876,0.43351737993364214,0.0008279744999999903
7.411,1.21560840885379,1.0454478127685363,0.3270874573503802,0.284760160587656,0.4336756320268,0.0008329214999999899
7.413,1.2162625318698965,1.0460175162105114,0.3270355587558669,0.28494328138738634,0.4337567639801981,0.0008442594999999936
7.415,1.2169165616232533,1.0465873058851598,0.3269941946010837,0.28484639326100103,0.43366193175861334,0.0008481404999999931
7.417,1.2175705570434874,1.0471568227676642,0.327001225633061,0.28467048924344235,0.4335517143451573,0.0008456304999999933
7.419,1.2182246492804312,1.0477262139267352,0.3270910113107916,0.2847206698274782,0.433652383260284,0.0008399244999999938
7.421,1.218878980361268,1.0482957538597866,0.32724006952588014,0.28481926322385775,0.4338295469498176,0.0008310224999999909
7.423,1.2195336239895793,1.0488655807130096,0.3274035587854238,0.28500758999917275,0.43407651014826526,0.0008253164999999915
7.425,1.2201886036678657,1.0494359026741813,0.3275761195009944,0.2853143711725868,0.4344081081942859,0.0008185454999999922
7.427,1.2208438331971276,1.0500066659682965,0.3276534097610483,0.285448922942646,0.4345547658663498,0.000820296499999992
7.429,1.2214991508787392,1.050577675087231,0.3276642718502709,0.28556019599167887,0.43463605531752,0.0008348304999999969
7.431,1.222154610482755,1.0511488366509265,0.32779533216571677,0.28560136770372907,0.43476191303272327,0.0008419074999999961
7.433,1.2228103124229763,1.051720032112596,0.32790660805566757,0.28559409396580815,0.43484104005340163,0.0008383314999999965
7.435,1.2234660663096486,1.0522911018879197,0.32784727861665364,0.28547568135805945,0.43471853278091793,0.0008315594999999972
7.437,1.224121816329557,1.0528618378203358,0.32790274129163466,0.28526025105783664,0.43461893490752185,0.0008226574999999942
7.44,1.2251059765328949,1.0537172143572908,0.3282040609335567,0.2849907735787669,0.4346695832909197,0.0008061094999999934
7.442,1.2257625461748038,1.054287172440326,0.32836558097542323,0.2849673094564997,0.43477617486265696,0.0008046644999999936
7.444,1.2264193402255699,1.0548571913676663,0.32842846979070434,0.2850516178839094,0.4348789309995345,0.0008021534999999939
7.446,1.2270762798964698,1.0554275027419964,0.32851120110932736,0.28525975644631707,0.4350778526908777,0.0008039034999999937
7.448,1.2277335125144866,1.0559982895195172,0.32872141690724843,0.2855270210742549,0.43541181621201674,0.0008152414999999974
7.45,1.2283911294580763,1.0565693523934097,0.3288955266824221,0.2855358528181338,0.4355490680925478,0.0008223184999999966
7.452,1.2290490101426825,1.057140287614929,0.3289851579239985,0.2853993687012226,0.4355273054463229,0.0008304604999999956
7.454,1.229707111389903,1.0577109713730595,0.329116089296528,0.28528438942940787,0.4355508960913182,0.0008130364999999976
7.456,1.2303655122104598,1.058281444888093,0.32928473125994306,0.28518912560403376,0.4356159680311619,0.0007849594999999882
7.458,1.2310241839894418,1.0588518338279767,0.3293870477222145,0.2851998142795313,0.43570031130610354,0.0007856444999999882
7.46,1.2316830694090588,1.059422287213468,0.3294983718949147,0.2852535712119388,0.43581966106471626,0.0008033744999999863
7.462,1.232342249220023,1.0599927834369012,0.32968143906924724,0.2852426522214083,0.4359509398006535,0.0008243004999999839
7.464,1.2330017395536574,1.060563293764496,0.3298088945650348,0.28526767537312037,0.4360637035422626,0.000818594499999982
7.466,1.2336614776559918,1.0611338990168997,0.32992920776939283,0.28533757703072316,0.43620042985433094,0.0008171494999999822
7.468,1.2343215300121069,1.061704688883396,0.330123148345766,0.2854522894658305,0.4364221610264595,0.0008274224999999812
7.47,1.2349819270894384,1.0622756059024239,0.3302739289859549,0.2854647295620571,0.43654436199744695,0.0008068024999999833
7.472,1.235642557412048,1.0628464096543095,0.3303563936233749,0.28533902232348546,0.4365245748733566,0.0007744644999999725
7.474,1.2363033060561166,1.0634170356192436,0.3303922504452808,0.2852869426105582,0.43651767292788624,0.000787932499999971
7.476,1.23696416252417,1.063987823035964,0.33046421760823436,0.28550047410988794,0.4367117125019585,0.0008120534999999684
7.478,1.2376252221215824,1.0645589925960932,0.3305953798042669,0.28566908601936525,0.43692119639022664,0.0008052824999999691
7.48,1.2382864416518873,1.0651303989494407,0.33062415050026117,0.28573726732801213,0.4369875453992931,0.0007835974999999618
7.482,1.2389476864191262,1.065701945281873,0.33062061673882714,0.2858090651043478,0.4370318225353661,0.0007842824999999617
7.484,1.2396089706794395,1.066273502351408,0.3306636435746641,0.2857480044308552,0.4370244469343661,0.0008265124999999571
7.486,1.2402704235162414,1.0668448887683946,0.33078919322727623,0.2856384125557355,0.43704781555719147,0.0008367844999999559
7.488,1.240932116738252,1.0674161224205059,0.33090402878316555,0.2855952395553621,0.43710652834476715,0.0008268164999999526
7.49,1.2415939786938162,1.067987375674953,0.3309579267810547,0.28565801489180875,0.43718834702121556,0.0008296314999999523
7.492,1.2422559520130407,1.0685587275542319,0.3310153924436874,0.28569386438725003,0.4372552734766829,0.0008185984999999535
7.494,1.2429180115303782,1.0691301332078644,0.3310441248937304,0.28571178924547347,0.4372887365808839,0.0007926524999999562
7.496,1.2435802558761044,1.069701481280526,0.33120022083234185,0.2856362834157612,0.4373576027496962,0.0007720324999999494
7.498,1.244242731705722,1.0702727591732828,0.3312756087853014,0.2856416093412418,0.43741817287708407,0.0007588694999999509
7.5,1.244905261426558,1.070844096255789,0.33125411205073363,0.2856954731649961,0.4374370699169093,0.0007478374999999519
7.502,1.2455679401285438,1.0714154404066563,0.3314245899350049,0.28564867770229513,0.4375356281340479,0.0007634364999999503
7.504,1.2462310405734387,1.0719867160269239,0.3316758549599457,0.2856269425652787,0.4377118036820574,0.0008056664999999457
7.507,1.2472264355916065,1.0728435400197918,0.3319208238186381,0.28558905268002593,0.4378727444076852,0.0008146829999999461
7.509,1.2478902754283099,1.073414698381512,0.3319190128844413,0.28556930904013667,0.43785849469873594,0.0007866059999999366
7.511,1.2485542354724284,1.0739857956209722,0.3320410312342057,0.2855279304200503,0.43792401792209557,0.0007904869999999361
7.513,1.2492185526446538,1.0745568279613353,0.33227614099129754,0.28550440994326737,0.43808697991280443,0.0008124769999999336
7.515,1.2498832521271321,1.075127861788877,0.3324233414870785,0.2855294175986002,0.4382149316027817,0.0008227489999999326
7.517,1.2505482980382994,1.0756989168718123,0.3326225696799798,0.2855256653364917,0.4383636383487564,0.0008095849999999282
7.519,1.251213622440393,1.076270323522563,0.33270183241360873,0.28588098541438794,0.4386552713838903,0.0008123999999999278
7.521,1.2518789511881037,1.0768426581188302,0.3326269152971621,0.286453610852767,0.43897190792884905,0.0008258679999999263
7.523,1.252544223021544,1.0774156299418567,0.3326449181432611,0.28651821217370715,0.4390277069545319,0.0008222919999999267
7.525,1.2532096491478224,1.0779885190755965,0.3327812081349099,0.28637092156583305,0.4390348929256019,0.0008165859999999248
7.527,1.2538753910346567,1.0785612392359225,0.3329606786994329,0.286349238760326,0.43915680582066036,0.000797031999999927
7.529,1.2545414362792755,1.0791339896673844,0.33308456591932417,0.286401192701598,0.43928461301821453,0.0007774779999999292
7.531,1.255207696946684,1.0797067883920906,0.3331761014893728,0.28639753200473894,0.4393516370085154,0.0007866859999999281
7.533,1.2558740708397225,1.0802797701066928,0.3331977915487576,0.28658418259738383,0.43948977463415456,0.0008033499999999336
7.535,1.2565404235574256,1.0808532005574665,0.33315492615441933,0.286846268176317,0.439628236567712,0.0008114919999999327
7.537,1.2572067190664917,1.0814269110536145,0.333140582911717,0.2868642279718816,0.43962908601759076,0.0008324179999999304
7.539,1.2578730415365207,1.0820006646022737,0.33318188711725877,0.2868893206873689,0.4396767587984129,0.0008512129999999283
7.541,1.2585394825333125,1.0825744934350978,0.33325910967421774,0.286939512136609,0.43976802726670283,0.0008455059999999263
7.543,1.2592060941129488,1.083148404688608,0.3333524699621056,0.2869717413737031,0.4398598067303855,0.0008429949999999266
7.545,1.259872863764231,1.083722461193844,0.333417181320107,0.28708476386251264,0.439982588793511,0.0008522019999999258
7.547,1.260539698322126,1.0842968604654861,0.333417376575144,0.2873145077795402,0.44013267702233927,0.0008475599999999262
7.549,1.2612065188196862,1.0848716115440897,0.33340312098479485,0.2874365708239025,0.44020157124822495,0.0008418529999999243
7.551,1.261873344887385,1.0854465797964399,0.33342294671394845,0.28753168152631087,0.44027869500665184,0.0008606469999999222
7.553,1.2625403255711767,1.0860218440683134,0.3335577370779078,0.28773259034713927,0.4405119833925172,0.0008730499999999209
7.555,1.2632075595642858,1.0865973737607764,0.33367625603136086,0.2877971021159166,0.4406438650718124,0.0008609519999999222
7.557,1.2638749927756112,1.0871728853311926,0.3337569552937841,0.28771446830021424,0.4406510189211548,0.0008499189999999184
7.559,1.264542632270779,1.0877482459561263,0.33388253987396743,0.2876461566334317,0.4407015564513883,0.0008324949999999204
7.561,1.2652104835376552,1.088323577684566,0.3339687270023664,0.28768557180618887,0.44079258029263035,0.0008363759999999199
7.563,1.2658784712634301,1.0888989685297763,0.3340189987726912,0.2877052734043884,0.4408435276669092,0.0008498439999999183
7.565,1.2665465074080182,1.0894743108731244,0.3340171458151835,0.2876370699435707,0.4407976153568031,0.0008494639999999182
7.567,1.2672145542727555,1.0900495957713947,0.33402971892226785,0.28764782832670416,0.44081416295799564,0.0008480189999999183
7.569,1.2678826963171788,1.09062494161403,0.3341123255010829,0.2876980143084966,0.44090950714267146,0.0008476389999999184
7.571,1.268551000201534,1.0912006409082875,0.3341915588544447,0.28800127994927366,0.4411674684991898,0.0008557809999999175
7.574,1.2695539468606656,1.092065161357859,0.33443954723322056,0.2883456864315837,0.44158016898097086,0.0008344374999999167
7.576,1.2702230843839373,1.0926418130293487,0.33469797603848794,0.28830598505822747,0.44175001548913967,0.0008170124999999186
7.578,1.2708926885334657,1.093218415853734,0.33490617348965557,0.28829683932688305,0.4419018133107782,0.0008251544999999214
7.58,1.2715626552086627,1.0937949735065668,0.3350605017074194,0.2882608135060097,0.441995290028722,0.0008311664999999207
7.582,1.2722328605339324,1.0943714519863894,0.33514482356238834,0.28821766631657364,0.4420310802846743,0.0008435694999999194
7.584,1.2729031986543058,1.0949479016369768,0.33519329681107224,0.28823198427090296,0.44207716858464613,0.0008474504999999189
7.586,1.2735736014684973,1.0955244445655772,0.3352095173801176,0.2883109443294377,0.44214095169113604,0.0008385484999999159
7.588,1.2742440134459057,1.0961012118442501,0.3352024600282929,0.2884563343435549,0.4422304218752256,0.0008360374999999161
7.59,1.2749145530506512,1.0966782069629175,0.33533714471722165,0.28853878432391294,0.4423862912503284,0.0008484404999999147
7.592,1.275585460633868,1.0972552376649227,0.33557043849964047,0.28849191768130666,0.4425326041799393,0.0008714964999999122
7.594,1.276256648232106,1.0978322842801926,0.33561715973825174,0.28855469758833535,0.4426089599308478,0.0008657904999999103
7.596,1.2769279562236107,1.0984094887445697,0.33569083176646286,0.2886497667886876,0.44272680334403,0.0008313224999999141
7.598,1.27759951030247,1.0989869173648699,0.33586324709302817,0.2887788535114823,0.4429416970474541,0.0008309424999999142
7.6,1.2782713301971986,1.0995645575565456,0.33595664763561245,0.2888613381644134,0.4430662950131669,0.0008582594999999112
7.602,1.2789433726569335,1.100142204736638,0.3360858120990732,0.2887858419278683,0.44311503652243767,0.0008791854999999182
7.604,1.2796156574387938,1.1007198678599577,0.33619896976133057,0.288877281391788,0.443260455006862,0.0008809364999999179
7.606,1.2802881093694236,1.1012977857092037,0.3362529608686134,0.2890405678543057,0.4434078298343961,0.0008880134999999172
7.608,1.2809606010064702,1.1018759512163916,0.3362386761779884,0.28912493933370187,0.4434520018024983,0.0008759154999999185
7.61,1.2816331951042879,1.1024542925330667,0.3363554216393809,0.28921637734115835,0.44360013817462796,0.000859556499999913
7.612,1.2823061788393832,1.1030328076140683,0.33662831345606803,0.28929870366058535,0.4438607454596227,0.0008826124999999105
7.614,1.282979677733629,1.103611359935584,0.3368705807898799,0.2892536178551158,0.44401513898062567,0.0008822324999999106
7.616,1.2836535929787074,1.1041898472747473,0.33704466428856705,0.28923372130839187,0.44413427166487995,0.0008669384999999123
7.618,1.284327825996129,1.1047684294659108,0.3371883531329109,0.2893484698547861,0.44431804205522724,0.0008527094999999076
7.62,1.2850021811527839,1.1053471120640246,0.33716680352206746,0.2893341282590024,0.4442923487667611,0.0008427414999999087
7.622,1.285676547014874,1.105925717471836,0.3371990585683135,0.28927127955247606,0.44427590332279293,0.0008466224999999082
7.624,1.2863512035939173,1.1065042598113441,0.33745752047502453,0.2892710599558211,0.444471961155162,0.0008526344999999076
7.626,1.287026224589068,1.107082866456353,0.33756347467548287,0.2893355850527637,0.44459439966424497,0.0008703644999999135
7.628,1.2877013551459862,1.1076615591605914,0.3375670822426472,0.2893571191855826,0.4446111530733272,0.0008976814999999105
7.63,1.2883767370254098,1.108240298303041,0.33781479718106433,0.2893820232641453,0.44481545901973096,0.0009047584999999097
7.632,1.289052666474738,1.1088191859242693,0.3381146521472079,0.2895055979642551,0.4451235887360591,0.0009054444999999097
7.634,1.2897290538284167,1.109398308258159,0.33827270153140143,0.2896167359252884,0.4453159264268131,0.0009178484999999138
7.636,1.290405739238381,1.1099775505738412,0.33841270843284676,0.28962557975687736,0.4454280387204675,0.0009451654999999109
7.639,1.2914213490280182,1.1108465561907732,0.3386604846586155,0.2897114981977756,0.44567216208465166,0.0009541819999999111
7.641,1.2920988638596091,1.1114259933628547,0.33885434693240124,0.28972567388374665,0.445828705381759,0.0009356919999999132
7.643,1.2927767520476119,1.11200544992556,0.33903384107041723,0.28973088882172293,0.4459685340115225,0.0009480949999999118
7.645,1.293454999401054,1.1125851017861095,0.33921351237170205,0.28992097172773384,0.446228614975665,0.0009796729999999084
7.647,1.2941335900620807,1.1131652522874311,0.33937714865482554,0.290229529593746,0.4465535005766797,0.0009792929999999083
7.649,1.2948124361262108,1.1137459445914442,0.3394689154753261,0.2904627744194224,0.44677485146035506,0.0009469549999999118
7.651,1.29549137404768,1.114326967062947,0.3394690059941855,0.2905596970835235,0.4468379388547366,0.0009305959999999136
7.653,1.29617038572719,1.114908170745948,0.3395426735157278,0.2906439859175154,0.4469487148300451,0.0009376729999999129
7.655,1.2968495661559296,1.1154894101665542,0.3396377552236706,0.29059543468846305,0.4469893862667779,0.0009522069999999177
7.657,1.2975288487396015,1.1160704897470932,0.3396448284481962,0.2904841458506663,0.4469224188628221,0.0009667409999999161
7.659,1.2982081366134737,1.1166514706045105,0.3396430454239595,0.29049671156674395,0.4469292312390787,0.0009642309999999164
7.661,1.2988875376782836,1.1172325698109309,0.3397580193860501,0.29060249485377226,0.4470853629368427,0.0009883519999999138
7.663,1.2995671489362945,1.1178138644508209,0.33985323862476857,0.2906921450359202,0.44721599590055855,0.0010380389999999303
7.665,1.3002468574219113,1.1183954515584111,0.3398552469920054,0.29089496255438313,0.4473493804036315,0.0010568339999999282
7.667,1.3009266220814468,1.1189775429642823,0.3399094125437377,0.29119644331689487,0.44758661433988217,0.0010628459999999275
7.669,1.3016065415234752,1.1195600344607266,0.3400100294847155,0.2912950531275561,0.4477271804646026,0.0010805759999999256
7.671,1.30228663696932,1.1201426262805223,0.3400854163598769,0.29129676666800647,0.44778554765859274,0.0010801959999999255
7.673,1.3029667236298252,1.1207253940059319,0.3400012441455351,0.2914709587415593,0.44783497609078676,0.0010691629999999264
7.675,1.3036466471732178,1.1213083647257855,0.3399222992470223,0.2914997611121664,0.44779379211176235,0.0010762399999999258
7.677,1.3043265059321194,1.1218911811566206,0.33993645965465796,0.2913166697229771,0.447685379101249,0.001082251999999925
7.679,1.3050064577500056,1.1224737444093646,0.34001535823126244,0.29124658302087747,0.4476996939405595,0.0010999819999999313
7.681,1.3056866248263441,1.123056192552722,0.34015171810739164,0.29120156033647426,0.4477739832480307,0.0011102549999999296
7.683,1.3063669909829163,1.1236385058607015,0.3402144384647929,0.2911117476429499,0.44776323403741725,0.00110880999999993
7.685,1.3070474611792218,1.1242207616169693,0.34025575784067064,0.2911440086248201,0.4478156032362633,0.001137191999999927
7.687,1.3077280841021206,1.1248031589936072,0.3403671650578381,0.29125336801293444,0.44797135112458636,0.0011517249999999318
7.689,1.3084089549650113,1.1253857732659351,0.3405036978328913,0.29136090431516165,0.44814500421316955,0.0011300389999999343
7.691,1.3090900520744126,1.1259684698449481,0.3405934115685054,0.29133567469782,0.4481967730311178,0.0011403109999999332
7.693,1.3097712550664795,1.1265511555348904,0.34060958049853896,0.291350015244546,0.44821838171854117,0.0011356699999999337
7.695,1.3104525623053422,1.1271339703387486,0.34069765836406596,0.29146478861340397,0.44835991950241727,0.0011107889999999255
7.697,1.3111341515019057,1.1277169302119232,0.34089153819958057,0.29149508456121925,0.44852695029332235,0.0011178659999999249
7.699,1.3118161356243525,1.1282999381030674,0.34109258424734384,0.2915128065830338,0.44869128298914907,0.001130269999999923
7.701,1.3124984770073522,1.1288830173860207,0.3412487987524236,0.2915664763702714,0.4488449095098975,0.0011245639999999239
7.703,1.313181053577453,1.1294661484552826,0.34132777134829,0.2915645928913708,0.44890373057204747,0.0011103349999999192
7.706,1.3142052183550859,1.130340599725417,0.34144874707356343,0.2914029205316098,0.44889075393959493,0.0010921879999999185
7.708,1.3148882503735477,1.1309233228539723,0.3415832713884482,0.29132020802369313,0.44893941116302327,0.0011120479999999163
7.71,1.3155715712250446,1.1315059200178197,0.34173758010856947,0.2912769558236108,0.4490287726330359,0.0011713219999999098
7.712,1.3162550967721913,1.132088586947228,0.3417879670380889,0.29138997358478547,0.4491404358524978,0.001160288999999911
7.714,1.3169386065305984,1.1326715697907133,0.34172179136873126,0.291592869900324,0.44922175422942506,0.0011449949999999059
7.716,1.3176220663836706,1.1332548560227784,0.3417380617035799,0.291693362164834,0.449299366066707,0.0011840289999999018
7.718,1.318305612511688,1.1338382462544274,0.34180806631404426,0.29169686948414003,0.4493548907758694,0.0011697999999999032
7.72,1.3189893165407536,1.1344215950184933,0.34189596275149003,0.2916518945817293,0.44939256442322273,0.001170484999999903
7.722,1.3196732556074118,1.135004866323203,0.34204310390650267,0.2916194101278008,0.44948344273541496,0.0012276289999999222
7.724,1.3203574602463006,1.135588079870115,0.34216153498243046,0.29159413678420965,0.4495571783749664,0.0012261839999999223
7.726,1.3210418444420453,1.136171352428421,0.3422226607622474,0.29167842152169565,0.4496583715673269,0.0011874549999999267
7.728,1.3217264353037192,1.1367548401248846,0.3423682009118292,0.2918092749420257,0.4498540184746529,0.0011785529999999275
7.73,1.3224113764592043,1.1373385750992442,0.34257295457290976,0.2919256994173263,0.4500853732183574,0.001182433999999929
7.732,1.32309667332565,1.1379225842670784,0.3427239118728297,0.29208346841682903,0.4503026008050807,0.001190575999999928
7.734,1.323782205524905,1.1385067654623935,0.342808287382336,0.2920977268984375,0.4503760694766591,0.0011987179999999272
7.736,1.324467859754873,1.1390909303591943,0.3428459425855852,0.2920671699023887,0.4503849154691897,0.0011930119999999278
7.738,1.3251537025091322,1.139675148879157,0.3429968116734804,0.292151350060201,0.45055435205996075,0.0011841099999999251
7.74,1.3258398325739489,1.140259478340541,0.3431332531431562,0.29217811132390636,0.45067557971273564,0.0011975779999999234
7.742,1.3265261277417402,1.1408437878624693,0.34316191464829887,0.2921314106043993,0.4506671285181586,0.0012227639999999205
7.744,1.327212498222772,1.141428038062224,0.343208566383684,0.2921187891501985,0.4506944719138696,0.0012351669999999192
7.746,1.3278989710321145,1.1420123042895864,0.34326424295866215,0.29214743821222405,0.450755439399181,0.0012433089999999219
7.748,1.3285855120127927,1.1425965435094403,0.34327673771961315,0.29209178164173866,0.4507288847656263,0.0012439939999999217
7.75,1.329272139139453,1.1431807754414527,0.343350388940731,0.2921401503706559,0.4508163229568565,0.001252135999999921
7.752,1.3299589854437828,1.1437651686368917,0.34349591538901975,0.2922530450684501,0.45100031733993506,0.0012549519999999206
7.754,1.3306460993041755,1.1443496566274565,0.3436179450038428,0.29223494549631224,0.45108153974408716,0.0012290059999999234
7.756,1.3313333747380633,1.144934173136326,0.3436574888836891,0.29228156337302236,0.4511418645544004,0.0012030599999999147
7.758,1.332020702390819,1.1455188277860116,0.34367016387205473,0.29237308631243963,0.4512108189479794,0.001199483999999915
7.76,1.3327081523695328,1.1461037102376401,0.3437798148417519,0.29250936531614447,0.4513826424335376,0.0011937769999999155
7.762,1.3333958789809144,1.1466887772326604,0.34394679654004506,0.29255762970421834,0.4515411006191017,0.0011752869999999177
7.764,1.3340839555278718,1.1472737881755937,0.34412975041712024,0.29245331322880486,0.4516129156043424,0.0011685149999999152
7.766,1.334772342482703,1.147858712603101,0.3442572044140708,0.29247111427870875,0.45172156853356127,0.0011415029999999183
7.768,1.3354609538739102,1.1484437067720747,0.34435418679333873,0.29252305469513945,0.451829108723948,0.0011400569999999186
7.77,1.3361498290628848,1.1490286593556862,0.34452100218146914,0.29242952891635743,0.45189572948454226,0.001154589999999917
7.772,1.3368389805089131,1.1496134787990995,0.3446304438465172,0.29238991449667423,0.4519535428838012,0.00116379699999992
7.774,1.3375282486613647,1.1501983304135657,0.34463770860515014,0.2924616999695537,0.45200552667162114,0.0011975049999999163
7.777,1.3385623721406275,1.1510760060255267,0.3447779442366658,0.2926553746711028,0.4522377683873219,0.001216109499999917
7.779,1.3392521165211089,1.151661341673067,0.34496643624492573,0.29268027286915727,0.4523975953321246,0.0012221214999999163
7.781,1.3399422467306248,1.152246621207666,0.3451637732711712,0.29259926172990164,0.45249569980683346,0.0012313294999999156
7.783,1.340632762781842,1.1528318536004494,0.34535227794575213,0.292633131053101,0.4526614024547061,0.0012490594999999213
7.785,1.3413235484519328,1.1534173889927706,0.3454333921450686,0.292902261268084,0.4528972985841334,0.0012848984999999174
7.787,1.3420143978676844,1.1540036386662933,0.3454160236066012,0.2933474122547201,0.4531720795026286,0.0013186064999999136
7.789,1.3427052785746159,1.154590484194936,0.34546468332489344,0.2934981163880244,0.4533067303141298,0.001333139499999912
7.791,1.3433963265125657,1.15517756103802,0.3455832546246272,0.29357872669575924,0.45344928563760384,0.0013444764999999157
7.793,1.3440875811734259,1.1557648691418105,0.345671406235544,0.2937293770949777,0.4536140077835583,0.001352618499999915
7.795,1.3447790173407501,1.1563523439234131,0.3457647610887051,0.29374540450764597,0.4536955286093195,0.0013575654999999145
7.797,1.3454706797319127,1.1569398704486933,0.34589763007388313,0.29378112077256374,0.4538199173825589,0.0013784914999999123
7.799,1.346162527150138,1.1575275097985904,0.34594978815125677,0.29385822912447246,0.45390958873554366,0.0013908944999999164
7.801,1.3468545112376247,1.1581153356264366,0.34603429933537866,0.29396759872177325,0.4540448055145791,0.0013905134999999164
7.803,1.3475467164920405,1.1587034465306412,0.34617095508061946,0.29414330548286394,0.4542627150689496,0.001400785499999915
7.805,1.3482391466173549,1.1592919232736532,0.34625917023389535,0.2943334375291286,0.45445306184333184,0.001412123499999914
7.807,1.3489317656520494,1.1598807192367737,0.346359864460334,0.29446252559134156,0.45461339035119985,0.001409613499999913
7.809,1.3496245519377588,1.1604697482961948,0.3464264212490224,0.29456653382986764,0.4547314682226728,0.0014124294999999128
7.811,1.350317437032987,1.1610588418313696,0.3464586739791763,0.29452700134513915,0.45473043366017274,0.0014056574999999135
7.813,1.351010384890376,1.1616478939963613,0.3464891834101581,0.29452516364654246,0.4547524889885275,0.001392493499999915
7.815,1.3517035017444403,1.1622371469510557,0.34662767065380273,0.2947277910476547,0.45498924479454583,0.0013921124999999148
7.817,1.352396918896664,1.1628267979486941,0.34678948156996625,0.29492320659090787,0.45523910455213457,0.0014023844999999139
7.819,1.353090573441229,1.163416784255391,0.3468650629951965,0.2950631001061772,0.4553873131422631,0.0014190484999999121
7.821,1.3537843610351459,1.1640069337066008,0.3469225309216795,0.2950863511036085,0.4554461516675114,0.0014431694999999095
7.823,1.3544783191601848,1.1645970972724544,0.3470355941170327,0.29507721474991533,0.4555263617494925,0.0014236144999999032
7.825,1.355172571563413,1.1651872011916409,0.34721680911128433,0.2950267044365877,0.45563172503693783,0.0013699704999999087
7.827,1.3558670771248622,1.1657773621941177,0.3472887523379005,0.2951342980401633,0.4557562192445382,0.0013738504999999083
7.829,1.3565616228678108,1.1663680221169195,0.34725699061081955,0.29552562476172084,0.45598553970371497,0.0014182104999999033
7.831,1.3572560777605391,1.1669591757595685,0.34719790211739376,0.2956280178872363,0.45600691682764577,0.0014465924999999128
7.833,1.3579504127083182,1.1675505503453416,0.3471370456617996,0.29574656788594805,0.4560374555747806,0.001437690499999914
7.835,1.3586445977030788,1.1681424977110426,0.3470479490988187,0.2962007978151514,0.45626438782796586,0.0014149394999999163
7.837,1.3593386291556435,1.168735017860134,0.3469835034659485,0.29631935127618064,0.45629235104069016,0.0013932534999999188
7.84,1.3603796112067774,1.1696234185631578,0.34700453062324166,0.2959477840730965,0.4560671388850905,0.001351136499999917
7.842,1.36107364527437,1.170215224354633,0.3470295369693076,0.29585800740220236,0.4560279158923647,0.0013401034999999182
7.844,1.361767830037306,1.170806976098845,0.34715522596640097,0.295893736809502,0.45614674656175475,0.0013418544999999188
7.846,1.3624623055713438,1.171398729248939,0.3473203080715001,0.2958594132843275,0.45625013844143464,0.001341474499999919
7.848,1.3631570054632602,1.1719904820990448,0.3473795838450489,0.2958934368216496,0.4563173251439035,0.0013283104999999205
7.85,1.3638517684049452,1.172582408967849,0.34738335783990504,0.2960334319824908,0.456410988206309,0.0013002324999999235
7.852,1.3645466752874453,1.1731746048832292,0.3475235246599804,0.2961624833975751,0.456601376218157,0.0012817424999999173
7.854,1.365241919846216,1.1737669870327483,0.34772103411067345,0.29621966612156453,0.4567888003882837,0.001284558499999917
7.856,1.3659374051257636,1.1743595304116667,0.3477642454369825,0.29632371279706243,0.45688916946037333,0.0012905704999999163
7.858,1.3666329696900643,1.174952314200118,0.3478003188638307,0.2964600756542582,0.45700507465312773,0.0013040394999999148
7.86,1.3673286368856887,1.1755453473416422,0.3478668767604593,0.2965730658698998,0.457129027022512,0.001310051499999917
7.862,1.368024399572073,1.1761386585638702,0.3478958096236698,0.29673815635821543,0.4572581631776314,0.001292627499999919
7.864,1.36872021291714,1.176732280233635,0.3479175354435099,0.29688351340664215,0.4573690326221899,0.001291182499999919
7.866,1.3694160678589569,1.1773261459527042,0.3479374063732479,0.29698220566269223,0.4574482148112727,0.0013046514999999175
7.868,1.370112027280301,1.177920302305218,0.34802201497052704,0.297174146851003,0.45763718867763276,0.0012989454999999157
7.87,1.3708082276121114,1.1785147634751765,0.3481783168401427,0.2972870231075531,0.45782935076924197,0.0012729984999999186
7.872,1.3715047528551936,1.1791092511550507,0.34834692624205077,0.29720065676676494,0.45790153024955177,0.0012449204999999217
7.874,1.3722016638694705,1.1797036378399817,0.3485640880349942,0.29718602816434,0.4580572658563153,0.0012392134999999224
7.876,1.3728988854998423,1.1802981067037284,0.348657542336483,0.2972828355821173,0.45819118952666543,0.0012430944999999238
7.878,1.3735961970033352,1.180892679558287,0.3486539611564953,0.29729001897655594,0.4581931252356324,0.0012448454999999235
7.88,1.374293573274087,1.1814873743821548,0.34872230959547135,0.2974048048912896,0.45831961247804553,0.001247661499999923
7.882,1.3749910125975158,1.1820822522024994,0.3487170138333958,0.2974730154533221,0.45835984843763655,0.0012185194999999264
7.884,1.3756883709843344,1.1826769829394748,0.3486413729849319,0.2972577215218676,0.4581625911848223,0.0011670074999999092
7.886,1.3763856122280924,1.1832713081747444,0.34859987077322363,0.29706751374789664,0.4580076174338861,0.0011453224999999115
7.888,1.3770830218371157,1.1838653280844191,0.34880973825009326,0.29695239592703476,0.4580927405503224,0.0011705084999999087
7.89,1.377780854863564,1.1844591985232877,0.3490232881980879,0.29691804294152924,0.4582331065394919,0.0011637364999999094
7.892,1.378478957049923,1.1850530076221697,0.34907889816074755,0.29689105594033116,0.45825798000524376,0.001150573499999905
7.894,1.3791772260696056,1.1856467393484078,0.3491901215220017,0.29684067029785133,0.45831007463444223,0.0011800214999999018
7.896,1.3798756905186913,1.1862402913584371,0.3492743275637905,0.29671133973143765,0.4582904919593714,0.0011839024999999014
7.898,1.3805743378061213,1.1868336421274475,0.3493729598661723,0.29663942927888365,0.4583191203610775,0.0011643474999999035
7.901,1.38162292134573,1.1877237658417363,0.3496827332063119,0.29677638024707015,0.4586439073782516,0.001149396999999903
7.903,1.3823224234462415,1.1883175122913117,0.34981936730506613,0.296970069328217,0.45887341589867986,0.0011596699999999018
7.905,1.3830220624961733,1.1889117216597835,0.34981968262663155,0.2972392991435472,0.4590479400981387,0.0011827259999999094
7.907,1.3837217829746762,1.189506487338872,0.34990079587636036,0.2975263799450347,0.4592956713470176,0.001213238999999906
7.909,1.3844217408632469,1.1901016583684858,0.35005709269449803,0.2976446496686619,0.4594913553290256,0.0012362949999999036
7.911,1.3851220795056578,1.1906970263636514,0.35028154971654213,0.29772334549695206,0.45971333951248344,0.001241240999999903
7.913,1.3858228042589282,1.1912925661871376,0.3504432035535873,0.29781647798907995,0.45989682916793545,0.0012355339999999008
7.915,1.3865237444630443,1.1918881595882813,0.35049700056256183,0.2977769231547547,0.4599122126741854,0.0012436759999999
7.917,1.3872248209784122,1.1924836738427236,0.3505795148054938,0.2977373312875148,0.45994946966320854,0.0012731239999998968
7.919,1.3879260231412789,1.193079191527378,0.3506226480612776,0.2977803533670103,0.46001019574014235,0.0012961799999998945
7.921,1.3886272974709377,1.1936749962998094,0.35065168159732385,0.2980244190643051,0.4601903477536741,0.0012915389999998926
7.923,1.3893287230445137,1.1942711688254273,0.3507738919787764,0.2981481065535047,0.4603635701653404,0.0012996809999998916
7.925,1.3900305004650348,1.1948673839637494,0.35100352854243166,0.29806703176865945,0.46048608282619863,0.0013536289999998858
7.927,1.39073277668716,1.1954634709880545,0.3512726935829043,0.29801999253649264,0.46066085269799095,0.0014192949999998787
7.929,1.3914355483405578,1.1960595878284934,0.3514989598146544,0.29809684790221536,0.4608831191094121,0.0014583299999998917
7.931,1.3921387671543197,1.1966558673538237,0.351719853947373,0.2981826774281628,0.4611071077081649,0.0014771249999998896
7.933,1.3928423362580722,1.1972523437996674,0.35184924980517274,0.29829376841556887,0.4612776461785503,0.001482070999999889
7.935,1.3935461030790226,1.1978490102084094,0.35191757114541966,0.29837264032657057,0.4613807639860385,0.0014955389999998874
7.937,1.3942500744896014,1.1984456619482835,0.35205383943317137,0.2982790995472438,0.4614242376450892,0.0015377689999999016
7.939,1.394954324032656,1.1990422647999908,0.3521957036215421,0.298323752160171,0.4615613445170601,0.0015416499999999012
7.941,1.3956588159591896,1.199638915738618,0.35229622291207696,0.29832718646709516,0.4616402699759725,0.0015316829999999023
7.943,1.3963634262387499,1.2002354946993072,0.3523140566481491,0.298251774222122,0.46160515090119913,0.0015494129999999002
7.945,1.3970680472886132,1.2008320718487389,0.35230699321501274,0.298325375209409,0.46164731880737453,0.0015745999999999087
7.947,1.3977727313286363,1.2014287565918467,0.35237704680828075,0.2983593678984863,0.46172274746877,0.0015752849999999085
7.949,1.3984776217480197,1.2020254212687398,0.35251337257520043,0.2983053089946358,0.4617918743532926,0.0015472069999999114
7.951,1.3991827994911237,1.2026221788326077,0.3526643705289048,0.29845225487336186,0.46200206350139045,0.0015553479999999107
7.953,1.3998882147556904,1.2032193201320032,0.35275089403747056,0.29868904452200296,0.46222109272695666,0.0015730769999999165
7.955,1.4005938333150383,1.2038167644501683,0.3528676653104956,0.2987552736432184,0.46235300664245094,0.0015577829999999181
7.957,1.4012996890014329,1.2044143394261315,0.3529880210840925,0.2988197023201374,0.4624864944228742,0.0015456849999999195
7.959,1.4020056795900846,1.2050121008604513,0.35300256756766407,0.29894173199965707,0.4625764497251433,0.00154317499999992
7.961,1.4027117440632821,1.2056100542323194,0.3530619056296505,0.2990116398683293,0.4626669104048697,0.0015555779999999243
7.963,1.40341804026777,1.2062081328852539,0.35323429885834357,0.29906701306628286,0.46283425564054115,0.0015530669999999243
7.965,1.4041246219597021,1.2068062775056312,0.353347393073772,0.2990776073111549,0.4629274191350045,0.0015356429999999264
7.968,1.4051846801698735,1.2077034295347748,0.35335808037381755,0.2990237454513079,0.4629007812795285,0.0015302789999999261
7.97,1.4058914250485877,1.2083014769817975,0.3533867983402942,0.2990237015714271,0.46292267533863757,0.0015256369999999265
7.972,1.4065983135171345,1.2088995242095117,0.35350167020633955,0.29902352614262406,0.4630102590930791,0.0015273869999999272
7.974,1.4073055611444056,1.209497691144259,0.3537459570648447,0.299143408604761,0.46327419640143774,0.0015312679999999268
7.976,1.4080133065820666,1.2100962701383402,0.3539994805961201,0.29943558547642946,0.4636564483666057,0.0015244959999999275
7.978,1.4087215693955732,1.2106951427055648,0.35426333291063933,0.29943698174827543,0.4638588309857553,0.00150174499999993
7.98,1.4094303258914977,1.2112940719640428,0.3544931630137128,0.29949227672953116,0.4640700663090702,0.0015141479999999344
7.982,1.4101394636851299,1.2118935085923677,0.35464463061855683,0.2999443515953014,0.46447758619819146,0.001571291999999928
7.984,1.4108488285423975,1.2124935335869431,0.354720226649018,0.30008064298021886,0.4646233221496229,0.001607130999999924
7.986,1.4115583514498051,1.213093626534948,0.3548026807587064,0.30001230502451953,0.46464214772197526,0.001599293999999925
7.988,1.4122681202462464,1.2136937155009668,0.35496611568228603,0.30007666099417546,0.46480850439292026,0.0015712169999999156
7.99,1.4129782374000566,1.2142939008395939,0.3551510381279288,0.30010867763291854,0.46497040580441734,0.0015793589999999148
7.992,1.4136887476475746,1.2148940963236592,0.3553592093902265,0.300086806432361,0.4651153180591026,0.0016215889999999101
7.994,1.414399667306921,1.2154944006347512,0.3555604499563859,0.3002175046597098,0.46535339654642094,0.0016382529999999084
7.996,1.4151109535935034,1.216094993321782,0.3557258366257158,0.30037518237089167,0.4655814869895622,0.001646394999999911
7.998,1.4158224826402612,1.2166958602260682,0.3558032101321351,0.300491721915491,0.4657157923885221,0.0016715809999999082
8.0,1.4165341053001157,1.2172968956937675,0.355819449722315,0.30054374578394555,0.46576176735594765,0.0016797229999999073
8.002,1.4172457583951665,1.2178978862374181,0.35583364532817935,0.3004467978664127,0.4657100616217365,0.0016708209999999044
8.004,1.4179573932317755,1.2184986919373966,0.35580119128116083,0.3003589021123378,0.46562856204835856,0.0016491359999999163
8.006,1.4186689847657064,1.219099361299314,0.35579034264955606,0.3003104598048143,0.46558902498970856,0.0016189289999999064
8.008,1.4193806732814953,1.2197000681991692,0.3558981731398842,0.30039644005067956,0.4657268843855039,0.0016100269999999113
8.01,1.420092586296251,1.2203008626863274,0.35601484161567504,0.3003980471073072,0.4658170822935953,0.001612842999999912
8.012,1.4208047470922518,1.2209017142112792,0.35614595438494756,0.3004534778443135,0.46595303751934974,0.0016007449999999083
8.014,1.4215172261404934,1.2215029188178104,0.35633309385693196,0.30075112868719944,0.46628801741442755,0.0015790589999999203
8.016,1.4222300255158276,1.2221046541984741,0.35646628147713083,0.3009842519762715,0.4665401695115317,0.0015712219999999175
8.018,1.4229429887130751,1.222706699834309,0.35649691577011283,0.3010613838583392,0.4666133386480729,0.0015623199999999146
8.02,1.4236560992114178,1.223308822420739,0.3566135825730026,0.3010612025719609,0.4667023622927433,0.001554482999999919
8.022,1.4243694643546405,1.2239107974313859,0.35675156064938746,0.30091380807478313,0.46671275525299394,0.0015413199999999147
8.024,1.4250829921333972,1.2245123162915965,0.3567762181076001,0.3006050521361619,0.46653260033672506,0.0015068519999999338
8.026,1.4257966089625387,1.225113379120299,0.35684061103376796,0.3004577765661743,0.4664869742897887,0.0014755789999999233
8.028,1.4265103620603228,1.2257143502089671,0.35691248674999415,0.30051331210168225,0.4665777255167544,0.0014485669999999143
8.03,1.4272242177271164,1.2263155024300743,0.35694318004403436,0.30063890900568535,0.46668210527946824,0.0014268819999999265
8.032,1.427938136458003,1.2269168250728126,0.3569755508423258,0.30068373373253715,0.466735740682585,0.0014328939999999285
8.034,1.4286521305421036,1.227518127861988,0.35701853325793415,0.30061905544267753,0.4667269539944037,0.0014623419999999384
8.037,1.4297232186172177,1.228420098057144,0.35704018348477745,0.30069440799472785,0.46679205179838207,0.0014745549999999386
8.039,1.430437347586321,1.2290215819299468,0.3570887856189799,0.30078946480837593,0.4668904614088266,0.0014677829999999426
8.041,1.431151630985094,1.2296231122436443,0.3571946131537803,0.3007408488887927,0.46694009236349626,0.0014386409999999328
8.043,1.4318661762586593,1.2302245201292583,0.35735066041190083,0.30066703672566264,0.4670119500293463,0.0014158909999999452
8.045,1.4325810893375348,1.2308258287735445,0.35756241846339537,0.3006416075604086,0.4671576385909782,0.0014282949999999493
8.047,1.4332963758996915,1.2314272409877007,0.3577241436930094,0.30077060659567284,0.46736444106588365,0.0014481549999999562
8.049,1.434011867596216,1.2320290100875706,0.35776755283176953,0.3009984932745211,0.4675443452901178,0.0014722759999999428
8.051,1.434727463780899,1.232631042882575,0.3578286318511143,0.3010343017297202,0.4676141364312466,0.0014676349999999411
8.053,1.435443117481558,1.2332331294398429,0.35782506880766,0.30105225553783976,0.4676229682464575,0.001461927999999939
8.055,1.436158843077202,1.2338352840936277,0.35790052683680335,0.30110239824733925,0.4677129903480987,0.0014817879999999282
8.057,1.4368749492049673,1.2344374525368351,0.35820560092824877,0.3010660449599161,0.46792308765883106,0.0015027139999999352
8.059,1.4375915508082124,1.2350396812637594,0.3583960023172999,0.30116268196462415,0.46813102384391,0.0015023339999999355
8.061,1.4383083806046448,1.2356420729809878,0.35843379411480375,0.3012290352636232,0.4682026446415982,0.001500887999999935
8.063,1.4390252967583859,1.2362445991832027,0.3584823596258994,0.30129716695118886,0.46828365866829613,0.0015111599999999383
8.065,1.4397423226443453,1.2368472867586362,0.3585435263340082,0.3013904084825556,0.4683904766338736,0.0015224979999999323
8.067,1.440459434753447,1.237450020871136,0.3585685827673518,0.30134370401716104,0.4683796072616415,0.0015434239999999393
8.069,1.4411766041853218,1.2380526813059667,0.3586008491072324,0.3013167308133224,0.4683869567445877,0.0015622189999999457
8.071,1.441893938772246,1.2386553576356416,0.35873373781744655,0.3013595988619515,0.4685162777051752,0.0015746219999999388
8.073,1.4426115624355862,1.239258098126426,0.35888992552237,0.30138089192234646,0.46864957127619494,0.001575306999999939
8.075,1.4433295377569775,1.239860751908806,0.359085395869343,0.301272890458007,0.46872985402208495,0.0015845139999999338
8.077,1.4440480368019177,1.240463166144252,0.3594136490707712,0.30114134498763534,0.4688968765083955,0.0015798729999999322
8.079,1.4447672157421727,1.2410653513606191,0.359765291184046,0.3010438713791856,0.4691039087832343,0.0015454049999999208
8.081,1.445486963553754,1.2416674728708255,0.35998252039765904,0.30107763882756733,0.46929218999876193,0.0015183939999999358
8.083,1.4462070148300672,1.2422696818633814,0.3600687559153507,0.301131353728064,0.4693928005248108,0.0015233409999999374
8.085,1.446927227818598,1.2428720036863885,0.36014423261536366,0.3011904692789383,0.46948862294050986,0.0015410709999999434
8.087,1.4476474859257844,1.2434744851849562,0.36011387457136873,0.30129102928908735,0.4695298573987401,0.0015428219999999424
8.089,1.4483675916618088,1.244077092559656,0.35999186145287293,0.30131634541049085,0.46945253255663527,0.0015403119999999415
8.091,1.4490875574167146,1.2446797127147051,0.3599738934533223,0.30130380963895903,0.46943070806125786,0.0015271489999999486
8.093,1.4498075320580714,1.245282275420914,0.3600007479032177,0.3012588965697174,0.469422476297503,0.0015267689999999487
8.095,1.4505275764847323,1.2458846980187257,0.3600436787573159,0.30116370124173814,0.4693943177742187,0.0015381069999999527
8.097,1.4512477410361957,1.2464870342764363,0.3601208727064643,0.3011725564691614,0.469459211997204,0.0015409229999999506
8.1,1.4523281850113883,1.2473909314360652,0.36017511075529934,0.30142554995009563,0.4696631479798152,0.0015499409999999512
8.102,1.4530485983129524,1.2479939493611736,0.36023819080855585,0.30159237515821957,0.46981859783388497,0.0015548869999999528
8.104,1.4537691089592946,1.2485972381602877,0.36027245553405524,0.3016964239562528,0.46991166664015566,0.0015502449999999553
8.106,1.4544897168739659,1.249200749372405,0.36033545913707327,0.3018147881610416,0.47003596613899645,0.0015402769999999517
8.108,1.4552104617253168,1.249804601399114,0.3604093922136582,0.30203723854754533,0.4702354978787175,0.0015430929999999529
8.11,1.4559313830889749,1.2504088516152765,0.3605119714447834,0.30221297761537885,0.47042700325784637,0.0015416479999999537
8.112,1.4566526118018093,1.2510133777685082,0.36071674138947857,0.3023131756160901,0.4706483014627046,0.0015263539999999483
8.114,1.4573743127942398,1.2516180521720173,0.3609842510407957,0.30236122789279696,0.4708842125537063,0.0015291699999999495
8.116,1.458096452001064,1.2522229000079204,0.36115495578367535,0.3024866080107001,0.4710955849006945,0.0015277249999999503
8.118,1.4588187943274953,1.2528279431744842,0.36118737064730944,0.3025565585529099,0.4711653508467036,0.0015284099999999508
8.12,1.4595412014575482,1.253433108293086,0.3612197594060795,0.3026085600493029,0.4712235724160014,0.0015397479999999443
8.122,1.4602636520832377,1.2540385443703561,0.3612308662831667,0.30282751722058837,0.47137272295039817,0.0015372379999999434
8.124,1.4609861192631943,1.2546442406784724,0.36123631367310965,0.30286879089543206,0.47140341408882286,0.0015528369999999487
8.126,1.4617087586706765,1.2552498864594994,0.3614030938094902,0.3027769901318587,0.4714722706250908,0.0015748269999999365
8.128,1.4624317927141333,1.2558553808515294,0.3616309496469675,0.3027174018978923,0.4716087034336597,0.0015637939999999329
8.13,1.4631550440769594,1.2564609664407356,0.3616204131788331,0.3028681873081361,0.47169742644087653,0.001546369999999927
8.132,1.4638781418903317,1.2570670763707688,0.3614774001939691,0.3032417427254651,0.4718277920832643,0.0015438599999999284
8.134,1.4646010054344452,1.2576737430744858,0.36138614391922486,0.30342496099142796,0.47187567427178984,0.001552001999999931
8.136,1.4653238137287918,1.2582806629399803,0.36142215042774883,0.30349490450339295,0.4719482258461641,0.0015644049999999242
8.138,1.4660467766094598,1.2588877279476596,0.36154073024006544,0.30357010317559596,0.4720873935666592,0.001578938999999929
8.14,1.4667699836034467,1.2594947997501376,0.36166626374655486,0.30350169930227205,0.47213956391278983,0.001588145999999932
8.142,1.4674934415507659,1.2601016629496717,0.3617916835731627,0.3033615002321702,0.4721455518437259,0.0015835039999999348
8.144,1.4682171523933043,1.2607084108764721,0.36191915896505333,0.3033864265679608,0.47225925237272826,0.0015809929999999338
8.146,1.4689411038651259,1.2613152320122045,0.3620323128563123,0.303434709164278,0.47237698745567697,0.0015720909999999307
8.148,1.4696652868961733,1.2619220653468928,0.3621507181914889,0.3033986255243928,0.4724445667554046,0.0015642539999999353
8.15,1.4703897337621992,1.262528891088918,0.36229614783408337,0.30342711650066445,0.4725743473394676,0.0015585469999999334
8.152,1.471114372674852,1.263135712942,0.36234276481895306,0.30339473658154403,0.47258929886533363,0.0015507099999999378
8.154,1.4718390006128201,1.2637424019922785,0.3622851731491409,0.303294313696661,0.4724806741068163,0.0015481999999999367
8.156,1.4725637018961624,1.2643489329844995,0.36241611019274544,0.30323667852419056,0.4725440933178866,0.0015318409999999314
8.158,1.4732887353574,1.264955547829032,0.3626173510453446,0.3033781660087114,0.4727892288218418,0.0015176119999999393
8.16,1.4740140869877933,1.2655624762909854,0.36273427934776253,0.30355029594449656,0.47298936518904106,0.0015151009999999385
8.162,1.4747396829608834,1.2661695623312201,0.36286169374217736,0.303535744290117,0.47307774926241986,0.0015072639999999357
8.164,1.4754655103369618,1.2667765582794395,0.3629656823366093,0.3034602039294631,0.47310905922735375,0.0014983619999999408
8.167,1.4765546740212554,1.2676870071485082,0.3631434405257171,0.30350570878309263,0.47327462816084115,0.00148181249999994
8.169,1.4772810039436506,1.2682939933738613,0.36318648186917957,0.3034805165696937,0.47329150061026876,0.0014643874999999342
8.171,1.4780074451183607,1.2689009578963715,0.3632546928412501,0.30348400594087027,0.47334608241022674,0.0014725294999999297
8.173,1.478734155684918,1.269508031507182,0.3634558737159379,0.30358960486948594,0.47356817917109506,0.0014902594999999358
8.175,1.479461286432832,1.2701152283388482,0.36367487419783334,0.3036072267964385,0.47374757232711384,0.001487749499999935
8.177,1.4801887638985258,1.2707226328587995,0.36380259149643085,0.3037972931552824,0.4739674259988713,0.0014788474999999396
8.179,1.4809164392911505,1.2713303691364557,0.36387280112802534,0.3039389845007003,0.4741121404267902,0.0014784674999999395
8.181,1.4816442983338216,1.2719384892448564,0.3639862415434368,0.30418112390040253,0.4743544457156791,0.0014972624999999291
8.183,1.4823723536227627,1.2725470147013846,0.36406904739736634,0.30434433262767574,0.47452264864325616,0.0015192534999999368
8.185,1.4831005414984566,1.2731553891879648,0.36411882829625775,0.304030153952146,0.4743594160886924,0.0015082214999999329
8.187,1.4838288360092562,1.2737630581289097,0.36417568250366356,0.30363878699308094,0.4741523391207078,0.0014652314999999566
8.189,1.4845573342959724,1.2743701595928754,0.36432260421237317,0.303462676972479,0.47415246098210717,0.0014446114999999496
8.191,1.4852860836667103,1.2749771260782463,0.3644267665252814,0.30350380839824326,0.4742588216072628,0.0014346434999999462
8.193,1.4860150468359656,1.2755842376399076,0.3645364027305078,0.3036077532634592,0.47440958754791673,0.0014342634999999465
8.195,1.4867442473317114,1.2761916306554926,0.36466409301503055,0.30378526232124575,0.4746213083481008,0.0014296224999999448
8.197,1.4874735829668544,1.276799391425788,0.3646715421283886,0.30397550797464645,0.4747488210482902,0.0013994144999999617
8.199,1.4882030069059184,1.277407403354746,0.3647523969353233,0.30403642098312245,0.4748499303509374,0.001385185499999957
8.201,1.4889326554754119,1.278015608816577,0.3648961725579078,0.30416904084783053,0.47504528432318915,0.0014018494999999628
8.203,1.4896626112063238,1.278623986154447,0.3650595583545032,0.30420829702253577,0.4751959270904332,0.0014206444999999522
8.205,1.49039284310562,1.2792321961778423,0.3651723409412526,0.30400172637260336,0.47515038485308797,0.0014341134999999567
8.207,1.491123219867301,1.2798400416360811,0.36520442073965104,0.3038437318660536,0.4750739756312425,0.0014550394999999637
8.209,1.4918537185572527,1.2804478007641051,0.3652942692125287,0.3039153961584015,0.47518887943809623,0.0014557254999999633
8.211,1.4925844688383472,1.281055771321432,0.3654560118818215,0.3040551611680649,0.47540260585476807,0.0014521504999999621
8.213,1.4933155514562695,1.2816639370364256,0.36562660604084585,0.3041105538259247,0.4755691789774213,0.0014602924999999576
8.215,1.4940469538947867,1.2822723320293645,0.365775832476196,0.304284439112821,0.47579510244417,0.0014449984999999528
8.217,1.49477873356319,1.2828809382729796,0.3660038359268019,0.3043218045019501,0.47599429472259064,0.0014275744999999466
8.219,1.4955110641108802,1.2834894414209723,0.36632671176391784,0.3041813434910519,0.47615286356356806,0.001427194499999947
8.221,1.4962439201982525,1.2840976943319258,0.3665293756080861,0.3040715674621541,0.4762387020418907,0.0014193574999999442
8.223,1.4969770454863187,1.2847059271165908,0.3665959124579667,0.3041612172027689,0.4763471518558278,0.001415781499999943
8.225,1.497710352615234,1.285314554515995,0.3667112164576753,0.30446618220172045,0.4766306456579971,0.0014164664999999426
8.227,1.4984438666444948,1.2859235262377149,0.3668028128028764,0.3045055395179047,0.4767262601086626,0.001405433499999939
8.229,1.4991774754787526,1.2865322644919988,0.3668060214553805,0.3042327147663797,0.4765545111632523,0.0013901394999999473
8.231,1.499911234719723,1.2871407422801988,0.3669532195146991,0.30424507343347446,0.47667570739523035,0.0013950854999999491
8.234,1.5010125472158977,1.2880538564846924,0.3672551112683858,0.30449772956224364,0.47706937028205415,0.001394515499999949
8.236,1.5017472082198777,1.2886628607092028,0.367405892711373,0.3045064949478873,0.4771910471336283,0.0013877444999999466
8.238,1.5024821671642137,1.2892718591356078,0.3675530516249172,0.30449193145746023,0.47729506815122624,0.0013926914999999442
8.24,1.5032173773593724,1.2898808356736786,0.3676571435336306,0.30448460661313503,0.4773705592678127,0.0013901814999999432
8.242,1.5039527669422534,1.290489740166823,0.367732439347175,0.3044198865309273,0.47738727911804096,0.0013621044999999339
8.244,1.50468832517337,1.2910985959680072,0.36782579176989494,0.30443591465369985,0.47746941181837493,0.0013297664999999518
8.246,1.5054241404118134,1.291707711683335,0.3679894466731883,0.3046798006739074,0.4777509956049607,0.0013144734999999469
8.248,1.5061602593578063,1.292317110587937,0.36812949932012223,0.3047191039284074,0.4778839404799197,0.0013077024999999503
8.25,1.5068966259347065,1.2929264607054765,0.36823707757980434,0.3046310136108383,0.47791066085418266,0.0013169104999999532
8.252,1.507633222246251,1.2935358015451408,0.3683592339644244,0.30470982605323005,0.47805502124781335,0.0013293144999999575
8.254,1.5083699800690316,1.294145120631766,0.36839858881658355,0.304609260572419,0.4780212567120065,0.0013257394999999594
8.256,1.5091067896331307,1.2947542045217477,0.36841097528226047,0.3044746294091081,0.4779450247279911,0.0013147074999999557
8.258,1.509843726448498,1.2953631482454058,0.3685258400855591,0.30446909424932306,0.4780300452521476,0.0013164584999999548
8.26,1.5105809073169658,1.295972053956669,0.36865502838193315,0.30443661701372987,0.4781089663769635,0.0013192744999999558
8.262,1.5113183142408246,1.2965808839868833,0.36875189547674264,0.3043934132002966,0.47815615693768604,0.0013188944999999556
8.264,1.5120559042027333,1.2971896832641363,0.36883806643234135,0.3044058640531202,0.47823053992763254,0.0013323624999999483
8.266,1.5127936611475357,1.2977985271917452,0.36891887836980913,0.3044380635554283,0.4783133631407521,0.0013522224999999548
8.268,1.5135316712096887,1.2984074012892561,0.36909118378285993,0.304436033955406,0.47844498191195406,0.0013646264999999588
8.27,1.5142700080784073,1.2990163754537656,0.36924568493617865,0.3045381305544702,0.4786291349318376,0.0013908784999999443
8.272,1.5150085499929282,1.2996256562597635,0.3692962295845959,0.3047426754431635,0.47879829095523707,0.0014309784999999577
8.274,1.515747200042222,1.3002352492208797,0.3693538197096952,0.3048502856735724,0.47891120347033095,0.0014455124999999498
8.276,1.516485966920364,1.300844955091756,0.3694130584321172,0.3048555852024478,0.47896026512571765,0.001439806499999948
8.278,1.517224895350264,1.3014546697054445,0.36951537146768987,0.30485902848588625,0.47904137295254906,0.0014319694999999453
8.28,1.5179639817855002,1.3020644235806744,0.3695710637687406,0.3048948467444302,0.4791071265870172,0.001430524499999946
8.282,1.5187031292423936,1.302674175574243,0.3695763931244408,0.30485714682394804,0.47908724709024497,0.0014407974999999494
8.284,1.5194423320823087,1.303283749795424,0.36962644679046247,0.30471707435679823,0.47903674762121234,0.001448939499999952
8.286,1.5201817104033686,1.3038930365830699,0.3697518742698653,0.3045697132894482,0.47903983005517914,0.001450689499999951
8.288,1.5209213900794634,1.3045021954975986,0.3699278018247504,0.3045892012391413,0.4791880216307477,0.0014620264999999548
8.29,1.521661425283448,1.3051114508149546,0.3701074021602703,0.30466611611719224,0.47937556408703036,0.0014776244999999463
8.292,1.522401771102758,1.3057207756741454,0.37023841714962363,0.304658743073432,0.4794720380424099,0.0014570034999999391
8.294,1.5231423018190466,1.3063301182110276,0.3702922991388713,0.30468379380860927,0.4795295621868984,0.0014118814999999243
8.296,1.5238828165841534,1.3069396061506393,0.37022246596833663,0.30480414580334386,0.4795521260578273,0.0013838044999999399
8.298,1.5246231558302454,1.307549367152628,0.3701167801235529,0.30495685618509105,0.479567633460934,0.0013823594999999393
8.3,1.5253635259822715,1.3081594117026696,0.37025337190236773,0.30508769385627965,0.47975625097294566,0.0013798484999999385
8.302,1.5261042160181202,1.3087697429917498,0.3704366639467403,0.30524359522431016,0.4799968483453331,0.0013762724999999405
8.305,1.5272156960587449,1.3096857885429227,0.3705500298029691,0.30545343889092025,0.4802177921706675,0.0013852904999999407
8.307,1.5279569346921753,1.3102969608694974,0.37068860362714495,0.3057188876835419,0.4804935786724987,0.0013902364999999425
8.309,1.528698448446369,1.310908497173064,0.3708251505669413,0.30581741588345923,0.48066161085594444,0.0013919864999999414
8.311,1.5294402314676403,1.3115200600242276,0.3709578707041154,0.305745435279996,0.4807182262322549,0.001400128499999944
8.313,1.5301822135519896,1.3121315041355568,0.37102421364493554,0.30569867604907847,0.4807396880318934,0.0014231844999999517
8.315,1.5309241936154003,1.3127427903033841,0.3709558497661247,0.3055874917786788,0.48061622694962325,0.0014377184999999437
8.317,1.5316660298174833,1.3133538864213898,0.3708803523166781,0.3055086262268893,0.48050781100163653,0.0014373384999999438
8.319,1.5324078300700827,1.313964946694896,0.37091990028238997,0.30555164727904555,0.4805656891419074,0.0014263054999999398
8.321,1.533149774247006,1.3145762418916431,0.3710242766411367,0.3057435494685567,0.48076827255831944,0.0014312514999999372
8.323,1.5338918086472402,1.315187872601496,0.37101012359289154,0.30588716038423147,0.48084869418179893,0.0014436544999999414
8.325,1.5346338485778113,1.3157996038190616,0.3710298069787103,0.3058440571816889,0.48083646386273077,0.0014230344999999528
8.327,1.535376030026652,1.316411137403997,0.371151641861606,0.3056895277535326,0.4808322250377397,0.0013885664999999411
8.329,1.5361184660581617,1.3170224642264465,0.371284389647905,0.30563729469580064,0.4809015012507083,0.0013562284999999305
8.331,1.5368611657461786,1.3176336524840495,0.371415298369444,0.3055509629075838,0.4809477256382597,0.001359043499999929
8.333,1.5376040628929784,1.3182448530373077,0.37148184843006393,0.3056495903504278,0.4810617796025801,0.0013874254999999384
8.335,1.5383470772128678,1.3188564159932172,0.37153247145914853,0.3059133655590042,0.48126849530815957,0.0014062204999999448
8.337,1.5390902284620354,1.3194683502943578,0.37161877770888724,0.3060209355819414,0.4814034991151332,0.0014228844999999355
8.339,1.5398335020544582,1.320080489037532,0.37165481471381934,0.3061178075919676,0.4814929007003907,0.0014491354999999443
8.341,1.540576892861234,1.3206930045347502,0.3717359920623704,0.3063976896265732,0.4817335280039128,0.0014562114999999403
8.343,1.5413204477517175,1.3213060349213723,0.3718188984209865,0.3066326969954018,0.48194699302897387,0.001428134499999931
8.345,1.5420641772705574,1.3219194294158503,0.3719106204187702,0.30676179748234733,0.4820998962610086,0.0014245584999999297
8.347,1.5428081927340815,1.3225332147837512,0.37210484310565034,0.30702357041888034,0.48241630056978574,0.0014518744999999147
8.349,1.5435524098445508,1.3231474306327187,0.37211226736331154,0.30719227854830145,0.4825294141520928,0.0014600164999999173
8.351,1.5442965017162964,1.3237619230760171,0.37197960438205663,0.307300164750012,0.48249582105093497,0.0014692244999999205
8.353,1.5450404376869404,1.3243765880544416,0.3719563662624579,0.3073648136748318,0.48251908468840465,0.0014837584999999125
8.355,1.5457844257316196,1.324991269106888,0.3720316784164396,0.30731623877133263,0.4825462054124059,0.001503618499999919
8.357,1.5465285535951316,1.3256058296922635,0.37209618509598824,0.30724434660447475,0.48255016266021356,0.0015138914999999133
8.359,1.5472727638269133,1.3262202609225417,0.3721140466853971,0.3071868836736111,0.48252735180680334,0.0014943374999999066
8.361,1.5480169543246023,1.3268347011551818,0.37207645100343334,0.3072533489661438,0.48254067791453736,0.0014737174999998998
8.363,1.5487610894861787,1.3274493496746678,0.37205871057352163,0.3073951705201979,0.4826173173154617,0.0014648144999999048
8.365,1.549505257080826,1.3280640843009555,0.3721088840736504,0.30733945576728455,0.48262051622145946,0.0014740214999999079
8.368,1.5506218138600343,1.3289860579030675,0.37226230206511385,0.30730961230741555,0.48271981454602847,0.0014846369999999083
8.37,1.5513665002471098,1.3296008420157055,0.3724240850108068,0.30747450033096746,0.4829495495907567,0.0014842569999999086
8.372,1.5521113522416161,1.330215948959918,0.3724279094953924,0.30763244388129546,0.48305306985825747,0.001484941999999909
8.374,1.5528561633226718,1.330831303658776,0.37238317156007544,0.307722254976494,0.483075783567091,0.001467516999999903
8.376,1.5536010679841792,1.3314468269437048,0.3725214899476122,0.3078010299525938,0.4832325884216279,0.0014309169999999233
8.378,1.554346263610146,1.3320624862215114,0.3726741360188947,0.3078582478537161,0.4833867110595716,0.0014252099999999214
8.38,1.5550916514038433,1.3326782259950203,0.37271365767822356,0.3078815256550415,0.4834320060355499,0.0014397429999999265
8.382,1.5558370644491943,1.3332940500929662,0.37269938767326105,0.30794257229129895,0.4834598860313083,0.001443622999999924
8.384,1.5565824130590296,1.333909998130697,0.3726492221617544,0.30800546543930074,0.48346128026786267,0.0014357859999999216
8.386,1.5573277187544967,1.334526059308235,0.37265647330583374,0.3080557120991017,0.48349888195695573,0.001435405999999922
8.388,1.5580730317657092,1.3351422156047426,0.3726565379063683,0.30810058440821175,0.483527522853707,0.0014424819999999242
8.39,1.5588183465949383,1.3357583880528534,0.3726582913224763,0.30807186370253775,0.4835105741310552,0.001445296999999925
8.392,1.5595637671180664,1.3363744203473822,0.37276223180594376,0.3079604308266711,0.4835197084048354,0.0014555689999999194
8.394,1.560309262845957,1.336990328687851,0.37273349608435125,0.3079479096419923,0.4834895801939642,0.0014679719999999236
8.396,1.561054688608747,1.3376062604650396,0.3726922667054692,0.3079838675462776,0.4834807010944942,0.001484635999999929
8.398,1.561800114335587,1.338222168908889,0.37273346013488357,0.30792457630336206,0.4834746911635891,0.0014959729999999229
8.4,1.5625456690918453,1.3388379425454933,0.3728212961230542,0.3078490603007731,0.48349432547956867,0.0015019839999999248
8.402,1.563291483921614,1.3394535937406422,0.372993533646102,0.3078021348484706,0.48359728117420375,0.0015101259999999203
8.404,1.5640376308274677,1.3400692605901408,0.37315337220721306,0.30786471464988885,0.4837603970108264,0.0015086809999999198
8.406,1.5647839970172508,1.34068513172505,0.3732128175756878,0.30800642025930963,0.48389643739517046,0.001517888999999923
8.408,1.565530451512344,1.341301237854519,0.3732416775180386,0.30809970920987145,0.48397807868919734,0.0015260309999999184
8.41,1.566277006769038,1.3419175071633684,0.3733135791755548,0.3081695996392459,0.4840780211274587,0.0015235199999999174
8.412,1.5670236500698596,1.342533839159228,0.3733297216458375,0.3081623962201285,0.4840858844340433,0.0015380539999999224
8.414,1.5677702842628884,1.3431500850166738,0.3733044713834335,0.3080834612259385,0.4840161644364979,0.0015589799999999106
8.416,1.5685169990051497,1.3437661889518835,0.3734102708776262,0.308020473983678,0.4840576853950692,0.0015777749999999172
8.418,1.5692639289922836,1.3443822028041523,0.37351971625667146,0.30799337828554557,0.4841248800673309,0.0015795249999999161
8.42,1.570011034796263,1.3449981643286886,0.37358608772247703,0.30796814625044794,0.4841600397024971,0.0015684919999999125
8.422,1.5707583074004157,1.3456140466178255,0.37368651642980744,0.3079141428861506,0.48420319283412155,0.0015595899999999096
8.424,1.5715057305887272,1.3462298102095205,0.3737366718822148,0.3078494488092527,0.48420076728744965,0.0015506879999999147
8.426,1.5722533277421278,1.346845485581474,0.3738604815180293,0.3078259231439433,0.48428138370198953,0.0015471119999999133
8.428,1.5730011959602834,1.3474611856606051,0.37400773663734305,0.3078741559870171,0.4844257249458438,0.001555253999999916
8.43,1.573749374789513,1.348076948076723,0.37417109259259096,0.30788826013122583,0.4845608189469787,0.001562330999999912
8.432,1.57449784092717,1.3486927926084078,0.3742950450641105,0.3079562715533724,0.4846997482448273,0.0015630159999999124
8.435,1.5756207671023283,1.3496170813578818,0.3743224050414068,0.3082362280959415,0.48489878864232716,0.0015656409999999124
8.437,1.576369507298569,1.3502337187932432,0.374417791199621,0.30840120726580955,0.4850773000355838,0.0015620649999999146
8.439,1.5771185313931786,1.3508505532212758,0.37460630340971046,0.3084332207665801,0.48524317020101787,0.0015627499999999147
8.441,1.5778678518336362,1.3514675110334975,0.3747141370477418,0.30852459145501676,0.4853844950510047,0.0015453249999999089
8.443,1.5786172553085636,1.3520847738445183,0.3746893378801305,0.30873821956617464,0.48550117213240795,0.0015300309999999177
8.445,1.579366611027911,1.3527024962160044,0.3746663814670949,0.3089841519195909,0.4856398908029647,0.0015381729999999199
8.447,1.5801159586515823,1.3533207911633587,0.37468124220454574,0.3093107954350664,0.48585924034911077,0.001539922999999919
8.449,1.5808654237744146,1.353939627980668,0.37478388062755424,0.30952602187391687,0.4860754215091947,0.0015374119999999182
8.451,1.581615136871029,1.3545586474936524,0.3749292159864867,0.30949349111033575,0.4861667800661673,0.0015231829999999135
8.453,1.582365113716737,1.3551776037832965,0.3750476297220256,0.30946279853415204,0.48623857131731,0.00151108499999992
8.455,1.5831152090655944,1.3557965886101817,0.37504771913529716,0.30952202835089676,0.4862763387859233,0.0014947259999999146
8.457,1.58386516810995,1.3564156436387071,0.3749113252201557,0.3095330001742696,0.486178136052227,0.0014645179999999045
8.459,1.5846149978613568,1.3570346557823858,0.3749184261870016,0.3094791435048148,0.48614932537134303,0.001467332999999903
8.461,1.5853649459381247,1.3576535744183222,0.37502965058061905,0.30943949243135394,0.4862098706225483,0.0014903879999999107
8.463,1.586114965882527,1.358272541411071,0.37499029382211657,0.30952750031784043,0.48623553337226194,0.0014921379999999096
8.465,1.5868649017932384,1.358891727504756,0.37494561688889905,0.30965859336703166,0.4862845464028708,0.001484300999999907
8.467,1.5876148542388808,1.3595111702430434,0.3750068287533222,0.3097841449201621,0.4864116960513383,0.001475398999999904
8.469,1.5883648987063366,1.3601309395136452,0.3750376387027484,0.309985125681957,0.48656346820100654,0.0014782149999999024
8.471,1.5891150691946239,1.3607509652661747,0.37513284958437826,0.310040626847326,0.48667221528784504,0.0014693129999998995
8.473,1.589865564460794,1.361370925929783,0.37536241658543723,0.309920036760866,0.486772403665939,0.0014444319999998912
8.475,1.5906164508500318,1.3619907783339136,0.3755239726526894,0.30993236736991475,0.48690484325007244,0.0014461829999998903
8.477,1.591367619050855,1.3626106428940814,0.3756442281703161,0.30993219279779116,0.48699748489095884,0.0014532599999998927
8.479,1.5921190940272694,1.3632304064971401,0.375830748244432,0.3098314102613514,0.48707725681919034,0.0014464879999998965
8.481,1.5928709314723761,1.3638501049613123,0.3760066968620172,0.30986705391055275,0.48723569982534154,0.001445041999999896
8.483,1.5936229951211731,1.3644698372008792,0.37605695193463096,0.30986518565617066,0.48727329536934244,0.0014254869999998894
8.485,1.5943751447251762,1.3650894293164046,0.3760926520688578,0.30972692986954337,0.4872129452576152,0.0014219109999998912
8.487,1.5951273533513768,1.3657088759632408,0.37611597413159764,0.30971971696625367,0.48722636327955093,0.001405550999999886
8.489,1.5958794956738651,1.3663284016741557,0.37602634835655785,0.30980599394859737,0.4872120365352705,0.0013369929999998633
8.491,1.5966314282699487,1.3669481322826156,0.3759062477274753,0.3099246145116556,0.4871948006298387,0.0013089159999998788
8.493,1.5973831760634454,1.3675679169811625,0.37584154576887996,0.3098600840351589,0.48710382795069146,0.001319188999999882
8.495,1.598134959507184,1.3681875149642473,0.3759418979702472,0.30973789904986393,0.4871035585553604,0.0013358529999998728
8.498,1.5992632015118418,1.369116990607741,0.3762194384681785,0.30991252994582885,0.48742880721058723,0.0013288914999998727
8.5,1.600015830903583,1.3697370128539124,0.37640995327282367,0.31010971622532296,0.48770122925844633,0.0012944234999998612
8.502,1.6007687064770897,1.3703572519580978,0.3764656202336343,0.3101293879598896,0.4877567021520777,0.0012887174999998596
8.504,1.6015216718536485,1.3709775358185254,0.37649975632555166,0.31015447246815375,0.48779899887678996,0.0012957944999998556
8.506,1.6022748278599588,1.3715981084089865,0.3766562499845423,0.31041811799270547,0.48808742928962146,0.0012826314999998512
8.508,1.6030282913084004,1.372219084451574,0.37680719845754107,0.31055792459504933,0.48829283154497066,0.001281186499999852
8.51,1.6037819901989359,1.3728403060897256,0.3768916920775897,0.3106637135564117,0.4884253171957499,0.0012733494999998493
8.512,1.6045358062072401,1.3734618847579882,0.37692431622637357,0.3109149547060857,0.4886103245149519,0.0012431414999998392
8.514,1.6052897016672507,1.3740838438407859,0.3769711437845794,0.31104412809179366,0.4887286495251104,0.0012267824999998484
8.516,1.6060436834195508,1.3747059141004494,0.3770106085152055,0.3110261315714338,0.4887476377981753,0.0012370554999998516
8.518,1.6067977460813907,1.3753280973382633,0.37705205332439395,0.31115710624233617,0.48886296206733243,0.001242001499999853
8.52,1.6075519382752435,1.3759505227235094,0.37714014052872924,0.311268279004127,0.4890016637110969,0.0012405554999998542
8.522,1.6083063297353655,1.376572976578959,0.3772513195931406,0.31118557644518163,0.48903478518637705,0.0012508274999998574
8.524,1.6090609132100504,1.3771953996813864,0.37733215509216844,0.31123752598259913,0.4891302003007679,0.0012664264999998486
8.526,1.60981561530247,1.3778179464801776,0.37736993732732904,0.31130927280836784,0.4892050009299854,0.001296939499999859
8.528,1.610570405435501,1.3784405667554678,0.3774201957034335,0.3113110024814848,0.4892448716040313,0.0013008204999998604
8.53,1.6113253231596998,1.3790633071210336,0.3774975284958513,0.31142936308472396,0.48937984450918376,0.001298309499999862
8.532,1.6120803974402333,1.3796863559994283,0.37757675203749363,0.3116195153096748,0.48956197360601816,0.001325625499999871
8.534,1.6128355996772834,1.3803097995805624,0.377625485012341,0.31182406582424343,0.48972977748751184,0.0013327014999998735
8.536,1.613590917432157,1.380933731214459,0.37769226986165527,0.3121075680725598,0.4899618196976342,0.001315276499999883
8.538,1.6143463274776573,1.3815582334973275,0.3777177756384033,0.3123947147959268,0.4901644375774844,0.0013159614999998831
8.54,1.615101870712924,1.3821830191913835,0.37782545962878017,0.3123909792604112,0.49024504267455643,0.001343278499999868
8.542,1.6158578013148068,1.3828075674355813,0.378105142253598,0.31215726493714885,0.4903117953421628,0.0013748564999998786
8.544,1.616614174881737,1.3834318440475164,0.37826842467633615,0.31211934699779936,0.4904135885938008,0.0013925854999998844
8.546,1.617370651013043,1.3840563053890822,0.3782077066300057,0.31234199456837364,0.49050850239856025,0.001378356499999892
8.548,1.6181270128002578,1.3846811491968185,0.37815408058452793,0.3125018131676317,0.49056894713769544,0.0013609324999998864
8.55,1.618883460916881,1.3853061203236459,0.3782940360382704,0.3124693136595139,0.490656141998622,0.0013701404999998895
8.552,1.6196402034387596,1.385931125149426,0.3784484858407566,0.3125355121208385,0.4908173823040461,0.0013697604999998898
8.554,1.6203971904665615,1.386556425795501,0.37853854196093417,0.3127651339540414,0.49103305058539526,0.0013480744999998827
8.556,1.62115431612396,1.3871820385620273,0.37858711543811063,0.31284763257267,0.49112304484932656,0.0013413024999998863
8.558,1.6219115245671822,1.3878078145500754,0.37862132778378343,0.312928355475255,0.4912008403018085,0.001350509499999889
8.56,1.6226688463168661,1.3884337591040816,0.37870042189981984,0.313016198530833,0.49131776895385676,0.0013341504999998838
8.562,1.6234263962719786,1.389059893610335,0.37884953321308934,0.31311830772302873,0.49149775528186185,0.0013337704999998841
8.564,1.6241842967095428,1.3896863848251801,0.37905090435080285,0.31337290712190674,0.49181517565768207,0.0013760004999998983
8.567,1.6253217847823,1.3906266242384189,0.37927447748737964,0.3134533683706091,0.4920387621074234,0.0013786254999998983
8.569,1.626080303307902,1.3912535902487262,0.3792440481144622,0.3135126419365289,0.492053071003796,0.0013857024999999008
8.571,1.6268387933329516,1.3918807124529313,0.379245976935514,0.31360956226893494,0.4921163160963934,0.0013991714999998933
8.573,1.6275974862689215,1.3925079007845327,0.37944695903414144,0.31357876933230344,0.49225160161874476,0.0013966614999998924
8.575,1.628356620713906,1.3931350687547561,0.37968748595074725,0.3135892008914245,0.49244367586894755,0.0014175874999998808
8.577,1.6291160981577208,1.393762361883748,0.3797899578639268,0.3137039281002908,0.4925957435868033,0.0014374474999998875
8.579,1.6298757769897856,1.3943899078038189,0.37988887420054984,0.313841991970255,0.49275993411114377,0.0014296104999998848
8.581,1.6306356857725308,1.395017596985916,0.38001990854517426,0.3138471901272025,0.4928642710132507,0.0013962074999999032
8.583,1.631395788566354,1.3956454043560933,0.3800828852776236,0.3139601800499378,0.4929847810409086,0.0013809134999998981
8.585,1.6321560998525324,1.3962734196419309,0.38022840090059634,0.31405510578744383,0.4931574254967547,0.001395446499999903
8.587,1.6329167503837994,1.3969014470164383,0.38042213036686484,0.3139722687202396,0.4932540752981147,0.0014227624999998878
8.589,1.6336777739870405,1.3975292907837997,0.380601472874031,0.3138714986409717,0.49332828705945014,0.001444752499999895
8.591,1.6344390703922276,1.3981571215941857,0.3806949323134162,0.31395931174541547,0.4934562603927237,0.0014411764999998976
8.593,1.6352004909715903,1.3987851801735642,0.3807256470491076,0.31409926763292173,0.49356901062414715,0.0014407964999998972
8.595,1.6359620482314827,1.3994134252221349,0.38083161284312317,0.3141457809375356,0.49368035105880864,0.0014531994999999014
8.597,1.6367238839215785,1.4000418242253472,0.3810040772531007,0.3142532222751065,0.49388176175454607,0.0014549494999999
8.599,1.6374860590720375,1.4006703806831828,0.3811710732056486,0.3143032355602615,0.49404241815090655,0.0014524384999998995
8.601,1.6382485574085266,1.4012990120561446,0.38132726328312533,0.31432813740120175,0.4941787730013368,0.0014435364999998966
8.603,1.6390113789648462,1.4019277416784817,0.38149429303690774,0.31440148493625325,0.4943543155974782,0.001459135499999888
8.605,1.639774511030793,1.4025564708482183,0.38163777290983636,0.3143276848001762,0.4944181258241032,0.0014726034999998925
8.607,1.6405378903314174,1.4031848891415677,0.3817415277148971,0.3140906085495672,0.49434755421782056,0.001457309499999901
8.609,1.6413014686034195,1.403813131245034,0.38183674428689607,0.31415149491650124,0.494459766862673,0.0014558644999999005
8.611,1.642065160440515,1.4044417070290762,0.38185509280839197,0.3144242891255183,0.4946472940346416,0.0014810514999999088
8.613,1.6428289176121864,1.405070769125317,0.3819020788635514,0.3146378071156159,0.49481930793656964,0.001504107499999896
8.615,1.6435928279402434,1.4057002258621838,0.3820082491932303,0.31481892975091935,0.49501642496102227,0.0015005314999998948
8.617,1.6443568839615732,1.406329886996403,0.38204777213633917,0.3148422044680344,0.4950617273720841,0.001501216499999895
8.619,1.6451209901620374,1.4069594960051668,0.3820584283283069,0.314766804296096,0.49502200329225043,0.0015178804999998858
8.621,1.6458852415634357,1.407588982739677,0.3821929730697584,0.31471993021387556,0.4950960544558276,0.0015473274999998957
8.623,1.646649812451223,1.4082184671855396,0.3823779147178087,0.31476451564903474,0.49526717029872996,0.0015554694999998912
8.625,1.6474146974268644,1.4088479403761696,0.38250706092331144,0.314708674980828,0.49533140599438913,0.0015380454999998853
8.627,1.6481797851341906,1.4094773540229493,0.3825806464025672,0.3147049717986717,0.495385880174848,0.0015483184999998886
8.629,1.6489449467580382,1.4101069757602875,0.38258097744545566,0.31491676553993153,0.495520709477669,0.0015777664999998722
8.631,1.6497102202072622,1.4107369437303097,0.38269247177827015,0.3150512044819436,0.495692232540803,0.0015805824999998732
8.633,1.6504757344185848,1.4113670692681437,0.3828217395447502,0.31507433335233215,0.49580673634540817,0.001571680499999878
8.636,1.6516244782454261,1.4123122635538037,0.3830074783495202,0.3150551904209937,0.49593800165229,0.0016030679999998792
8.638,1.6523906782238607,1.4129424669710995,0.38319250008465683,0.3151482268746107,0.49613999740329423,0.0016165359999998838
8.64,1.6531572214958958,1.4135729641959622,0.38335077195027517,0.31534899798790256,0.49638977113438393,0.0016076339999998809
8.642,1.6539241516925143,1.4142041015697657,0.3835794246685265,0.3157883758159998,0.49684552260188974,0.0016019279999998843
8.644,1.6546915098069483,1.4148357031294376,0.38377868976517854,0.31581318385572427,0.4970151404283039,0.0016175269999998893
8.646,1.6554592747713808,1.4154669468495695,0.38398627466699453,0.31543053627604095,0.4969324726238238,0.0016384519999998962
8.648,1.6562274804251986,1.4160976675401917,0.3842193791512085,0.31529015434656615,0.4970235535095109,0.0016359409999998976
8.65,1.656996035992237,1.4167283338116599,0.384336187886912,0.31537611712133373,0.4971683825123767,0.0016419519999998995
8.652,1.6577647914545648,1.417359401806864,0.38441927444111307,0.31569187808312915,0.4974329507074145,0.0016671379999998856
8.654,1.6585337952496548,1.417990857080842,0.38458452064866827,0.3157633958945665,0.4976060446873959,0.0016816709999998905
8.656,1.6593031401891913,1.4186223853727375,0.3847604188875547,0.3157648960008351,0.49774295523788664,0.0016642459999998847
8.658,1.6600727006955651,1.419254024585546,0.38480008748670447,0.3158743168080849,0.4978430388674223,0.0016382989999998991
8.66,1.6608422991370795,1.4198858109141947,0.384798354027432,0.31591201184035717,0.4978656168960083,0.0016251349999998948
8.662,1.6616119174353985,1.420517667210973,0.38481994429140737,0.31594428493765836,0.4979027823874959,0.0016119709999998905
8.664,1.662381557511578,1.4211496724476471,0.38482013188848535,0.316060951736843,0.49797696645474504,0.001607328999999893
8.666,1.6631513182425641,1.4217819251846866,0.3849405990974583,0.3161917853023424,0.49815309888245474,0.0015994919999998904
8.668,1.6639212801754502,1.4224142870888592,0.3850213337889597,0.3161701188706151,0.4982017377923208,0.0016140259999998824
8.67,1.6646913354810184,1.4230466721778834,0.3850339717791293,0.316214970153381,0.4982399690642201,0.0016200369999998844
8.672,1.665461529376906,1.4236792957626963,0.3851599241081149,0.3164086146593327,0.4984602076089995,0.001583436999999872
8.674,1.6662319104439745,1.4243122349462076,0.38522114296077714,0.31653056885243136,0.498584927572075,0.0015702729999998795
8.676,1.667002363372581,1.424945217091827,0.3852317856455821,0.3164515767668728,0.49854300627922127,0.0015922629999998868
8.678,1.6677729167230488,1.4255781434359611,0.38532156482191116,0.3164747673669234,0.4986271018474172,0.0015854909999998845
8.68,1.6685436335263228,1.4262111449048465,0.38539523845247786,0.3165267015187819,0.49871699649821677,0.001556348999999901
8.682,1.6693145193004035,1.4268443058507898,0.38549053562788826,0.31663424442442145,0.4988588956818355,0.001565556999999904
8.684,1.6700856983860384,1.4274779401811768,0.3856885500073079,0.31700008596295604,0.49924414078410695,0.0015950049999998875
8.686,1.6708572930275738,1.4281121661574268,0.38590609152784083,0.31722589028680187,0.4995555794369114,0.0016201919999998958
8.688,1.6716292847711092,1.4287466625186398,0.3860856520072924,0.31727047092611566,0.49972260545984437,0.0016283339999998985
8.69,1.6724015907702856,1.4293812517025495,0.38622034716967063,0.3173187129839111,0.49985730181485466,0.0016375409999998933
8.692,1.6731740369142538,1.4300159286079113,0.386225796798213,0.3173581923775614,0.4998865755164543,0.0016414219999998946
8.694,1.6739463520745748,1.4306506308575488,0.3860893635225401,0.31734405725987275,0.49977219540846557,0.0016261279999998895
8.696,1.6747184965866633,1.4312852490280625,0.38605514856635686,0.3172741132541736,0.49970135148487843,0.001612964999999897
8.698,1.6754906609611007,1.43191993896137,0.38610922587068447,0.317415820052986,0.499833109269853,0.0016211069999998995
8.701,1.676648997429426,1.4328726266007827,0.3861150863461923,0.31770927288893547,0.5000240414057544,0.0016397114999999
8.703,1.6774212151083054,1.4335080882441364,0.3861025925335979,0.31775237046506777,0.5000417791518377,0.0016308094999999052
8.705,1.6781934276423378,1.4341436970752754,0.3861099414985277,0.31785646067362666,0.500113603610181,0.0016155154999999
8.707,1.6789656996296782,1.4347794422200244,0.38616204584173536,0.3178886840750214,0.5001743107273936,0.0016044824999998965
8.709,1.67973812779255,1.435415199678197,0.38626611703048813,0.3178687740978663,0.500242012142414,0.0015859924999999065
8.711,1.6805108090623644,1.436050976478699,0.3864151527836903,0.3179080264040672,0.5003820376002438,0.001568567499999901
8.713,1.6812837202635957,1.4366868731737377,0.38649604844818247,0.3179886686350021,0.5004957430851146,0.0015703174999998999
8.715,1.6820567250573895,1.4373229348499155,0.38650874534517404,0.3180730075426941,0.5005591357227989,0.0015805904999999032
8.717,1.6828297929407252,1.4379591669391467,0.38655913799036673,0.31815908168841806,0.5006527423520947,0.0015929944999999073
8.719,1.6836030099658164,1.4385955046885637,0.3866578871012493,0.3181786677289294,0.500741436527235,0.0016022024999999022
8.721,1.6843764694011951,1.4392319066664534,0.38680154827730256,0.3182233101606201,0.5008807371813181,0.0015943654999998995
8.723,1.6851502415141744,1.43986854148005,0.38697056470165386,0.3184115034357512,0.5011308247012274,0.0015790714999998942
8.725,1.6859243461974152,1.4405055042289256,0.38713411853955654,0.31855124544024394,0.5013459102345704,0.0015776264999998952
8.727,1.686698743726749,1.441142646003492,0.38726341079411214,0.31859052912586244,0.5014707115959877,0.0015836384999998972
8.729,1.6874733529971093,1.4417797551368041,0.38734585956654055,0.3185186041867008,0.5014886999089674,0.0015992374999998886
8.731,1.6882480536597066,1.4424167725878558,0.38735480303052033,0.31849884686486585,0.5014830594198197,0.0015999224999998889
8.733,1.6890228227565165,1.44305393352073,0.38741429377905,0.31866208600899854,0.5016326943929457,0.0015835634999998834
8.735,1.6897978023755216,1.4436914225804987,0.38756532522645404,0.31882697376002844,0.5018540828914965,0.0015991624999998745
8.737,1.690573098392074,1.4443292234404488,0.38773069132554216,0.3189738861898523,0.5020751229316581,0.0016392624999998881
8.739,1.6913487036275536,1.4449673307204087,0.3878745441538152,0.3191333937698179,0.5022875521268386,0.0016527304999998924
8.741,1.6921246214045607,1.445605579280741,0.3880432328536698,0.31911516656269157,0.5024062500545369,0.001647023499999896
8.743,1.6929007903786328,1.4462437753751582,0.388125741218139,0.31908092785444886,0.5024482356587451,0.0016562304999998988
8.745,1.6936770223155164,1.4468820557252655,0.38810619566584115,0.3191994222532528,0.5025083982193955,0.0016814164999998846
8.747,1.6944533426382755,1.4475205961833157,0.3882141270929801,0.3193410357967989,0.5026817140282078,0.0016831664999998855
8.749,1.6952299758195475,1.4481594645793376,0.388419054178702,0.31952736022496675,0.5029583437834719,0.0016529584999998754
8.751,1.6960069041060368,1.4487987847917365,0.38850923231098505,0.31979285217419484,0.5031966731732012,0.0016248814999998908
8.753,1.696783922674877,1.4494384333172443,0.38850933652903313,0.31985567333349435,0.5032366802349095,0.0016053264999998846
8.755,1.6975609842403823,1.4500780297223985,0.38855222897598435,0.31974073182056795,0.503196751010336,0.00162199049999989
8.757,1.6983380383639486,1.4507174628053288,0.3885018945907985,0.31969235110995586,0.5031271424390172,0.001618414499999892
8.759,1.699114880478213,1.4513567616107605,0.3883402196734555,0.3196064543216687,0.5029477227904472,0.0015647704999998742
8.761,1.6998915088324993,1.45199595306244,0.38828813461329925,0.3195849973581087,0.5028938715254521,0.001545215499999885
8.764,1.7010563933149774,1.4529546353305893,0.38830152037205085,0.319536514741453,0.5028733985570931,0.0015494394999998851
8.766,1.701833014289349,1.4535936993586502,0.38831945399918344,0.31952751331926266,0.5028815269247972,0.0015394724999998818
8.768,1.7026097233847186,1.4542328763285663,0.38838964137021864,0.3196494565966273,0.503013209196544,0.00153376649999988
8.77,1.7033865675201023,1.4548723295004842,0.38845449401394344,0.319803715321573,0.5031613163321585,0.0015333864999998803
8.772,1.7041636075838684,1.4555119690379492,0.38858556975184744,0.3198358221432851,0.5032829205779181,0.0015255494999998776
8.774,1.7049408919613762,1.4561517446113823,0.388698807756457,0.31993975129010377,0.5034363987703556,0.001541148499999869
8.776,1.7057183688728446,1.4567918321957198,0.3887781037117022,0.3201478330471556,0.5036298729528029,0.0015610084999998757
8.778,1.706496061588161,1.4574321904699046,0.3889146116045499,0.3202104411373567,0.5037750507249227,0.0015595624999998755
8.78,1.7072740543164597,1.458072720582985,0.38907811669458275,0.3203196719435576,0.5039707066136203,0.0015740954999998672
8.782,1.7080523939616696,1.4587135714301214,0.3892615285150772,0.3205311751924748,0.5042467370763675,0.0015992814999998756
8.784,1.7088310499264627,1.4593546892081568,0.3893944362778084,0.3205866028427081,0.5043845724507645,0.0016202064999998825
8.786,1.7096098980542123,1.459995876676575,0.3894536914720728,0.32060086557582523,0.5044393846729187,0.001635805499999874
8.788,1.7103888236435745,1.460637236326156,0.38947189788990144,0.3207587840049592,0.5045538194903512,0.0016258384999998706
8.79,1.711167825170167,1.4612789350824436,0.38952962870294966,0.3209399722829234,0.5047135796136473,0.0016275894999998697
8.792,1.7119469995890464,1.4619209907356259,0.3896447901762386,0.3211156808992234,0.5049141937308327,0.0016655594999998823
8.794,1.7127264618705311,1.4625634551403541,0.38981749130820975,0.3213487238287421,0.5051956837070041,0.0016982024999998933
8.796,1.7135063322796036,1.4632063280861243,0.39005291776476625,0.321524221941675,0.5054889751043112,0.0017010174999998917
8.798,1.7142865962521667,1.463849487543189,0.39021105479812856,0.3216352351228727,0.505681611055033,0.0017006374999998916
8.8,1.7150670652961142,1.4644929158818676,0.3902579891491273,0.3217931035554093,0.5058182475855757,0.0016981274999998907
8.802,1.7158475994825035,1.4651366564165138,0.3902761972405971,0.3219474310910889,0.5059304878327979,0.001672181499999905
8.804,1.7166281934011385,1.4657806965938887,0.39031772139413,0.3220927462836288,0.5060549978439456,0.0016590184999999006
8.806,1.7174089257519343,1.4664248729516953,0.3904146294020909,0.32208361152350723,0.5061239331065045,0.001658638499999901
8.808,1.7181898285631816,1.467069018514834,0.3904881818449203,0.3220619516149756,0.5061668903025942,0.0016454754999998963
8.81,1.7189709092018417,1.4677132481457897,0.39059245681504196,0.32216767934042706,0.5063146066749473,0.001622725499999889
8.812,1.7197521981730994,1.4683575564125142,0.39069651444306147,0.32214058738435786,0.5063776500185375,0.001629802499999885
8.814,1.720533608895787,1.4690016831999382,0.390714208244237,0.3219862000394713,0.5062931024019383,0.0016635104999998963
8.816,1.7213151108118887,1.4696456016308739,0.39078770785713246,0.32193223089605477,0.506315508257393,0.0016759134999999004
8.818,1.7220967473212743,1.4702895072722504,0.39084880152884605,0.3219734104807192,0.5063888453679849,0.0016520974999999136
8.82,1.7228785293960394,1.4709335221585018,0.3909332732360401,0.3220414757705994,0.5064973210586112,0.0016549124999999144
8.822,1.7236605269889773,1.471577617457022,0.3910643197024068,0.3220538227500322,0.5066063233835671,0.0016587924999999124
8.824,1.7244427416585997,1.4722216495772888,0.39115034991963177,0.32197829751655466,0.5066247332236251,0.0016221924999999
8.826,1.725225078408112,1.4728657012428275,0.39118639959234386,0.3220733680217503,0.5067129893883664,0.0016026374999998933
8.828,1.7260074892225388,1.4735100489441255,0.3912244148349066,0.32227433327663624,0.5068700905082243,0.0016043884999998924
8.83,1.726790079942001,1.474154656613526,0.3913663046270183,0.32233333612362075,0.5070171239455243,0.0016104004999998945
8.833,1.7279643968283178,1.4751215916552898,0.3915116195841878,0.322290025052281,0.5071017733331581,0.0016098304999998944
8.835,1.7287474200040511,1.4757661322174456,0.3915115561489347,0.3222505371032338,0.5070766285892924,0.001603058499999892
8.837,1.7295305438321964,1.4764107605662566,0.39161227199670273,0.32237781170820284,0.5072352758436552,0.0015941564999998967
8.839,1.7303139464624648,1.4770557635983663,0.3917903582715654,0.3226252204012961,0.5075300165246844,0.0015905804999998957
8.841,1.7310976636744992,1.477701067668152,0.39192685376318787,0.3226788493847265,0.5076694776534849,0.001590199499999896
8.843,1.7318816787923212,1.4783463443399656,0.3920882640586188,0.3225978224287768,0.5077426137801414,0.0015919494999998966
8.845,1.7326660184325895,1.4789914015180299,0.3922513762093468,0.32245935563518935,0.5077806398187982,0.0016075484999999018
8.847,1.7334506428997465,1.4796361118259613,0.3923730909480701,0.3222509522966611,0.5077423743949755,0.001630604499999889
8.849,1.7342356167954542,1.480280469765915,0.39260080475932796,0.3221069876569578,0.5078270408270039,0.0016493994999998954
8.851,1.7350210353910314,1.480924566717032,0.3928177908175841,0.3219899634597202,0.5079206171751637,0.0016522154999998964
8.853,1.7358068305967493,1.4815684745877942,0.39297741490083965,0.3219179073025992,0.5079984130528672,0.001636921499999905
8.855,1.7365929524766308,1.4822123873082813,0.39314446498041095,0.3219948131843351,0.5081763769227653,0.0016503894999999095
8.857,1.7373793565189002,1.482856520332072,0.393259577289423,0.32213821060682896,0.5083562942099029,0.0016990114999998823
8.859,1.7381659765624768,1.483501017350888,0.3933604662870085,0.3223588082088776,0.5085741417604523,0.001706088499999885
8.861,1.738952843170649,1.4841459052314931,0.39350614188469224,0.32252907239614464,0.5087947388109404,0.0017014474999998833
8.863,1.739740002600451,1.4847909433817208,0.3936532879177797,0.32250907783192606,0.5088958796968961,0.0017053284999998812
8.865,1.7405273557940801,1.485435932739868,0.39369990571098284,0.32248028031506604,0.5089136930255663,0.0016921654999998768
8.867,1.7413147592379061,1.4860809184224038,0.3937035381147398,0.3225054022203866,0.5089324222187045,0.001683263499999874
8.869,1.7421022146767753,1.4867258699146193,0.3937519007548601,0.32244608999561436,0.5089322551199963,0.001677557499999877
8.871,1.7428897596006534,1.4873706668974895,0.39379302312302034,0.32235089287451146,0.5089037661457836,0.001677177499999877
8.873,1.7436774337178527,1.4880154421259646,0.39388109407672217,0.3224243356010113,0.5090184362661427,0.001673601499999879
8.875,1.7444653648781931,1.4886604430798214,0.39405006626348166,0.3225766182555213,0.5092456473720935,0.0016572424999998735
8.877,1.7452536106043817,1.4893057217155765,0.39419565992476296,0.32270201749933713,0.509437739475259,0.0016664494999998765
8.879,1.7460421421602903,1.4899512655141165,0.39433589598429836,0.3228417810410369,0.5096347853585822,0.0017086794999998532
8.881,1.7468309899105345,1.490596984673199,0.39451185425961993,0.32287737804120425,0.5097934919181749,0.0017029724999998513
8.883,1.7476202019261828,1.4912426475727518,0.3947001613892086,0.3227855215119787,0.5098810746619523,0.0016631774999998734
8.885,1.748409722435667,1.4918881771349253,0.39482034809467476,0.3227440406612886,0.509947863072271,0.0016340354999998636
8.887,1.7491994870566963,1.4925337134763066,0.3949442729343818,0.3227923007198144,0.510074355489137,0.0016283294999998618
8.889,1.7499895480162253,1.4931793624112821,0.39511668659516236,0.3228566342561115,0.5102485691397128,0.0016492554999998502
8.891,1.7507799590068704,1.4938250305154415,0.3952943040496696,0.32281146990299764,0.5103575530106775,0.0016531364999998516
8.893,1.7515706446035695,1.4944706927829452,0.3953912926490049,0.3228507976005155,0.5104575514319873,0.0016570174999998531
8.895,1.7523615207815157,1.495116550377215,0.3954848852976513,0.3230067966697605,0.510628715598483,0.0016577034999998525
8.897,1.7531525337416447,1.4957626321033188,0.3955280748310714,0.3230749294339015,0.5107052653030846,0.001641344499999847
8.899,1.7539435002413204,1.4964088395448196,0.3954384248451686,0.3231325120672133,0.5106722708341386,0.0016281804999998544
8.902,1.7551298845353083,1.4973784631262728,0.39548443781338244,0.3232832089015749,0.5108032632141913,0.0016100334999998537
8.904,1.755921113711347,1.498025056049664,0.39574473822506806,0.32330971448945944,0.511021593786489,0.0016011314999998508
8.906,1.7567127717328401,1.4986715675157218,0.39591328326763847,0.3232017515683083,0.5110838483894633,0.0016060774999998523
8.908,1.7575045750549545,1.4993180249023872,0.395890038847136,0.32325563509738703,0.5110999202510228,0.0016238064999998425
8.91,1.7582963769153042,1.4999646869083694,0.39591182150230453,0.3234063708845887,0.5112121390714551,0.0015904024999998313
8.912,1.759088258099796,1.500611567767169,0.395969362989136,0.32347448791484296,0.5112997953821143,0.0015048004999998028
8.914,1.7598802489731582,1.5012585812812054,0.39602151037353883,0.3235390261219444,0.5113810106979679,0.0014788534999998172
8.916,1.7606724105265132,1.5019057076198408,0.3961400429812868,0.32358731251325595,0.5115033552898429,0.0014827344999998186
8.918,1.761464855500401,1.502552716874091,0.39630493090692553,0.32342194173745253,0.5115264906711745,0.0014557224999998332
8.92,1.762257466948635,1.503199417165878,0.3963065173266973,0.32327835004915934,0.5114369436070517,0.0014670594999998373
8.922,1.7630499436913043,1.5038460530434716,0.39617022534221585,0.32335752754423297,0.5113814017611723,0.0015178114999998542
8.924,1.7638422877560123,1.5044927842455906,0.3961738393662598,0.3233736745751219,0.5113944117864604,0.0015387364999998427
8.926,1.7646347161649694,1.5051395063424156,0.39625456959055794,0.3233484222496668,0.5114409898441336,0.0015468784999998456
8.928,1.7654271556502403,1.5057864276535633,0.3961849156801365,0.3235728888977952,0.5115289843617288,0.0015422374999998437
8.93,1.7662195258024775,1.5064337816351319,0.39618523655743,0.32378109267101907,0.5116609596571794,0.0015546404999998368
8.932,1.767012054166522,1.5070813076722858,0.3963431274867712,0.32374494448272784,0.5117603577692585,0.0016139144999998566
8.934,1.7678049448985447,1.5077287128692356,0.3965476045363457,0.32366025246746083,0.5118651792130565,0.0016369694999998439
8.936,1.7685982519048113,1.5083760348230508,0.39675940173000396,0.32366170134744404,0.5120301942076002,0.0016301974999998416
8.938,1.7693919285545614,1.5090232951472924,0.3969172480197012,0.32359862289393476,0.5121126541244455,0.0016308824999998418
8.94,1.7701859047345545,1.5096704239564984,0.397058931973767,0.32353018631237185,0.5121792429564738,0.0016368934999998386
8.942,1.7709801430859102,1.5103176259274285,0.39717941938161383,0.3236717846174377,0.5123620939704193,0.001630121499999836
8.944,1.7717746026921355,1.510965127281807,0.39728018684348,0.3238295697608198,0.5125398883110153,0.0016063054999998284
8.946,1.7725692942780398,1.5116129028767424,0.39741139906132666,0.3239460251749355,0.5127151717381894,0.0016059254999998287
8.948,1.773364108231235,1.5122608757111318,0.39740255413374975,0.3240268092140892,0.5127593618077505,0.0016140674999998313
8.95,1.774158855984706,1.5129089796781432,0.3973451993375793,0.3240771577976069,0.5127467324545283,0.0016158174999998302
8.952,1.7749536702145676,1.5135571248177953,0.39746903052385557,0.32406798185432784,0.5128369010598892,0.0016250244999998333
8.954,1.77574879129874,1.514205228175299,0.39765205364812256,0.32403537564904417,0.5129581663669919,0.001633166499999836
8.956,1.7765441799586252,1.5148534172496786,0.3977366062376672,0.32415369873100935,0.5130984587215704,0.001634916499999835
8.958,1.7773397626460599,1.5155017172871987,0.39784608119659376,0.324146338788938,0.5131786757784852,0.0016430584999998375
8.96,1.7781357021290265,1.5161497834033213,0.3980934017697057,0.3239197773334068,0.5132274141940395,0.0016490704999998396
8.962,1.778932000007195,1.5167974971336604,0.39820447639936507,0.3237939530060341,0.5132341853654785,0.0016497554999998392
8.965,1.7801265242806108,1.5177686933711956,0.3981450392110918,0.323670205350747,0.5131100019296023,0.0016651634999998398
8.967,1.780922905678282,1.5184159026031037,0.39823635845978195,0.3235390265570735,0.5130981376937619,0.0016701094999998411
8.969,1.7817195094222267,1.5190629804371218,0.39836738548527334,0.3235388074614693,0.5131997016288709,0.001683577499999834
8.971,1.782516226541236,1.5197102339799582,0.3983497335238145,0.3237147353747256,0.5132969317044693,0.0016821314999998335
8.973,1.7833129513122044,1.5203577675118498,0.39837503744427183,0.3238187965166798,0.5133822001552409,0.0016732294999998309
8.975,1.784109882577867,1.5210053491624425,0.39855622821881165,0.32376285407640926,0.5134875390228157,0.001657936499999839
8.977,1.7849072317171362,1.5216527273030804,0.39879291105017045,0.32361528656142,0.513578270179044,0.0016149464999998247
8.979,1.7857049718936566,1.5222999558326664,0.3989472654708313,0.323613243024913,0.5136968480414839,0.001594326499999836
8.981,1.7865029168381423,1.5229472809563493,0.39899767901463573,0.3237118806577487,0.5137981408472035,0.0016024684999998387
8.983,1.7873010504673683,1.5235947457762107,0.39913595021113835,0.3237529392034484,0.5139313887999254,0.001618067499999844
8.985,1.788099566655548,1.5242423643326932,0.3993802379688386,0.3238656172795498,0.5141920969208978,0.0016496454999998264
8.987,1.7888985679734382,1.524890292600626,0.3996210799210815,0.3240626506529351,0.514503264387601,0.0016961374999998422
8.989,1.7896979500983734,1.5255383979203005,0.3997610450138736,0.3240426690214401,0.5145994019206812,0.0017064104999998453
8.991,1.79049749363173,1.5261864275806907,0.3997824883431046,0.32398699136907405,0.5145810029161483,0.0016953774999998517
8.993,1.7912971664468342,1.5268344875323971,0.39989032676093633,0.32407296033720423,0.5147189107257354,0.0017173674999998588
8.995,1.7920970764514559,1.527482703230493,0.4000196778610525,0.32414273775885893,0.5148633382926664,0.001740423499999846
8.997,1.7928971626358285,1.52813108195851,0.4000665065112971,0.32423599025817224,0.5149584323135715,0.0017464354999998483
8.999,1.7936973890949297,1.5287796183904627,0.40015995258959036,0.32430044169424244,0.5150716106907699,0.001767360499999855
9.001,1.7944978777877838,1.529428258461905,0.40032874026498305,0.3243396297484014,0.5152274213466111,0.001774436499999851
9.003,1.7952986376269005,1.530076966256923,0.4004310988513515,0.3243681652692291,0.5153249184421677,0.0017452934999998414
9.005,1.7960995413090661,1.5307258191816124,0.4004725833140752,0.32448475941998695,0.5154305472923542,0.0017353254999998378
9.007,1.7969004364992374,1.5313749503256684,0.4004226068576215,0.3246463846363821,0.515493490880464,0.0017381414999998364
9.009,1.7977011059955865,1.5320243475015503,0.4002468894913357,0.3247507912453317,0.5154227866149871,0.0017271094999998327
9.011,1.7985014634162968,1.5326738798329866,0.40011053121937334,0.32478154019132044,0.5153362844218282,0.0017352514999998282
9.013,1.7993016110232618,1.5333235202210738,0.40003707574528463,0.32485884789565045,0.5153279858759157,0.0017401974999998297
9.015,1.800101654846139,1.5339733438668472,0.4000067471316151,0.3249647978776694,0.5153712425140642,0.0017483394999998323
9.017,1.8009016720146345,1.5346233219171412,0.4000104213641918,0.3250132524166143,0.5154046482584185,0.0017607424999998252
9.019,1.8017017109503417,1.5352734309543254,0.40002851434288766,0.32509578476737305,0.5154707378318308,0.0017518404999998225
9.021,1.8025017661868536,1.5359236243220904,0.40002672216884544,0.32509758299741637,0.5154704811334134,0.001759982499999825
9.023,1.8033018338601916,1.5365737458725897,0.400040951169665,0.3250239675022027,0.5154350997590319,0.0017734504999998176
9.025,1.8041020198516524,1.537223786442932,0.40014504029093645,0.3250166028397167,0.5155112466192229,0.001774135499999818
9.027,1.8049023960290012,1.5378737871879606,0.40023113705821345,0.3249841421894233,0.515557616319947,0.0017535154999998295
9.029,1.8057028724557915,1.538523636985634,0.40024528973197604,0.32486565548372415,0.5154939243730261,0.0017126554999998158
9.032,1.8069037457623276,1.5394983104463837,0.40033691462543086,0.3249166516827522,0.5155972030107809,0.0017120854999998155
9.034,1.807704495378032,1.5401483769528648,0.4004127010785769,0.32514985479806036,0.5158030237021121,0.001734075499999823
9.036,1.8085053979424561,1.540798667554248,0.4004898633461293,0.32514074658552344,0.5158571854042482,0.0017411514999998191
9.038,1.8093065280211411,1.5414487082753319,0.40064021533863475,0.3248999744980624,0.5158222325330978,0.0017194654999998118
9.04,1.8101079983976631,1.5420983248265545,0.40083016118376724,0.3247165767249607,0.5158543140408755,0.0016658214999998415
9.042,1.8109098454316461,1.5427477863885135,0.4010168727990287,0.32474498523375184,0.516017284307398,0.001649462499999836
9.044,1.8117119387450207,1.5433974790822977,0.4010764405752617,0.3249477085502451,0.5161911704752188,0.0016895624999998496
9.046,1.812514040022605,1.5440476348439167,0.4010248370094979,0.32520805306902817,0.5163150178713013,0.0017381844999998224
9.048,1.8133161564658393,1.5446982572426902,0.40109160622458234,0.32541434570423683,0.5164968276513728,0.001756979499999829
9.05,1.8141184817233547,1.5453492292757194,0.40123365129044836,0.3255576873248139,0.516697446001184,0.0017395554999998228
9.052,1.814921060703463,1.5460005742023646,0.40134532881821383,0.32578723932073805,0.5169288135405378,0.001705087499999842
9.054,1.81572390231665,1.5466522579122277,0.4014962843686991,0.32589647054211407,0.5171148575255582,0.0016897934999998369
9.056,1.8165269812683227,1.5473041853226361,0.4015826673044909,0.3260309398665712,0.5172666743853398,0.0017011304999998305
9.058,1.8173302167089855,1.5479563099034737,0.40165277335804767,0.3260936409706961,0.5173606218371635,0.0017103374999998338
9.06,1.8181336480604395,1.5486085920990553,0.4017785780957544,0.32618855461079704,0.5175181146353499,0.0017174144999998362
9.062,1.8189372991448443,1.5492613136627926,0.40187250630948484,0.3265330091269099,0.5178081858921715,0.0017319484999998279
9.064,1.8197410983395184,1.549914573433362,0.40192668836441764,0.32672676144208906,0.5179724311795209,0.0017507434999998346
9.066,1.820545000224431,1.5505680537934103,0.4019751965478709,0.32675359860607567,0.5180270001087973,0.001773799499999842
9.068,1.8213490333383355,1.551221648792562,0.40205791735706936,0.32684140054609034,0.518146571947006,0.0017851374999998358
9.07,1.82215319254049,1.5518754948495215,0.4021012847970221,0.3270046564130337,0.5182832126851323,0.0017719744999998314
9.072,1.8229573989842234,1.5525296656937824,0.4021051589369057,0.3271661878483017,0.5183881492808882,0.0017460284999998457
9.074,1.8237618228050516,1.5531839474412799,0.40231866189096005,0.327115559648917,0.5185218366377223,0.0017381914999998428
9.076,1.8245667147227635,1.5538380183737737,0.40257325582069037,0.3269553728446405,0.5186183974118628,0.0017388764999998433
9.078,1.8253720803620772,1.5544920166859397,0.40279238349333557,0.32704293932177037,0.5188437032098062,0.001748083499999838
9.08,1.8261779022143672,1.5551461954830037,0.403029468796396,0.327135857742081,0.5190863339936356,0.001769008499999845
9.082,1.826983968520474,1.5558005730841145,0.40303683731023315,0.32724174336855755,0.5191587915387047,0.001778215499999848
9.084,1.827789934963367,1.55645531522415,0.4029296055831767,0.32750039666743486,0.5192386511737561,0.0017820954999998458
9.086,1.8285957082921713,1.5571104687342496,0.40284372322079237,0.3276531134318672,0.5192683584429023,0.0017657354999998402
9.088,1.829401424383906,1.5577657336286868,0.4028723685144164,0.3276117810056775,0.519264503279521,0.0017621594999998424
9.09,1.8302072822255073,1.5584209731458782,0.4029854730865725,0.3276277361856112,0.5193623253923191,0.0017532574999998395
9.092,1.831013341398241,1.5590763882074365,0.40307369964691997,0.3277873253725507,0.5195314600887475,0.0017358334999998336
9.094,1.8318195608665764,1.559732120680874,0.40314576868886637,0.32794514806525277,0.5196869547634205,0.001748237499999827
9.096,1.8326258597462444,1.5603881042975758,0.4031531109787441,0.328038468636237,0.5197515442950092,0.0017574454999998298
9.099,1.833835448970096,1.5613725869667727,0.403239704922347,0.32828331082833645,0.5199732606531567,0.0018000184999998317
9.101,1.8346421024308883,1.5620291263504378,0.40341375586962896,0.3282560728365717,0.5200910571995343,0.001818812499999838
9.103,1.8354491091451848,1.562685482017536,0.40359295842729787,0.32809959426197277,0.5201313486485599,0.0018120404999998417
9.105,1.8362564782092854,1.5633417203622892,0.40377610567311023,0.3281387504909965,0.5202981674831607,0.0018116604999998415
9.107,1.8370640898002908,1.5639980803209215,0.4038354853326464,0.32822120814156835,0.5203962535297163,0.00181447649999984
9.109,1.8378717609236266,1.564654607096664,0.4038356380028484,0.3283055676007603,0.5204495828020472,0.0017959874999998338
9.111,1.8386794681201428,1.5653112307313746,0.40387155851314,0.3283180671095307,0.5204853398188761,0.0017956074999998337
9.113,1.839487356547647,1.5659678253219045,0.40401686899147926,0.32827652342079583,0.5205719030632775,0.0018005534999998307
9.115,1.8402955250083166,1.5666244373562868,0.4041515916778005,0.3283355109613568,0.5207136610594684,0.0018033694999998317
9.117,1.8411038141673255,1.5672812914800711,0.4041375673308321,0.3285186128226799,0.5208182526553967,0.0018413394999998445
9.119,1.8419121593410304,1.5679383501142405,0.4042076063745144,0.3285400213471942,0.5208861052838991,0.0018484164999998407
9.121,1.8427206676308951,1.568595291779591,0.40430068348999565,0.3284016440029299,0.5208710804549479,0.001852297499999842
9.123,1.843529261729284,1.569252046620167,0.40429341489928144,0.3283531965733796,0.5208348942139716,0.0018604394999998375
9.125,1.8443378470153433,1.5699088876322664,0.4042918711598308,0.32848781552595835,0.5209185752446666,0.00186751649999984
9.127,1.8451464742660202,1.5705660929258323,0.40433537951672677,0.32871747803961787,0.5210971881498326,0.0018969644999998498
9.129,1.8459552441652907,1.5712237502573707,0.40443451975421,0.32893985349926314,0.521314404164066,0.0019083024999998436
9.131,1.8467642245771045,1.5718816764187344,0.4045458920593101,0.32898630786414274,0.5214301195214402,0.0018844864999998357
9.133,1.8475734384834737,1.572539686496893,0.40466801431027255,0.329023770294901,0.5215485051506626,0.0018787804999998389
9.135,1.8483829487223593,1.5731977911455797,0.404842224575132,0.3290808783915711,0.5217197057059563,0.0018869224999998415
9.137,1.8491928053239568,1.5738558700145115,0.40501437702217385,0.32899799054001283,0.5218010381112957,0.0018737584999998372
9.139,1.850002925542852,1.574513826337135,0.4051058418736425,0.3289583320837617,0.5218470344530887,0.0018744434999998366
9.141,1.850813298806345,1.5751717642322043,0.4052674216190647,0.3289795629853269,0.52198585793849,0.0019081524999998481
9.143,1.8516240094422702,1.575829669176035,0.40544321430591507,0.3289253808452213,0.5220882168665426,0.0019386654999998584
9.145,1.8524349479536848,1.576487535990934,0.4054952971090704,0.3289414340542588,0.5221387775440984,0.0019340244999998609
9.147,1.8532460537449555,1.577145587355651,0.40561049416133804,0.329109930662386,0.5223343942671259,0.0019208614999998567
9.149,1.8540574401636676,1.5778039648482325,0.4057759245511298,0.32926756191950285,0.5225621764706453,0.0019119594999998614
9.151,1.8548690817250606,1.5784624836465413,0.4058656368415493,0.3292512363891744,0.5226215569918604,0.00190838349999986
9.153,1.855680818177422,1.5791208784172115,0.40587081551971244,0.3291435342807921,0.5225577336998156,0.0018920244999998546
9.155,1.8564925882796426,1.579779032612816,0.4058992867012333,0.3290106613241519,0.5224961686075084,0.0018543604999998753
9.157,1.8573044568160622,1.580437034062793,0.4059692497180582,0.3289907886525553,0.5225380088901413,0.0018518494999998746
9.159,1.8581164746652323,1.5810952165180838,0.4060485994518611,0.3291916666381149,0.5227261410153482,0.0018876874999998866
9.161,1.8589286491671346,1.581753666114203,0.4061259024508499,0.3292579294815719,0.5228279188872846,0.0019235254999998667
9.163,1.8597409857189697,1.5824123828352448,0.4062106493840745,0.3294587915598555,0.5230202548746193,0.0019295364999998687
9.166,1.86095951331971,1.5834010945989088,0.4061410844427728,0.32968238421604573,0.5231071161193737,0.001908192999999868
9.168,1.861771775878148,1.5840605294053869,0.40612147399562215,0.3297524222624001,0.5231360354900979,0.0019014209999998716
9.17,1.8625841665983132,1.584720346278154,0.406269246169359,0.3300644505046007,0.5234474585571347,0.0018925189999998687
9.172,1.8633968186170895,1.5853807118871206,0.40638277260661343,0.3303011584617218,0.5236848414386213,0.0019081179999998737
9.174,1.8642097152481578,1.586041346259937,0.4065138584621715,0.33033321435509466,0.5238067865424916,0.0019194559999998675
9.176,1.8650229456916876,1.5867019638371194,0.40671658506732417,0.3302843628271728,0.5239333363100476,0.0019222719999998684
9.178,1.8658365639284737,1.587362632718906,0.40690165171854037,0.33038451895922855,0.5241401382638017,0.0019400019999998746
9.18,1.8666504517403653,1.5880234787729695,0.4069861601735221,0.33046153510441495,0.5242542901649487,0.001944948999999872
9.182,1.8674644455079674,1.5886843551354033,0.4070076074284703,0.33041482732931077,0.5242415002875164,0.0019424389999998712
9.184,1.8682784641922798,1.5893451219629335,0.4070110768844719,0.330352000201221,0.5242045981709861,0.0019047749999998918
9.186,1.869092531075964,1.5900057504962921,0.40705580679939146,0.330276533157139,0.5241917761691824,0.001860718999999877
9.188,1.8699067501754667,1.5906661920812637,0.40716329270306273,0.330165051814184,0.524205025123055,0.001845424999999872
9.19,1.8707212024412654,1.5913265434910955,0.4072889730959958,0.3301863580180065,0.5243160674886723,0.001843979999999873
9.192,1.8715359207458682,1.5919871097937746,0.4074293315065464,0.3303799446608865,0.5245470121981458,0.0018563839999998768
9.194,1.8723508908640116,1.592647962810029,0.40754078663656385,0.33047307159328315,0.5246922372406976,0.001840024999999871
9.196,1.87316604427417,1.5933089321551246,0.40761262352221483,0.33049627350270605,0.5247626488745539,0.0018055559999998903
9.198,1.873981309146733,1.593970001809847,0.40765224904041397,0.3305733812195821,0.5248419919543927,0.0017902619999998852
9.2,1.8747967250229778,1.5946312022206495,0.40776362720473247,0.33062702958322193,0.5249622923241104,0.001773902999999894
9.202,1.8756124569057138,1.5952924630994907,0.407968255530942,0.3306338492578226,0.525125546699077,0.0017479569999998856
9.204,1.8764284563312452,1.5959537845336813,0.40803117000018385,0.33068758493251926,0.5252082582368837,0.0017369239999998822
9.206,1.8772445869384207,1.5966151954814924,0.4080994371756833,0.33072336287900816,0.5252838217355543,0.0017418699999998792
9.208,1.8780609026541215,1.5972767425168457,0.4082162785249422,0.33082367247401634,0.5254377530421167,0.0017457509999998806
9.21,1.878877470089196,1.597938540395474,0.40835115654925075,0.33097420615401274,0.5256373200167485,0.0017464359999998808
9.212,1.8796944185925348,1.5986006570970255,0.4085973467900179,0.33114249539781837,0.5259345435148145,0.0017385989999998853
9.214,1.880511854257568,1.5992632073131088,0.4088383182430222,0.3314077206853337,0.5262887494461864,0.0017233049999998801
9.216,1.8813297178445718,1.5999261875610813,0.40902526876116596,0.33157252728746567,0.5265377587001157,0.0017303819999998763
9.218,1.8821478313738562,1.6005894312248603,0.40908826052290787,0.3316711364913306,0.5266487896873109,0.0017459809999998816
9.22,1.8829660707546876,1.6012527967198078,0.4091511203082863,0.33169435845589684,0.5267122427673337,0.0017658409999998883
9.222,1.8837844841947213,1.601916138573255,0.4092623197258143,0.33164749499170626,0.5267691214200283,0.001766525999999888
9.224,1.8846030985654838,1.6025794262263569,0.409352051036401,0.33164015810996533,0.5268342207553635,0.0017299259999998757
9.226,1.885421840503497,1.6032427908360098,0.40938988697649986,0.3317244515428952,0.5269166834614993,0.0016965219999998647
9.228,1.886240712031663,1.6039063670217562,0.4094816411899354,0.33185173420388897,0.527068105623677,0.0016748359999998765
9.231,1.8874694847225804,1.6049023134070302,0.4097001527549191,0.3321125226454151,0.5274020694548945,0.001659883999999876
9.233,1.8882889232558315,1.6055668614662422,0.40973838049599864,0.3324355365664798,0.5276352209848458,0.0016520469999998732
9.235,1.8891083826898656,1.6062321094924341,0.40972105353855315,0.3328124896259218,0.5278593514978647,0.0016431449999998783
9.237,1.8899278574910339,1.606897969547474,0.40975374762953853,0.3330475654137467,0.5280329672704872,0.0016385039999998764
9.239,1.8907473867176487,1.6075641831046572,0.4097754789850998,0.33316599176902695,0.5281245319514208,0.0016285369999998731
9.241,1.8915669287363692,1.6082305366419232,0.40976653973579297,0.3331875454972571,0.5281311935130626,0.0016153739999998805
9.243,1.8923866071417343,1.6088968756004494,0.40991186562899523,0.3331514130287412,0.5282211673025706,0.001620319999999882
9.245,1.8932066301842618,1.609563228359442,0.4101111768990193,0.3332013459644373,0.5284073375436902,0.0016231359999998802
9.247,1.8940269818840265,1.6102297026362322,0.41024052286529933,0.3332729308255633,0.5285528668183107,0.0016121039999998767
9.249,1.8948475995124763,1.6108963559705534,0.4103771055842418,0.3333804034953426,0.528726642247596,0.0016021369999998734
9.251,1.895668425670827,1.6115632117903964,0.4104490527669839,0.33347541634808947,0.5288423945050604,0.0015964309999998766
9.253,1.896489496212575,1.6122302431184468,0.41062148898064055,0.3335559117021478,0.5290269874440522,0.0015875289999998736
9.255,1.897310965557681,1.6128974891978487,0.4108478561250987,0.33369016769962434,0.5292873405835371,0.0015839529999998724
9.257,1.898132769206919,1.6135650237200356,0.4109557931134134,0.3338443544875827,0.529468334196395,0.001592094999999868
9.259,1.8989547528372241,1.6142328684673808,0.4110278371914228,0.33400039285734817,0.5296226443186901,0.0015991719999998704
9.261,1.8997769252933194,1.6149009408621011,0.4111446189044239,0.3340720018633666,0.5297584355940557,0.001592400999999874
9.263,1.9005992914677947,1.615568930384743,0.41122155557068935,0.3339175207782763,0.5297207551613285,0.0015749769999998681
9.265,1.9014216464498723,1.616236650693438,0.4111334265066458,0.3338027879167112,0.529580018138963,0.0015671399999998654
9.267,1.9022437805842982,1.616904321093314,0.4110007079197042,0.33386761195959813,0.529517860157807,0.0015667599999998657
9.269,1.9030658306660675,1.6175721872686584,0.4110493738493709,0.3339985633845746,0.5296382048954924,0.0015535969999998613
9.271,1.9038880676200047,1.6182401841810428,0.4111875800876522,0.333998348999597,0.5297453380189353,0.0015393689999998565
9.273,1.9047105021240491,1.6189082561732129,0.4112469239571313,0.33407364317099986,0.5298388731734839,0.0015272709999998634
9.275,1.9055330607572718,1.6195765146429346,0.4113117092651973,0.3341848265504666,0.5299592630337011,0.0015204989999998608
9.277,1.9063556590671469,1.6202448968983791,0.411286600610301,0.33419742889433435,0.5299477231965063,0.0015233149999998594
9.279,1.9071781248059734,1.620913442689907,0.4111791382159418,0.33434836263331463,0.529959537417323,0.0015208049999998583
9.281,1.9080004974729592,1.6215821609308136,0.4111935287695195,0.3343698782730953,0.5299842767462958,0.0015427959999998657
9.283,1.9088229704900486,1.6222507749134647,0.4112794883203424,0.3342441043783888,0.5299716396419283,0.0015498729999998619
9.285,1.9096455152613814,1.6229193654514538,0.41126528301225435,0.33434643361052596,0.5300251604209252,0.0015217959999998527
9.287,1.910468096353711,1.6235882359361649,0.411315809317151,0.33452405110029865,0.5301764194669338,0.0015075669999998478
9.289,1.9112908931109656,1.6242572909697988,0.41148094793774204,0.3345309825339969,0.5303089182645377,0.0015029249999998504
9.291,1.9121139859036274,1.6249262665842665,0.41161184472373946,0.33444463193345675,0.530356033760327,0.0014982829999998489
9.293,1.9129373045875062,1.62559506596197,0.4117068391555032,0.33435474577040586,0.530373092668367,0.001492575999999852
9.295,1.9137608582307442,1.6262637519112144,0.411846804082199,0.33433120347374423,0.5304669109840154,0.0014964569999998533
9.298,1.9149967703895097,1.6272668863148978,0.4120946350947182,0.33442506564853225,0.5307184873432186,0.0014831039999998526
9.3,1.9158211035023094,1.6279359085433724,0.4122384777047493,0.3345971628259941,0.5309386253339776,0.001450765999999842
9.302,1.91664575101296,1.6286051313409178,0.41240903294629727,0.33462563471972806,0.5310889999494256,0.0014376029999998493
9.304,1.917470680203248,1.6292742729634695,0.4125201573413456,0.33451598783171616,0.5311062288544142,0.0014393539999998498
9.306,1.9182958029043031,1.6299431809751188,0.41260254371422683,0.3343920238178848,0.5310921621267549,0.0014293869999998554
9.308,1.9191210512458456,1.6306120888070728,0.412645797828063,0.33451580813593484,0.5312037089083587,0.0014300719999998557
9.31,1.9199463735775444,1.6312812765332045,0.41267653387039793,0.3346719179955798,0.5313259021562244,0.0014360829999998576
9.312,1.9207718414040211,1.6319505412306996,0.41279129260672875,0.33459277949991867,0.5313652033633884,0.0014293109999998614
9.314,1.9215974831042184,1.632619645936101,0.4128504075901935,0.33451192590140194,0.5313602239701932,0.0014417139999998653
9.316,1.922423325667931,1.633288637271387,0.41299215612220336,0.33447940938425236,0.5314499001039559,0.0014711609999998754
9.318,1.9232494518067427,1.6339576174195236,0.4131339826899732,0.3345007387526411,0.5315735432462207,0.001473975999999874
9.32,1.9240757594375546,1.6346267390942666,0.4131736481217427,0.33462093599001724,0.5316800111957048,0.0014853129999998777
9.322,1.9249021824424017,1.6352961962363606,0.413249356725817,0.3348362061044211,0.53187434207029,0.0015296729999998533
9.324,1.925728794313959,1.63596592231996,0.4133625148311072,0.33488987749496374,0.5319960514102423,0.0015505979999998602
9.326,1.9265556254647003,1.6366358455004857,0.41346863590992244,0.33503330303039464,0.5321687956096902,0.0015534139999998611
9.328,1.9273826525055742,1.6373059281211395,0.4135584049644037,0.3350493176237749,0.5322486256974825,0.0015530339999998615
9.33,1.928209837416019,1.6379759584454217,0.4136265054802407,0.3349810066581487,0.5322585470027722,0.001566501999999866
9.332,1.9290371087332803,1.6386461465840172,0.41364481178070645,0.3352071319370689,0.5324151121207695,0.001602339999999878
9.334,1.9298643859886129,1.6393166829193164,0.41363244355245865,0.33532920336255667,0.5324823687099365,0.0016232649999998665
9.336,1.930691776430445,1.6399872872781969,0.4137579982792777,0.33527515551768916,0.5325458769415884,0.0016026449999998597
9.338,1.9315194647071299,1.640657821159518,0.4139302784061096,0.3352587258038866,0.5326693989793341,0.0015862859999998687
9.34,1.9323474635599533,1.6413283958270208,0.41406857441705114,0.33531594169869267,0.532812879984193,0.001593362999999871
9.342,1.9331757014780275,1.6419991890879764,0.41416934365688146,0.3354773192565486,0.5329927550733989,0.0015865909999998689
9.344,1.9340040155138047,1.6426704453038152,0.41414469212080274,0.3357788965826076,0.5331634771831881,0.0015734269999998765
9.346,1.9348323734535988,1.643342227351003,0.4142132476730557,0.33600315060495445,0.5333579771263536,0.0015410889999998654
9.348,1.9356609201810897,1.6440142173134251,0.41433347981760904,0.3359868118169656,0.5334410653602684,0.0015279259999998612
9.35,1.9364896804966234,1.6446862051528812,0.4144268357166411,0.33600102763959794,0.5335225325485079,0.0015381979999998553
9.352,1.9373185792001348,1.6453583112420407,0.41447186779455847,0.3361050615197097,0.5336230332100347,0.0015410129999998562
9.354,1.938147504987745,1.64603052139283,0.41445391981601176,0.3361050892699809,0.5336091103832832,0.0015512849999998505
9.356,1.938976402156422,1.646702794409016,0.41444324886062334,0.3361679269158001,0.5336404047793001,0.0015604919999998533
9.358,1.939805283512891,1.6473752864250633,0.4144381076080857,0.3363240891312775,0.5337348011585479,0.0015611769999998536
9.36,1.9406342047513045,1.6480480314569987,0.4144831308060552,0.33642094280460405,0.5338307938666784,0.0015437519999998634
9.362,1.9414633308203615,1.6487209143782335,0.41464293825063797,0.3364619784299663,0.5339807385759616,0.0015412409999998624
9.365,1.942707760667854,1.6497304691468528,0.41497696007773416,0.33657453398282,0.5343110464150165,0.001575824999999864
9.367,1.9435379716105974,1.6504038439644415,0.4152339826653803,0.3368002836057231,0.5346528699979538,0.001573313999999863
9.369,1.9443687413431687,1.6510775894416179,0.41553574990638564,0.33694519357106956,0.5349785256633277,0.0015761289999998616
9.371,1.9452000639514204,1.6517513699448674,0.4157868583449984,0.33683530967830405,0.5351044173042143,0.001586400999999865
9.373,1.9460317309298223,1.6524249955442178,0.4158801200573539,0.33679028967247177,0.5351485527183891,0.0015870859999998648
9.375,1.9468635090347632,1.6530985240427314,0.41589798488325397,0.3367382088407498,0.5351296619728977,0.0016080109999998717
9.377,1.947695344253801,1.6537718532165702,0.41593723415418854,0.3365909649978538,0.5350675288914687,0.0016353269999998807
9.379,1.9485272438360295,1.6544450261305148,0.41596234807482696,0.33658194894707494,0.535081380140381,0.0016296199999998838
9.381,1.949359269199604,1.6551182849939405,0.4160630154994801,0.3366769144784812,0.5352193733500976,0.0016143259999998787
9.383,1.950191601844268,1.6557917659275787,0.41626962916488025,0.33680401916002206,0.5354599438682706,0.001595835999999889
9.385,1.951024239924941,1.6564654384227502,0.41636845150779145,0.3368684760111826,0.5355773123845826,0.001553909999999875
9.387,1.9518569516008302,1.657139110797409,0.4163432243812614,0.3368038986473061,0.5355170834177096,0.0015151799999998624
9.389,1.9526897402310663,1.657812634083886,0.4164454058554624,0.33671938782997207,0.5355433896508405,0.001488167999999877
9.391,1.9535228067961228,1.6584859756745862,0.41662115920064635,0.3366222028701153,0.5356189856220739,0.0014931139999998786
9.393,1.954356176432331,1.6591591409148807,0.4167484770072209,0.3365430374242042,0.5356682827333978,0.00149699499999988
9.395,1.955189781168327,1.6598322878539913,0.41685625898927947,0.33660390168676113,0.5357903762566923,0.0014838319999998873
9.397,1.9560235765316765,1.6605056857910132,0.4169391043599391,0.3367940353349969,0.5359742894782354,0.0014749299999998844
9.399,1.9568575032783146,1.6611793258411827,0.4169876422787504,0.336846014834847,0.5360447103771373,0.0014702889999998869
9.401,1.9576915755364528,1.661853051829675,0.41708461585902534,0.336879973657295,0.5361414863985163,0.0014773659999998893
9.403,1.9585259117267984,1.6625268366564143,0.4172515744862496,0.33690485308172274,0.5362870093907472,0.0015025519999998977
9.405,1.9593605296109269,1.6632005564462113,0.4173663096428024,0.3368149367157693,0.5363198094604555,0.001525606999999885
9.407,1.9601952497192232,1.6638742204424466,0.41735379865315003,0.3368490595191666,0.5363315039685448,0.0015390749999998896
9.409,1.9610298570268423,1.664548062306846,0.41725350896557234,0.33699280488016115,0.5363437715542908,0.0015557389999998953
9.411,1.9618642635454093,1.6652220570481264,0.4171530096018211,0.3370019364006474,0.5362713292332931,0.0015787949999998825
9.413,1.96269859471371,1.6658960734449457,0.41717815869858144,0.3370144604184346,0.5362987624694536,0.0015826759999998839
9.415,1.9635330501718122,1.6665703732359436,0.41727729940398034,0.3372853305797284,0.5365461199395218,0.0015514029999999011
9.417,1.964367646244427,1.66724506767884,0.4173187732105351,0.3374091123164689,0.5366561911951949,0.0015552839999999025
9.419,1.9652023194619896,1.667919742256948,0.417354444351788,0.33726546579137073,0.5365936326827406,0.0016039059999999187
9.421,1.96603716997465,1.6685941670595956,0.4174960683089056,0.3371593368565662,0.5366371078139807,0.0016333529999999026
9.423,1.9668723128859147,1.6692684890760556,0.41764684295558685,0.3371626796031439,0.5367565164466481,0.0016329729999999022
9.425,1.9677076065806647,1.6699428198192159,0.4176468517941311,0.33716806355698553,0.5367599052614831,0.0016315279999999015
9.428,1.968960672656538,1.6709545257278149,0.4177305321214807,0.33730254217569683,0.5369094918370164,0.0016277614999999016
9.43,1.9697962992442966,1.671629374646143,0.41789605563746546,0.337546376152903,0.5371914643507553,0.001614597499999909
9.432,1.9706322782656576,1.672304617866233,0.4180829657232018,0.33769684393687827,0.5374314138872385,0.0016110214999999076
9.434,1.9714686002841975,1.6729799700204464,0.4182390528170446,0.33765531027684964,0.5375267564126033,0.0016138374999999062
9.436,1.9723051733093622,1.6736551512568012,0.41833397234748027,0.33752592607777343,0.5375193607626436,0.0016102614999999052
9.438,1.9731419400583519,1.6743302567960656,0.4184327766418874,0.33757961318640883,0.5376299692235591,0.0016077504999999041
9.44,1.9739789044248142,1.6750054750947099,0.41853158982089134,0.3376386854581755,0.5377439665825434,0.001606304499999905
9.442,1.9748160535856092,1.6756806446355754,0.41861757097394725,0.33753085540717354,0.5377431999384336,0.0016016624999999035
9.444,1.9756533728786094,1.6763555769799745,0.4187017220259943,0.33740148899170425,0.5377275302617043,0.0016129994999999073
9.446,1.9764908244581862,1.6770301788539872,0.41874985755137323,0.3372003850214551,0.5376388591405136,0.001622206499999902
9.448,1.9773283743422285,1.677704525696362,0.41880002649070613,0.3371464573530948,0.5376441163951842,0.0016271524999999037
9.45,1.9781660462185369,1.6783788364428067,0.4188718498181853,0.33716428909189233,0.5377112463106473,0.0016416854999998956
9.452,1.9790038471767462,1.67905305723455,0.41892910839087993,0.33705650265112824,0.5376882775703666,0.001651957499999899
9.454,1.9798417826206567,1.6797271988304372,0.41900633551934613,0.33708509323595137,0.5377663705432322,0.001649446499999898
9.456,1.9806799624980886,1.6804015392524945,0.4191735419130689,0.3372553288217537,0.5380033597094134,0.0016650454999998896
9.458,1.9815184443112372,1.6810761178908566,0.4193082712351669,0.33732330954015033,0.5381509467476058,0.0016678614999998905
9.46,1.982357155999072,1.6817507751214706,0.41940341659938746,0.3373339210735182,0.5382317346293081,0.0016525674999998852
9.462,1.9831961208812163,1.6824255037277027,0.41956146554533374,0.3373946851588357,0.5383929763137499,0.0016628394999998798
9.464,1.984035373149779,1.6831003574987402,0.41969080301714834,0.33745908587842355,0.5385341259187574,0.0016688504999998815
9.466,1.9848749274371376,1.6837754979455932,0.41986348434185977,0.33768136097488294,0.5388079871656843,0.0016855144999998724
9.468,1.9857149346338616,1.6844509966019252,0.4201437123818063,0.3378172953568864,0.5391115506981907,0.001713896499999882
9.47,1.9865553619814882,1.6851265860806957,0.4202836352444775,0.3377721834132567,0.5391923422509557,0.0017103204999998805
9.472,1.9873959920569226,1.6858021213670156,0.42034644019046824,0.3377631029070404,0.5392356103468973,0.0016865044999998938
9.474,1.9882368464208358,1.6864776149936762,0.4205079237223085,0.337730523753417,0.5393410985526731,0.0016712104999998887
9.476,1.9890778516513148,1.6871531675962395,0.4204973067565116,0.337822078809572,0.5393901574191918,0.0016623084999998858
9.478,1.989918783535534,1.6878288657048004,0.42043457746320945,0.33787602975167846,0.5393750507832418,0.001641688499999897
9.48,1.9907597531762709,1.6885046014463372,0.4205350632732881,0.33785971178493135,0.5394431613151336,0.0016274594999998926
9.482,1.991600965239994,1.6891804085880966,0.42067700045037204,0.3379474299747664,0.5396087509802561,0.0016121654999999013
9.484,1.992442459400706,1.689856403737076,0.42081716026144034,0.33804771900453995,0.539780828387481,0.0015713054999998875
9.486,1.9932842822175276,1.6905325204197477,0.4210056565598945,0.338068963666917,0.539941095907925,0.0015474894999998798
9.488,1.9941265000266641,1.6912087136694738,0.4212121525770375,0.33812428605953854,0.5401367514823021,0.001537521499999885
9.49,1.9949690016883013,1.691885076994776,0.4212895090597663,0.33823903924239473,0.5402689127753301,0.0015360754999998848
9.492,1.995811605986657,1.6925616537522146,0.4213147892958163,0.3383377181959701,0.5403504078220296,0.0015452824999998877
9.494,1.9966543075705092,1.6932384654872081,0.42138679455687145,0.3384740167980024,0.5404918969552543,0.0015534244999998832
9.497,1.9979188360495013,1.6942542746662972,0.42163219143774194,0.33873210259461106,0.540844841137233,0.0015288859999998822
9.499,1.9987623570478321,1.6949317025854618,0.4218888068928829,0.33869581656965264,0.541022200601125,0.0015029399999998735
9.501,1.9996063356494587,1.6956090687886032,0.42208979473414504,0.3386703865721229,0.5411630304812255,0.0015014949999998743
9.503,2.0004506481155797,1.6962864470546495,0.42222267138644975,0.3387078794739164,0.5412901364798983,0.0015117679999998774
9.505,2.0012952152759014,1.6969637082705042,0.42234448893510607,0.3385533363805544,0.5412884895397839,0.0015241719999998817
9.507,2.002140026304551,1.6976408129618943,0.4224665397147023,0.33855135500990313,0.5413824869328113,0.0015461629999998694
9.509,2.0029850852740325,1.6983180752197622,0.42259242976663114,0.33871090285784744,0.5415804994743102,0.0015724149999998783
9.511,2.0038303869545957,1.6989955955600944,0.42270925079694804,0.3388094374747298,0.5417332790509182,0.0015688389999998801
9.513,2.0046757767607524,1.6996732288392216,0.42268055535946103,0.3388238416523047,0.5417198976879182,0.0015705889999998808
9.515,2.005521058698011,1.7003507492107266,0.4226013818988108,0.3386965298525288,0.5415784959882819,0.0015659479999998792
9.517,2.0063662646578946,1.7010278873931872,0.4226045779854157,0.33844165260857156,0.5414216301134009,0.0015250879999999015
9.519,2.0072115653373896,1.7017047615860894,0.4226961015092892,0.3384325402934662,0.5414873761784664,0.001510859999999897
9.521,2.0080570490808176,1.7023816283233553,0.4227876419182573,0.3384341969722335,0.5415598728109766,0.0015211329999999003
9.523,2.0089026675543593,1.7030585720361007,0.4228308316237281,0.3385095157736,0.5416406598852145,0.0015111649999999058
9.525,2.0097485432929614,1.7037359120263935,0.4230449069781225,0.33883047451898307,0.5420083798087328,0.001511849999999906
9.527,2.010594978117077,1.7044138309110484,0.42338991713774954,0.3390884101361702,0.5424389106826556,0.0015412979999998898
9.529,2.011441851703736,1.7050922768201293,0.42348366952119165,0.3393574989445637,0.5426803206686635,0.001566484999999898
9.531,2.012288788811251,1.7057711713534922,0.4234534379935272,0.33953703441806493,0.5427690225961244,0.0015479959999998918
9.533,2.013135785337129,1.7064501842576687,0.423543087884811,0.33947586975875393,0.5428007124566651,0.0015433549999998943
9.535,2.013982971770839,1.7071289725055676,0.4236433458249404,0.3393123781399456,0.5427767261229386,0.0015887809999999094
9.537,2.014830423883608,1.7078077764826864,0.42380876694392183,0.3394915989786085,0.543017878817613,0.0016224889999999206
9.539,2.015678254003599,1.708487243949695,0.42402135304733546,0.3399758680303584,0.5434866131590445,0.0016476749999999067
9.541,2.0165264209221196,1.7091674180452883,0.4241455654733386,0.3401982275626854,0.5437226266650035,0.0016536859999999086
9.543,2.0173748036859056,1.7098478717849284,0.4242371983131985,0.3402555120778694,0.5438299494621506,0.001640521999999916
9.545,2.018223378807825,1.7105285118737967,0.42433792360594375,0.3403845767903528,0.54398927703306,0.0016486639999999187
9.547,2.019072034872302,1.7112092577261422,0.42431814087059855,0.34036127555486934,0.5439592655422084,0.00165254499999992
9.549,2.019920577572649,1.7118898296606813,0.42422455947708093,0.3402106589846004,0.5437920276633884,0.0016308589999999318
9.551,2.020769033595574,1.7125700822492447,0.4242314634474734,0.3400419295786797,0.5436918690309583,0.0016294129999999316
9.553,2.021617521442658,1.7132500386317393,0.42425638363616125,0.33991445291564865,0.5436315980119057,0.001633293999999933
9.555,2.022466030481635,1.713929783184289,0.4242526553412603,0.3398300996343979,0.5435759488623784,0.0016435669999999272
9.558,2.0237389421793073,1.7149494347676886,0.4243551431068926,0.3399376226320201,0.5437231600382506,0.001662171499999928
9.56,2.0245877390243154,1.7156295539717061,0.42444170190103525,0.3401815813852466,0.5439432568075593,0.0016553994999999257
9.562,2.0254367573698997,1.7163101143472037,0.4245766436835539,0.34037879411281324,0.5441718936542794,0.0016571494999999246
9.564,2.0262860937687295,1.7169908931710505,0.42475975514602327,0.34040002973382616,0.5443280535067979,0.0016567694999999245
9.566,2.0271357821289815,1.7176717737202416,0.4249286051058688,0.3404805194571444,0.5445101501046847,0.0016521284999999229
9.568,2.0279857274563504,1.7183528369207985,0.4250167222634106,0.34058268110016743,0.544642797500262,0.0016442914999999275
9.57,2.0288358612544655,1.719033905194987,0.42511707585152086,0.3404855930881218,0.5446604146448664,0.001642846499999927
9.572,2.0296862746806794,1.7197147468551635,0.4252963503630836,0.3403560670886263,0.5447194122079699,0.0016573804999999188
9.574,2.0305370125608424,1.7203953349024557,0.4254415297996776,0.3402319802033142,0.5447552621419626,0.0016591314999999192
9.576,2.0313880049910176,1.721075728680638,0.42555090037515264,0.3401617979787835,0.5447968590348716,0.0016715344999999235
9.578,2.032239067179046,1.7217559769583701,0.4255112876539241,0.3400864797538039,0.5447188904675834,0.0016679584999999256
9.58,2.0330899785363368,1.7224361895910891,0.4254000696367234,0.34012615296492954,0.5446567902612174,0.001648403499999919
9.582,2.0339407431212706,1.7231166501619797,0.4253645152968727,0.3403344179253949,0.5447591090549665,0.0016522834999999202
9.584,2.0347914795058513,1.7237974248834853,0.42537186928412524,0.3404403035806406,0.5448310081854277,0.0016657514999999128
9.586,2.0356423182338887,1.7244782227675841,0.42546685875328455,0.3403575805179905,0.5448534945409158,0.0016760244999999162
9.588,2.036493348765682,1.7251588731516487,0.42556367304060305,0.3402928035470263,0.5448886417954629,0.0016617964999999242
9.59,2.0373445531551275,1.7258393760674207,0.4256407164045463,0.3402101122246654,0.5448971828898502,0.0016454374999999182
9.592,2.0381959347638117,1.7265195915111002,0.42574089227918016,0.3400053314547167,0.5448476234474224,0.0016386654999999161
9.594,2.0390475351050035,1.7271996612103484,0.42585944891314925,0.34006436779391824,0.5449771045389783,0.0016308284999999206
9.596,2.0398993638668093,1.7278800213053545,0.4259693128925709,0.3402957272119109,0.5452073344011912,0.0016240564999999182
9.598,2.0407512740197173,1.7285607635754159,0.4259408400153951,0.34044654284939413,0.5452792383092582,0.001626871499999919
9.6,2.0416031432554265,1.7292417302709893,0.4259283956942286,0.34052015272446495,0.5453154799472982,0.0016350134999999146
9.602,2.0424551240526623,1.729922869092693,0.42605240154138574,0.340618668979147,0.5454738550254338,0.0016218504999999102
9.604,2.0433073620156468,1.7306043180111115,0.42618556144371067,0.3408302494395691,0.5457099886534328,0.0015895124999999281
9.606,2.044159850096531,1.7312861631964078,0.4263025194401425,0.3410149358565426,0.5459166827989917,0.001567827499999921
9.608,2.0450124499915936,1.7319683474347616,0.42629737562234155,0.3411693024970452,0.5460091074595882,0.0015567954999999173
9.61,2.045865003659814,1.73265081353972,0.4262562925985674,0.34129680246187827,0.5460567134928184,0.0015670684999999115
9.612,2.046717634915574,1.7333335397781053,0.426374963161511,0.3414294359231686,0.5462322481562151,0.001574145499999914
9.614,2.0475705933005193,1.7340165598618213,0.42658342178328373,0.34159064779271736,0.5464957331944901,0.001556721499999908
9.616,2.04842393266403,1.73469987729925,0.42675594172820097,0.34172678963618086,0.5467154950752486,0.0015531454999999099
9.618,2.0492775451243497,1.7353833720040641,0.4268565185912295,0.3417679151778851,0.5468197100588663,0.0015623524999999131
9.62,2.0501313569768116,1.7360669687042953,0.4269553338712621,0.34182878505378794,0.5469348913833069,0.001589669499999898
9.623,2.051412441156501,1.7370925193274782,0.4271007859218652,0.3418716304014707,0.5470752169568959,0.0016002849999998984
9.625,2.0522667036064166,1.7377761691577263,0.42716166399346633,0.3417781998463676,0.5470643701392832,0.0015679469999998876
9.627,2.053121145303649,1.738459666142563,0.42728003323871294,0.34171878499021724,0.5471196896654935,0.0015473269999998806
9.629,2.053975908346006,1.7391432039120038,0.42748300911860243,0.34181898445101455,0.5473407907476091,0.0015437509999998826
9.631,2.0548310128499234,1.7398270229489954,0.4276214947987734,0.3420000525403443,0.5475620318754175,0.0015582839999998875
9.633,2.0556863545265736,1.7405110031562174,0.4277201818518451,0.3419801546821536,0.5476266795544253,0.0015589689999998874
9.635,2.0565419510078238,1.7411949398880295,0.42787629939804034,0.3419565771297594,0.5477339027564959,0.0015607199999998877
9.637,2.057397865348014,1.741878982017635,0.42803804079209623,0.34208555247540195,0.5479407719612925,0.0015901679999998975
9.639,2.0582540422014737,1.7425633145001111,0.42813881266820175,0.3422469300010753,0.5481202459388802,0.0016121589999998852
9.641,2.0591104060992214,1.7432478818107957,0.42822508507903645,0.34232038068327963,0.5482334963517767,0.001617104999999887
9.643,2.059966955011888,1.7439325385677233,0.42832382758733306,0.34233637624411256,0.5483206140380043,0.0015794399999998743
9.645,2.0608236634979495,1.7446170855835679,0.4283846584747402,0.3422106396007828,0.5482896474241481,0.0015588199999998855
9.647,2.061680489731156,1.7453011765168005,0.42844157473149436,0.3418802936316462,0.5481280125409239,0.0015882679999998954
9.649,2.0625374033466435,1.7459849065426163,0.42847204075643774,0.3418497321845466,0.5481327659469307,0.0015996059999998891
9.651,2.063394392550057,1.7466687620876573,0.4285171626569988,0.34200581285626575,0.5482653871247753,0.0016077479999998918
9.653,2.0642515456070805,1.7473529404449206,0.42863589436618826,0.34217254440673056,0.5484621956752153,0.0016180209999998951
9.655,2.0651089937975176,1.7480375957607928,0.42881229607126886,0.34248277146574685,0.5487936169570238,0.00162722899999989
9.657,2.065966819956248,1.748722891230063,0.42901386265904595,0.3428126978043251,0.5491570268416077,0.0016481549999998969
9.659,2.066824942910507,1.749408579288935,0.42910909159934046,0.34287536106737315,0.5492705396435282,0.0016722759999999051
9.661,2.067683198759706,1.7500943137935243,0.42914675760037335,0.3428591435224861,0.5492898432120208,0.0016846789999998982
9.663,2.0685415480729246,1.7507801253199458,0.4292025556175119,0.3429523828987838,0.5493916368898942,0.0016651239999998916
9.665,2.0693998904938775,1.7514661091633277,0.4291398653359561,0.3430314604834417,0.5493920338901589,0.001653025999999898
9.667,2.0702581256485555,1.7521523498495843,0.42909528934155994,0.343209225773019,0.549468233832341,0.0016739519999999053
9.669,2.071116377610803,1.7528389799917756,0.4291566729058164,0.3434209164179249,0.549648411016458,0.001703399999999915
9.671,2.0719748507005886,1.7535258233429754,0.4293164168801211,0.3434224347822091,0.5497740940736718,0.0017307169999999001
9.673,2.0728336272894485,1.7542127648870591,0.42946017197955855,0.3435191093014278,0.549946740850383,0.001718618999999896
9.675,2.073692695327984,1.754900102596749,0.4296078665554798,0.34381860038811174,0.5502491699032276,0.0017150429999998947
9.677,2.0745520906628423,1.7555878058997643,0.42978746830327813,0.34388470262763937,0.550430701007712,0.0017114669999998965
9.679,2.0754117588243237,1.7562755105316783,0.42988069317780586,0.3438199292861057,0.550463036126254,0.0016620849999998805
9.681,2.0762716781234087,1.756963128591406,0.43003860590790366,0.3437981304420257,0.5505727536544516,0.0016382689999998935
9.683,2.077131898904732,1.7576507120534586,0.43018217541492904,0.3437853316103465,0.5506769091537765,0.0016261709999998895
9.686,2.078422498219397,1.7586822456562587,0.43021736769518093,0.3439037369230452,0.5507783254052447,0.001617611999999889
9.688,2.0792829151258925,1.7593701267490287,0.43019953880015455,0.3439773558466179,0.550810370743958,0.0016161669999998883
9.69,2.0801432961631896,1.7600580240536463,0.4301814984975976,0.3439199487714148,0.5507604314151219,0.0015987429999998982
9.692,2.08100366092369,1.760745844204257,0.430183262002661,0.34390020183910675,0.5507494781951485,0.0016068849999999009
9.694,2.081864101043282,1.7614336480777004,0.4302568575891784,0.34390367160404905,0.550809131047462,0.001622483999999906
9.696,2.0827246720546317,1.7621213691738304,0.43031415376084325,0.34381742452640107,0.5508000475080573,0.0016221039999999064
9.698,2.083585239357275,1.76280901668625,0.4302531488823923,0.3438300878930441,0.550760294015239,0.0016291809999999089
9.7,2.0844458176519263,1.7634968005900022,0.43032514576904063,0.34395381585947205,0.5508937815272902,0.001636257999999905
9.702,2.0853067229150306,1.7641847688303804,0.43058011733511997,0.3440144245185154,0.5511308027330091,0.001638007999999906
9.704,2.0861681094859055,1.7648729085905484,0.4308064535393602,0.3441253356490676,0.5513768648091288,0.0016408229999999066
9.706,2.0870299416138987,1.765561309671648,0.4310256744544455,0.3442757454509461,0.5516420224608657,0.0016383119999999077
9.708,2.087892129555319,1.7662499722207694,0.4311622669657718,0.34438680367020796,0.5518180596874716,0.0016475189999999112
9.71,2.088754520555109,1.766938779820012,0.43122873282388463,0.3444207955721231,0.5518912070647869,0.0016801619999999217
9.712,2.0896170785082147,1.767627606882392,0.4313292202824315,0.3444062668082711,0.5519606624445806,0.0017181319999999007
9.714,2.090479758552689,1.7683164570727,0.43135082419144244,0.3444439234993923,0.5520010416351512,0.0017443839999999094
9.716,2.091342522896952,1.7690052748087006,0.43141352007215,0.34437381250171384,0.5520062934768125,0.0017610479999999
9.718,2.09220568540735,1.7696939249133663,0.43174899032553277,0.344276292163627,0.552207710914156,0.001787298999999909
9.72,2.093069484923298,1.7703824751637172,0.43205052562211427,0.3442739581871083,0.5524420467127426,0.0017879839999999094
9.722,2.093933700776396,1.7710709833886211,0.4321653274763947,0.3442342667172702,0.5525071046196204,0.0017556459999999272
9.724,2.0947981824821253,1.7717596149925372,0.43231637825292996,0.3443973371985867,0.5527268554857883,0.0017296999999999185
9.726,2.0956629629864056,1.7724487396686925,0.4324641260268917,0.344727338956499,0.553048061676589,0.0017144069999999133
9.728,2.0965280008166522,1.7731382480042508,0.43257370422011276,0.34478099660222944,0.5531671946172659,0.0017246799999999075
9.73,2.097393230854626,1.7738278475478688,0.4326563337534733,0.344818547015481,0.5532552155225148,0.001729625999999909
9.732,2.0982586386893565,1.7745175078107025,0.4327515009776457,0.34484171581855483,0.5533440797253462,0.0017388329999999041
9.734,2.099124277722266,1.7752069756187439,0.432887531931554,0.3446260922226551,0.5533161471911426,0.0017789329999999173
9.736,2.0999901585170604,1.7758961342816062,0.43299326286251116,0.34453257063950193,0.5533406346146893,0.0017881399999999205
9.738,2.10085623649741,1.776585152592469,0.433084717487655,0.34448574022360057,0.5533830479322293,0.0017845639999999226
9.74,2.1017224992241026,1.7772741005718622,0.43317800920476346,0.34446223916937374,0.5534414349072365,0.0017980329999999266
9.742,2.1025889468962484,1.7779630895010832,0.43326966294065083,0.34452669005142816,0.5535532864887517,0.001787000999999923
9.744,2.103455590419261,1.7786521965428652,0.43337386007243184,0.3445803517309073,0.5536682412718609,0.0017525329999999422
9.746,2.1043224565788954,1.7793413444758959,0.43349229956173796,0.3445675812994225,0.5537530061876483,0.0017351089999999366
9.748,2.1051894986080337,1.780030475948924,0.4335497295768882,0.34456389172920454,0.5537956694483696,0.0017443159999999311
9.751,2.106490091870254,1.7810645190662548,0.4335124452364824,0.34479818649130245,0.5539122941248056,0.001738951999999931
9.753,2.1073571763589287,1.7817543271307512,0.43357204343784533,0.34500987800473304,0.5540907261195676,0.0017279189999999274
9.755,2.1082244715322744,1.7824445297016762,0.4337231299077705,0.3451926929201021,0.5543227838204241,0.0017317989999999285
9.757,2.1090919233016097,1.7831349868713846,0.4337286394280136,0.3452644767886106,0.5543717990592495,0.0017218309999999341
9.759,2.1099593628031887,1.7838256145729614,0.433710862150665,0.34536322478792014,0.5544193980944251,0.001736364999999939
9.761,2.11082685621202,1.7845162780778319,0.43378254668086696,0.34530028008286173,0.5544362733716484,0.0017434419999999352
9.763,2.1116944662405093,1.7852069144566398,0.43382748180821107,0.34533609872481397,0.5544937376152487,0.0017462569999999362
9.765,2.1125621306211055,1.7858978397145067,0.4338368987879353,0.3455891591418698,0.5546587434326785,0.001775703999999946
9.767,2.1134297722387387,1.78658908988428,0.43380471884584165,0.3456610106319484,0.554678346759651,0.001790237999999938
9.769,2.1142973980015665,1.787280507004001,0.4338210439816427,0.3457561090889078,0.55475038095852,0.0018047719999999428
9.771,2.115165165917381,1.7879721230999834,0.4339468718325626,0.3458599868932506,0.5549135230890179,0.0017862829999999367
9.773,2.1160332014626,1.7886638464109088,0.43408867338735535,0.34586332403241304,0.5550264996141572,0.0017773809999999414
9.775,2.116901490077163,1.7893555638854113,0.43419994117514044,0.3458541504697766,0.5551078114327579,0.0018057629999999512
9.777,2.1177700157187314,1.7900473365739158,0.4343257003936734,0.34591853803512346,0.5552462957812615,0.0018288189999999384
9.779,2.118638850338105,1.7907392504930373,0.43450891897975175,0.34599538108623046,0.5554374891974418,0.001845482999999944
9.781,2.1195080318505077,1.7914314258252988,0.43467259342258124,0.3461799511751223,0.5556805035884583,0.0018493639999999454
9.783,2.12037752819905,1.7921239972415481,0.43482375511995536,0.346391465074594,0.5559305218218753,0.0018670939999999355
9.785,2.1212473070568088,1.7928169522345196,0.43495510263874176,0.34656352789677597,0.5561404680292001,0.0018773669999999389
9.787,2.122117264303653,1.79351028022876,0.4350021442052856,0.34676446634318653,0.5563024901809006,0.001859942999999933
9.789,2.1229873782188795,1.794203884341975,0.43511177102172943,0.34683964687224844,0.5564350761087334,0.0018680849999999285
9.791,2.123857727475857,1.7948976028877048,0.43523748595548767,0.34687889885733514,0.5565578493322421,0.0018740959999999304
9.793,2.1247282133546386,1.7955914342540358,0.4352483928266771,0.3469524674739076,0.5566122331968983,0.0018715849999999317
9.795,2.1255987732380874,1.7962854862485256,0.4353114906216815,0.34709952701575325,0.5567532447339933,0.0018893139999999376
9.797,2.1264695077758815,1.7969798304758484,0.43542304717229213,0.3472447003068136,0.5569309758847796,0.001899585999999941
9.799,2.127340393385441,1.7976743341593904,0.4354625623877843,0.347258983235526,0.5569707754264188,0.00190133599999994
9.801,2.1282114047460636,1.798368895037789,0.435548798234652,0.34730189516292537,0.5570649531494593,0.0019041509999999408
9.803,2.1290826711863797,1.7990635649177507,0.43571764208115926,0.3473679847985587,0.5572381721344805,0.0018941829999999374
9.805,2.129954216035296,1.7997583419620489,0.43582720683566173,0.34740905950000056,0.5573494494846565,0.00187143199999995
9.807,2.1308259046311333,1.8004532030944806,0.43586138900132004,0.3474520729314734,0.5574029901306038,0.001859333999999946
9.809,2.1316976813751043,1.8011481717561817,0.43591535496993306,0.3475165887698671,0.5574854044446435,0.0018568239999999475
9.811,2.132569596591417,1.8018432837508647,0.4359998613421881,0.3475954059128519,0.5576006145101775,0.001875618999999954
9.814,2.133877911739322,1.8028863682207477,0.4362102372609736,0.3477942406757945,0.5578890614974695,0.0018958209999999547
9.816,2.1347504869846694,1.8035821735888695,0.4363650080861922,0.34801112744584656,0.5581452903216078,0.0018986359999999555
9.818,2.1356232586848574,1.804278407559988,0.436406692102441,0.34822284367312434,0.5583099047729603,0.0018982559999999558
9.82,2.1364960113482323,1.8049750149002928,0.4363459712722033,0.34838449663131693,0.5583632904646746,0.0018787019999999494
9.822,2.1373687663263903,1.8056718986475668,0.4364090068863117,0.3484992506430313,0.5584841528550754,0.0018761919999999508
9.824,2.1382416795587766,1.8063689454323077,0.4365042254997628,0.3485475340976065,0.5585886880385871,0.0018662249999999475
9.826,2.1391146701076638,1.8070660656618858,0.4364863233868522,0.34857269548016917,0.5585903996114527,0.0018626489999999463
9.828,2.1399877165911794,1.8077633437351819,0.436560160129096,0.34870537781625627,0.5587308958075613,0.0018665299999999442
9.83,2.140860998525121,1.8084607954703107,0.4367217738121523,0.3487463573123827,0.558882751084956,0.0018799989999999484
9.832,2.1417345781750523,1.8091581263876069,0.4368578761188487,0.34858455998350546,0.5588881814692144,0.0019264909999999642
9.834,2.1426083476421507,1.809855227199373,0.4369115909800718,0.3485162517831465,0.5588875701692704,0.0019548729999999486
9.836,2.1434821406121123,1.810552414121203,0.4368813789810217,0.34867067004659374,0.5589602628551512,0.0019491659999999467
9.838,2.1443559090304447,1.8112498972452191,0.4368870393519997,0.34881245396992233,0.5590531398697935,0.0019636989999999386
9.84,2.145229790719936,1.8119474806598888,0.4369946501389317,0.3487709606994408,0.5591113549886625,0.001962252999999938
9.842,2.1461039521680942,1.8126449396839526,0.4371667980193209,0.348688063364072,0.5591942192325067,0.0019086089999999203
9.844,2.146978459767847,1.8133422634305116,0.4373408017341937,0.348635683195333,0.5592976099167455,0.0018741399999999393
9.846,2.1478532989897516,1.8140393568103363,0.4374984201701392,0.3484576966290627,0.559309962356652,0.0018577809999999338
9.848,2.1487284412051197,1.8147362665483782,0.4376437951977143,0.3484520414124955,0.5594201610950345,0.0018595319999999344
9.85,2.1496038529898556,1.8154333570657226,0.4377679895387051,0.348638475932374,0.5596334510777643,0.0018772619999999243
9.852,2.15047948598747,1.8161306840908424,0.43786500807542567,0.34868854918715125,0.5597405377772213,0.0018917959999999294
9.854,2.151355336335071,1.8168281004488245,0.437985339525836,0.3487278087951888,0.5598591271620528,0.0018892859999999306
9.856,2.152231454362662,1.8175256455329427,0.4381326880652006,0.34881727532285134,0.5600301276850168,0.0018793189999999275
9.858,2.1531077862846253,1.8182233517535937,0.4381992338977498,0.3488889453278691,0.5601268291740431,0.0018725469999999252
9.86,2.1539842766101165,1.8189212999857924,0.43829109159398255,0.3490592868711491,0.560304798053381,0.0018700359999999265
9.862,2.1548610171813802,1.8196196533930822,0.43844947966964265,0.3492941204182576,0.5605749983555676,0.0018643299999999247
9.864,2.155738031238874,1.820318363472673,0.43856457782386676,0.349415959172271,0.5607409396914984,0.0018447759999999183
9.866,2.15661523951692,1.8210172760157042,0.4386437002226755,0.3494965838593856,0.560853062641563,0.0018209599999999314
9.868,2.1574925917455188,1.8217163875286417,0.4387085283756328,0.34961492907799896,0.5609775142585731,0.001796077999999923
9.87,2.1583701327670832,1.822415683573596,0.4388324931891163,0.3496811158767801,0.5611157098846956,0.0018042199999999185
9.872,2.159247905542954,1.8231150994567995,0.4389402826814783,0.3497347673263884,0.5612334445106948,0.0018102319999999208
9.874,2.1601258402639125,1.823814741202399,0.43899443827644574,0.34990697827292855,0.5613831225480009,0.0017842859999999117
9.876,2.1610039047876084,1.824514702204479,0.4390700854197979,0.3500540238074571,0.5615339344103261,0.001778579999999915
9.879,2.162321289346717,1.825565227428735,0.4391862873194999,0.3502961256965249,0.5617757298490937,0.0017859989999999154
9.881,2.1631997122937277,1.826265884206894,0.43923665969065334,0.3503606524621789,0.5618553461612041,0.0017568559999999057
9.883,2.164078343500912,1.8269665711359182,0.43939454749422174,0.35032627656256493,0.5619573546256358,0.00173090899999992
9.885,2.164957405421709,1.827667226806573,0.43966737330221933,0.3503293940921069,0.5621726456449263,0.0017326589999999207
9.887,2.1658368354620543,1.8283679805582567,0.43976266704275163,0.3504243575912269,0.5623063521940492,0.0017439969999999245
9.889,2.166716361027342,1.8290689620936929,0.4397628982454876,0.35055717784541884,0.5623893149875944,0.0017329649999999303
9.891,2.1675959461813528,1.8297701499371146,0.4398222557650567,0.35063066557612244,0.5624815377491226,0.0017059539999999215
9.893,2.168475562287189,1.8304715943939747,0.43979385007099403,0.3508137912836463,0.5625735033887339,0.0017055739999999211
9.895,2.1693551340322457,1.831173338669838,0.43977789498579617,0.35093048458004694,0.5626338080187899,0.0017083889999999198
9.897,2.1702347507378894,1.831875134918978,0.43983881065774644,0.3508657645596297,0.5626410615133189,0.0017037469999999183
9.899,2.171114584800568,1.8325770348997188,0.43999525202131134,0.3510342161816773,0.5628684062297171,0.0017044319999999177
9.901,2.171994737234498,1.8332793327997428,0.4401571819081039,0.35126368384195283,0.5631381006214222,0.0017232269999999242
9.903,2.1728750732137043,1.8339819050023316,0.44017879729799564,0.3513085187466427,0.5631829622198012,0.0017292389999999263
9.905,2.173755491955292,1.8346845919341397,0.44023994429027213,0.3513784130617188,0.5632743538582897,0.0017299249999999258
9.907,2.17463612280107,1.8353874561897021,0.44039090148769644,0.35148584250044984,0.5634593539834057,0.0017508509999999329
9.909,2.1755170302387734,1.8360904240649096,0.44051653621527487,0.3514820327067502,0.5635551774181234,0.0017472749999999317
9.911,2.17639818180249,1.8367934040752292,0.44063502750161854,0.35149797761322765,0.5636577469773135,0.0017777869999999144
9.913,2.177279565071639,1.8374964770078421,0.4407482416470158,0.3515749549995837,0.5637942545804236,0.0018104299999999254
9.915,2.178161138673523,1.838199592676558,0.44082536023798324,0.35154071371659873,0.5638331948629163,0.0017983319999999318
9.917,2.179042853874344,1.8389025986039247,0.4408898405824579,0.3514652136497879,0.5638365436318545,0.001797951999999932
9.919,2.179924753890679,1.8396055718909399,0.4410101757523802,0.3515080733651489,0.5639573572159726,0.0018092899999999357
9.921,2.1808068446819595,1.8403088302177855,0.44108061552877714,0.3517502534808767,0.5641634073733478,0.0018184969999999305
9.923,2.181689018598002,1.8410123971118662,0.44109330051332746,0.3518166405996703,0.5642147183126104,0.0018159859999999296
9.925,2.1825713181485806,1.8417159601883064,0.4412062500653985,0.3517464358403268,0.5642592579862062,0.0018102799999999278
9.927,2.1834538204952514,1.842419510333497,0.4412960966060448,0.35180370935077204,0.5643652140172126,0.0018013779999999327
9.929,2.1843364271626196,1.843123182342279,0.4413105707618251,0.35186829943077197,0.5644167963574713,0.0017946059999999302
9.931,2.1852190716502142,1.8438269260793985,0.44133391683346257,0.3518754376890929,0.5644395005635736,0.0017857039999999355
9.933,2.1861017594327747,1.8445307917913423,0.4413538657269738,0.3519902742545722,0.5645266937550009,0.0017842589999999348
9.935,2.1869845104328403,1.8452348799542466,0.4413971343381307,0.3520978886496032,0.5646276236542295,0.0017987929999999396
9.937,2.1878673459769193,1.8459390720672981,0.4414384097416062,0.35209422440231364,0.5646576063887433,0.001796282999999941
9.939,2.1887502264888234,1.8466433179456097,0.44144210216203633,0.3521516539089005,0.564696305027766,0.0017703369999999324
9.941,2.189633186135169,1.8473476534291242,0.4415175441833152,0.3521838296054478,0.5647753461839714,0.001753977999999927
9.943,2.1905163345501912,1.8480521626844586,0.44163087083925906,0.3523254257293864,0.5649522384181124,0.0017621199999999222
9.946,2.1918414742092787,1.8491095383398195,0.4417955685522477,0.35259167784448403,0.5652470395124527,0.001724798499999921
9.948,2.192725248620863,1.8498148380506725,0.44197884303146573,0.3527080330082369,0.5654628672476846,0.001679677499999906
9.95,2.1936094327185365,1.8505204080965778,0.4422052546425045,0.3528620128973817,0.5657358812904076,0.0016622534999999156
9.952,2.194494002983934,1.8512261390360936,0.442365010754985,0.35286892661818153,0.5658650741236162,0.001656547499999914
9.954,2.1953788531463205,1.851931806689851,0.4424851516311077,0.3527987271389095,0.5659152333033977,0.0016614934999999154
9.956,2.196263911499377,1.8526374650240307,0.4425732014258955,0.352859607041376,0.5660220321699152,0.0016536564999999198
9.958,2.1971491157352347,1.8533434246559606,0.44263103443165763,0.3531000248882137,0.5662171493500496,0.0016500814999999187
9.96,2.198034500233634,1.85404985424765,0.4427534639671645,0.35332956680100625,0.5664560112053802,0.0016422444999999158
9.962,2.1989201652730124,1.8547566136359468,0.4429115754119035,0.3534298214960763,0.5666421289990735,0.0016141664999999319
9.964,2.1998061681355976,1.8554636129901456,0.44309128717292545,0.3535695327024636,0.5668697409670042,0.001603133499999928
9.966,2.2006924889433375,1.8561707697828602,0.44322952056761555,0.3535872600126122,0.5669888520472206,0.0016059494999999264
9.968,2.201579100444608,1.8568778794402894,0.44338198070253654,0.35352239741624686,0.5670676029245855,0.0016204834999999313
9.97,2.2024659362479295,1.8575849528366883,0.4434538226188623,0.3535509989825123,0.5671416063707668,0.0016424744999999387
9.972,2.2033527578103485,1.8582920980527262,0.4433677398003376,0.353594217055657,0.5671012458378689,0.0016570084999999307
9.974,2.2042395904088643,1.8589994047874248,0.44346485871537755,0.35371251764267025,0.567250937462924,0.0016544984999999298
9.976,2.2051266388189656,1.8597069696261268,0.44358355138582034,0.3538523210590377,0.5674309052024968,0.0016360094999999237
9.978,2.2060138796867337,1.8604147800429045,0.44365731638265765,0.35395809571914877,0.5675545329789796,0.0016654564999999074
9.98,2.2069013650655616,1.861122835950035,0.44382806244482337,0.3540978114109852,0.5677751395223074,0.001667206499999908
9.982,2.2077891722119767,1.861831185684776,0.4439790839707657,0.3542519233303953,0.5679893064018058,0.0015943884999999487
9.984,2.208677180650638,1.8625396966294556,0.44402935468988025,0.3542590213490831,0.5680330289987736,0.0015609854999999377
9.986,2.209565303957218,1.8632482038052076,0.44409395188998363,0.35424815440270224,0.5680767492187864,0.0015286474999999266
9.988,2.21045369115809,1.8639567428895985,0.4442932489823187,0.3542909299884741,0.5682592314809874,0.0014995054999999429
9.99,2.2113425004286795,1.8646654644164498,0.4445160216066186,0.35443059686248635,0.5685204846417358,0.0014927344999999407
9.992,2.2122316456993016,1.8653744259542684,0.44462924901511913,0.3545309409558885,0.5686715723287181,0.0014838324999999375
9.994,2.2131209040317548,1.866083376554303,0.44462908343830293,0.3544196590790707,0.5686020722622369,0.0014919744999999332
9.996,2.2140102716703782,1.8667922049378292,0.44473855518488065,0.35440872444688143,0.5686808651889043,0.0015128994999999404
9.998,2.2148998924275807,1.8675010598623099,0.44488220201818846,0.3544462000342766,0.5688165630423315,0.0015167804999999383
10.0,2.2157896641624175,1.8682100527639633,0.4448895328183682,0.35454670161890134,0.5688849268878444,0.0015014864999999327
10.002,2.2166794902072597,1.8689193543021605,0.44493651202360357,0.3547548365780588,0.5690513982121962,0.0014979104999999317
10.004,2.2175695107120084,1.8696290647808134,0.4450839927253197,0.35495564207523744,0.5692919008921139,0.0014954004999999332
10.006,2.2184598548339953,1.8703391355460046,0.4452601292615287,0.35511512311578175,0.5695290452431114,0.0014928904999999323
10.009,2.2197958975439533,1.8714043593704266,0.4454350107103104,0.3550340931654931,0.5696152702274917,0.001482733999999932
10.011,2.2206868554916883,1.8721144130683387,0.445522937025069,0.3550196047469347,0.5696750013561358,0.001469570999999939
10.013,2.2215780647741084,1.8728245022950236,0.445686345394864,0.35506962193780156,0.5698339713411998,0.0014553419999999344
10.015,2.2224696168122904,1.8735345443549662,0.44586569278693094,0.35497243800457684,0.5699137195640083,0.0014421779999999303
10.017,2.22336156715224,1.8742444745549989,0.44608464716324814,0.3549577620284084,0.570075894297396,0.0014513849999999249
10.019,2.2242539341163585,1.8749545513315748,0.44628231695513904,0.35511901454727923,0.5703309748907891,0.0014478089999999234
10.021,2.225146561892093,1.8756650118334663,0.44634545877914344,0.355341487343921,0.5705189227366205,0.0014442329999999226
10.023,2.2260393122622446,1.8763758490817513,0.44640491137319793,0.3554957609413227,0.5706615292319631,0.001439591999999925
10.025,2.2269322280848725,1.8770869122473148,0.44651091125451275,0.35556740462206704,0.570789079344558,0.0014104499999999152
10.027,2.227825332506523,1.8777980720688008,0.4465935103962568,0.35559241686432114,0.5708692761565126,0.001393025999999925
10.029,2.2287185950917237,1.87850938602855,0.44666907480396756,0.35572154288472724,0.5710088252019606,0.0013883849999999232
10.031,2.2296120377028714,1.879221087431637,0.44677353634352784,0.355979860202057,0.5712514802137301,0.0013869399999999227
10.033,2.230505608393756,1.8799332535287188,0.4467971545411914,0.35618623688010354,0.5713985759948257,0.0013705809999999318
10.035,2.231399182976152,1.880645638593567,0.44677742785502916,0.35619882796787317,0.5713910001797738,0.0013691349999999313
10.037,2.2322927915343036,1.8813579320733735,0.4468311302959709,0.3560946518383823,0.5713680600711538,0.0013879289999999375
10.039,2.233186520232895,1.8820701410284941,0.44689756829577754,0.35611430328255317,0.5714322650595584,0.0013971359999999323
10.041,2.234080338805263,1.8827824431922444,0.4469210040720301,0.35618786046758555,0.5714964355315155,0.0013882339999999294
10.043,2.2349741413065516,1.8834948046089517,0.44688149721689935,0.3561735562399782,0.5714566254051575,0.001385723999999931
10.045,2.2358679114711117,1.8842071445312083,0.44688866734275245,0.35616636601629836,0.5714577510898221,0.0013949319999999343
10.047,2.236761749856828,1.8849194951259132,0.4469497183733058,0.3561842286882244,0.5715166275098238,0.0014009439999999361
10.049,2.237655688803246,1.8856318796808524,0.44698922804524965,0.35620032625145387,0.5715575582652462,0.00141228199999993
10.051,2.2385496889864527,1.8863444131226474,0.44701095516110606,0.3563331155432353,0.5716573127904454,0.001424684999999934
10.053,2.2394436875903287,1.887057097335637,0.4469876487146677,0.3563510974462671,0.5716502976073975,0.0014157829999999311
10.055,2.2403376895279545,1.8877695984681702,0.4470142889116402,0.3561500350872692,0.5715458179217502,0.001406880999999936
10.057,2.2412318778475466,1.888481896518126,0.4471740306802688,0.35614801486830255,0.5716695043549819,0.0014118269999999376
10.059,2.242126420013345,1.889194375349833,0.44736813511858214,0.35633081683907675,0.5719352230355127,0.0014135769999999365
10.061,2.24302127316281,1.889907187587704,0.44748501434618954,0.3564814210317174,0.5721204782256986,0.0014004129999999322
10.063,2.2439163491273217,1.8906201772050235,0.4475909501652598,0.3565081962875586,0.5722200212243962,0.00139364099999993
10.065,2.244811663594191,1.8913330121301428,0.447723516704523,0.35632672883212707,0.5722106999091064,0.0014049789999999237
10.067,2.2457071985503774,1.892045645720746,0.44781143948135554,0.3563068617708736,0.5722671273761688,0.001417381999999928
10.069,2.2466029043617493,1.8927585177883126,0.4478943718902075,0.3565652057955712,0.5724928945890608,0.0014340459999999337
10.072,2.2479468504121307,1.8938285159166723,0.4480696616980597,0.3567668797780203,0.5727556444425127,0.0014238879999999392
10.074,2.2488432194540233,1.8945420314029842,0.4482993801941586,0.3567486065336336,0.5729239936903988,0.0014117899999999352
10.076,2.2497400388951507,1.8952554654855205,0.4485200609330195,0.3566854760023689,0.5730573914106648,0.0013954309999999297
10.078,2.250637145526857,1.8959689081397848,0.4485865707738691,0.3567571782623152,0.573154076771987,0.001392919999999931
10.08,2.25153431898217,1.8966826450600884,0.44858688453870565,0.3569797420411149,0.5732928825721482,0.0014266279999999422
10.082,2.252431636612478,1.897396792795439,0.4487307457688201,0.35716799330904686,0.5735226740440632,0.0014592709999999532
10.084,2.2533293262496175,1.8981112630636765,0.4489588913714113,0.3573022749288677,0.5737848044439577,0.0014663479999999494
10.086,2.2542274537813722,1.898825693206239,0.4491686403829143,0.35712786763338517,0.5738403796734807,0.0014467929999999428
10.088,2.25512597568075,1.8995397745735656,0.44935325899516854,0.35695349969361784,0.5738764259952666,0.0014240419999999555
10.09,2.2560245966142958,1.9002540837449424,0.4492676745502439,0.35735567168297133,0.574059682855164,0.0014151399999999526
10.092,2.2569228421711176,1.9009694847299696,0.4489778822710743,0.3580453133440744,0.5742626447682934,0.0014211519999999546
10.094,2.257820537177843,1.901686482139348,0.44871712445467843,0.358952096034634,0.5746248036993639,0.0014314249999999489
10.096,2.258717872240525,1.9024053072429488,0.4486179382272089,0.35987300756593976,0.5751231486158306,0.001455545999999957
10.098,2.2596150967158892,1.9031258466090557,0.44860653713691007,0.3606663585407971,0.5756110208683018,0.0014743399999999631
10.1,2.2605121390942,1.9038482744504774,0.44843584117443286,0.3617614828813324,0.5761649712940919,0.0014707639999999651
10.102,2.2614087255324873,1.904573118861612,0.4481505971127297,0.3630829282529936,0.5767739336007347,0.0014597319999999614
10.104,2.2623047771283775,1.9053004338031387,0.4479009987780291,0.36423201327424415,0.5773043081427378,0.001473200999999954
10.106,2.263200338011742,1.9060297040850152,0.4476598845861449,0.36503826860188116,0.5776264448686017,0.0014898649999999596
10.108,2.2640954398834947,1.9067605096637466,0.44744198716613437,0.3657673101292687,0.5779187287485843,0.001467113999999952
10.11,2.264990102540484,1.907492900760627,0.44722066982377456,0.36662378675159313,0.5782900038300016,0.001445428999999964
10.112,2.2658842687561043,1.908227038988386,0.44694554579614193,0.36751444100721337,0.5786425366803375,0.0014429189999999633
10.114,2.266777852644856,1.9089631201089734,0.4466383429553039,0.36856667957990663,0.5790744396832045,0.0014382779999999615
10.116,2.2676707935468063,1.9097014008759179,0.44630255899553567,0.36971408736503436,0.5795467889326313,0.0014421589999999594
10.118,2.268563159410352,1.910441698115821,0.44606330454995935,0.3705831525378757,0.5799175325948857,0.0014588229999999652
10.12,2.2694550646273397,1.9111836652589331,0.44584191243835736,0.3713839905747532,0.5802594931079718,0.0014669649999999603
10.122,2.2703464270786156,1.911927600376676,0.44552053883704024,0.37255112716789135,0.5807606158131877,0.0014548669999999563
10.124,2.2712371219567338,1.9126740923623813,0.44517433928086525,0.3739408585370417,0.5813879582839455,0.0014331809999999492
10.126,2.2721271442399424,1.9134234176253333,0.4448479439280859,0.375384404415428,0.5820679894096317,0.0014306699999999505
10.128,2.2730167084966877,1.9141750194447815,0.44471631281677954,0.3762174150326515,0.5825050577112632,0.0014100499999999436
10.13,2.273906191845462,1.9149277880500652,0.44476703595709105,0.3765511902508985,0.5827593973102662,0.0013958219999999388
10.132,2.274795658671893,1.9156815707833266,0.4446997904744609,0.3772315430109059,0.5831479578035221,0.001418877999999926
10.134,2.275684865636635,1.91643689568313,0.4445071742671242,0.37809335679228656,0.5835590924879869,0.0014355419999999316
10.136,2.2765736840396174,1.917194112936953,0.44431122871588735,0.37912389703115246,0.5840782458396387,0.0014543369999999213
10.139,2.277906233813094,1.9183340738453456,0.44405528693520674,0.3808500418972905,0.5850058566102366,0.0014665499999999218
10.141,2.278794492540064,1.9190964378149642,0.4442034400342449,0.3815139277209613,0.5855506580846203,0.0014693649999999226
10.143,2.279683068548784,1.9198597436278182,0.4443725686856539,0.38179188513270207,0.5858600714790765,0.0014817679999999268
10.145,2.2805717136660286,1.9206236578033828,0.44427254855964665,0.38212229043239787,0.5859996094273318,0.0014963019999999188
10.147,2.2814601557563163,1.9213886402303795,0.4441695417277777,0.3828601365640704,0.5864029893925531,0.0014810079999999135
10.149,2.2823483329893954,1.9221553658707535,0.44400769135172596,0.383865503810328,0.5869374370365605,0.0014667789999999216
10.151,2.28323612889343,1.9229239695119238,0.44378821268283164,0.38473813735973,0.5873426700447165,0.0014908999999999296
10.153,2.284123664930068,1.9236940435395806,0.4437478239547185,0.3853358902968257,0.5877039047134153,0.0015043679999999341
10.155,2.2850112041461115,1.924465041921962,0.4437913920891458,0.3856624920849821,0.5879509822201344,0.001502921999999935
10.157,2.285898733591786,1.925236704422724,0.44373805358508284,0.3860000086768651,0.5881321848853519,0.0015046719999999357
10.159,2.286786120841173,1.9260092932924895,0.4436491958015954,0.3865888610882579,0.5884518301891147,0.0015053569999999362
10.161,2.2876733844552986,1.9267832159399296,0.44361441832447446,0.3873337863523963,0.5889152860942273,0.0015028459999999373
10.163,2.2885606297894676,1.9275581114369915,0.4436309158443127,0.3875617107092222,0.5890776426760079,0.0014928779999999339
10.165,2.289447850275619,1.9283331918434963,0.44358957030744667,0.3875186957960525,0.5890182055565164,0.0015063459999999265
10.167,2.2903349685548005,1.9291083370201778,0.44352870887391727,0.3876264808851972,0.589043295759154,0.0015485759999999407
10.169,2.291222031612465,1.9298837533054298,0.4435343487902451,0.3877898043665544,0.5891550313181051,0.0015758929999999498
10.171,2.2921091578661983,1.9306594100022887,0.44359190494355183,0.38786689249281975,0.589249102183012,0.001588296999999943
10.173,2.292996390298599,1.931435244222783,0.4436405274566487,0.38796732800123135,0.5893518178460372,0.0016028309999999478
10.175,2.2938837274251944,1.9322114462248077,0.44369659913883897,0.3882346740232659,0.5895700418112534,0.001618429999999953
10.177,2.294771178497082,1.9329881847091246,0.4437544727491494,0.3885038102939942,0.5897908465700595,0.0016329639999999451
10.179,2.2956588133208835,1.933765337507769,0.4438803510521567,0.38864898835021094,0.5899811880016416,0.0016389759999999472
10.181,2.2965466961386225,1.9345426747713066,0.4440024666871974,0.3886882751877119,0.5900989456800565,0.0016417919999999456
10.183,2.2974347730066813,1.935320135561618,0.44407440137138376,0.38877251512354033,0.5902085584510244,0.0016648479999999532
10.185,2.298323024116651,1.9360976804209085,0.4441767085976887,0.38877234416654693,0.5902854259165036,0.0016761859999999567
10.187,2.2992114656357874,1.9368753164997754,0.44426481053935013,0.38886373470088514,0.5904119121842691,0.001673674999999958
10.189,2.3001000603669466,1.9376533382182846,0.44432992061950843,0.3891579838080706,0.590654733934556,0.0016839469999999617
10.191,2.300988741958828,1.9384317797904023,0.4443516712615283,0.38928358830926774,0.5907538572703971,0.00167930599999996
10.193,2.3018775314341737,1.9392103342578797,0.44443780408484546,0.3892708791685702,0.5908102733267517,0.0016842529999999574
10.195,2.3027664734309594,1.9399888633405673,0.44450419270053115,0.3892582035188639,0.5908518649670865,0.0016902649999999595
10.197,2.3036554726927427,1.9407672918149086,0.4444950690832461,0.3891702708227604,0.5907870734296583,0.0016898849999999598
10.199,2.3045445056812905,1.9415454994635934,0.4445379194640568,0.3890373778619271,0.5907317861899054,0.0017065489999999654
10.201,2.3054336621604294,1.9423234986974245,0.4446185596744617,0.38896185596875743,0.5907427435065565,0.0017093649999999664
10.203,2.3063229783776995,1.9431014940691824,0.4446976575962153,0.38903351578966955,0.5908494588972997,0.0017132459999999643
10.205,2.3072124313162834,1.9438796704893344,0.44475528098753025,0.3891429043619989,0.5909648551154195,0.001709669999999963
10.208,2.3085468544033327,1.9450469495107916,0.44486011037867923,0.3890431099427783,0.5909780530612616,0.001710697499999963
10.21,2.3094366389119254,1.9458248453635394,0.4449243982137912,0.3888527428047499,0.5909011556196867,0.0017380134999999723
10.212,2.310326595604329,1.9466026673286678,0.44503229419026774,0.38896922232418074,0.5910590484780104,0.0017397634999999712
10.214,2.3112167180001926,1.9473808192628128,0.4450901016732598,0.38918271182057856,0.5912430818094468,0.0017255344999999665
10.216,2.312106936105971,1.948159304876829,0.44512800410578945,0.38930290219617575,0.5913507332349973,0.0017507204999999523
10.218,2.3129973663824157,1.9489380055000172,0.44530227233878983,0.38939772099160463,0.5915443338107004,0.0017950814999999674
10.22,2.3138881915426452,1.9497167143927492,0.4455228878905884,0.3893111717402254,0.591653472968863,0.0017861794999999645
10.222,2.314779441712926,1.9504952107342133,0.4457272823904437,0.3891851697243264,0.5917245191814541,0.001734667499999993
10.224,2.3156710884260603,1.9512736381776676,0.4459194307438331,0.389242273729788,0.5919068223742985,0.0017097864999999848
10.226,2.3165631158998994,1.9520522103515425,0.4461080430951082,0.3893299001448293,0.5921065421534621,0.0017019494999999823
10.228,2.3174555242531296,1.9528309972611209,0.4463003101358131,0.3894570094340456,0.5923349804161774,0.0016983734999999843
10.23,2.318348218450263,1.9536100547112676,0.4463938869971373,0.3896004407125228,0.5924997938833438,0.0016905364999999816
10.232,2.319241006170058,1.9543892232847377,0.44639383279844114,0.38956813275798646,0.5924785093326397,0.0016645904999999961
10.234,2.3201337795486108,1.9551684026511515,0.44637954575383443,0.3896112336554943,0.5924960862807077,0.001668471499999997
10.236,2.3210265155824024,1.955947788491397,0.44635648803750927,0.3897746065895582,0.5925861611236158,0.001694722500000006
10.238,2.321919225185541,1.956727465146454,0.44635311510173614,0.38990204846785803,0.5926674537718902,0.0016986035000000038
10.24,2.3228119870046258,1.9575072386357273,0.4464087039826956,0.3898714408052371,0.5926891861229302,0.0017024845000000054
10.242,2.3237049047400884,1.9582868736534313,0.44650903147956167,0.3897635768984903,0.5926938173032696,0.0017212785000000116
10.244,2.3245980430060666,1.9590663700881266,0.44662923449923986,0.3897328577970701,0.5927641803922098,0.0017091805000000182
10.246,2.325491394835665,1.9598458517985808,0.4467225950987796,0.38974885265694975,0.5928450430923724,0.0016917565000000123
10.248,2.3263848850530526,1.9606254427622052,0.4467676222891975,0.38984211096772514,0.5929402835106712,0.0016753975000000213
10.25,2.3272785138760756,1.961405274009123,0.4468612007337144,0.38998913594991647,0.5931074598082032,0.0016537125000000142
10.252,2.328172388951528,1.9621853184381168,0.4470138747183152,0.39005529304356,0.5932659907848916,0.0016725075000000205
10.254,2.3290665783055684,1.9629654682387347,0.4471754793225783,0.3900945075747676,0.5934135439534373,0.0017126074999999983
10.256,2.3299611303542025,1.9637456945976008,0.44737656931134534,0.3901318512911246,0.5935896361634266,0.0017537725000000121
10.258,2.330856002083926,1.9645260316823532,0.4474951604128345,0.39020523346172864,0.593727246144078,0.0017757625
10.26,2.331751048380419,1.9653066305121352,0.447551136079596,0.3903935963199326,0.5938932391042582,0.0017764475
10.262,2.3326462586381167,1.9660875826416353,0.44765912161780774,0.3905585331798405,0.5940830388146221,0.0017877855000000037
10.264,2.3335416775094533,1.9668687641430374,0.4477597497194742,0.39062296822273723,0.5942012258250463,0.0018108414999999912
10.266,2.3344372743963646,1.9676501248113443,0.4478371371917635,0.3907377000839426,0.5943349659198955,0.0018179184999999936
10.268,2.3353330296157466,1.9684316969877709,0.4479180821901312,0.3908344763424272,0.5944595833618501,0.001813277499999992
10.27,2.3362289430475145,1.969213414261989,0.4479953495784214,0.39088279787617747,0.5945495731386918,0.0018320724999999816
10.272,2.337124978606779,1.969995174391026,0.44804020968582176,0.3908773311605732,0.5945797822921055,0.0018561934999999897
10.275,2.3384691958254695,1.9711676285126658,0.4481046027745478,0.39075874993254683,0.5945503642893358,0.0018716014999999903
10.277,2.339365496481544,1.97194909917554,0.4481960533002594,0.3907119129419933,0.5945885141076311,0.0018680254999999923
10.279,2.34026213467072,1.972730623057788,0.4484421358755877,0.39081196930579376,0.5948397637862921,0.001851666499999987
10.281,2.3411591914151084,1.9735123364202398,0.4486146085125609,0.3909013931458263,0.595028542285348,0.0018651344999999913
10.283,2.3420564601863973,1.9742941750295147,0.44865416277701703,0.39093721612934074,0.5950818974999197,0.0018722104999999874
10.285,2.3429538927311455,1.9750762484603306,0.44877838197095066,0.39113621468639415,0.5953062863465037,0.0018750254999999882
10.287,2.3438516115829002,1.9758588113535729,0.44894046978331276,0.3914266785557416,0.5956193332107693,0.0019087334999999994
10.289,2.344749654254546,1.9766417667084764,0.44910220186301014,0.3915286763482109,0.5958082679194591,0.001929658499999988
10.291,2.3456479575376354,1.9774249064342049,0.4492010812263117,0.39161104938004926,0.5959369306994079,0.0019473874999999937
10.293,2.3465463887467592,1.9782082971946775,0.4492301278980744,0.39177971109297394,0.5960696686088082,0.0019512684999999916
10.295,2.3474447935501312,1.9789919536474474,0.4491746754736858,0.39187674167676156,0.5960916622081592,0.0019391704999999876
10.297,2.348343010289911,1.9797758150798515,0.4490420643058815,0.39198469072695397,0.596062725961281,0.001934528499999986
10.299,2.3492410945192335,1.9805598365127988,0.44904216501708366,0.3920367422207724,0.5960970333882782,0.001925625499999991
10.301,2.350139232787931,1.981343958354326,0.4490961036801924,0.3920850993062046,0.5961694687240252,0.0019145924999999877
10.303,2.3510375309339135,1.982128149886427,0.4492020423018718,0.39210643279441504,0.5962633054674199,0.0019291264999999923
10.305,2.3519361127462903,1.9829123803575806,0.44937977007532925,0.3921240383595474,0.5964087853245923,0.0019393994999999866
10.307,2.352834990928419,1.983696721539413,0.4494984120532133,0.39221714347262965,0.5965593935830611,0.0019219754999999807
10.309,2.353734083224846,1.984481335131322,0.44959388437411796,0.39239644843682286,0.5967492217107954,0.0019183994999999827
10.311,2.3546333950005973,1.985266212148365,0.4497178913772172,0.3924805686059602,0.5968979632718043,0.0019308024999999869
10.313,2.3555330136802985,1.9860510795993145,0.44990078832364594,0.39238688234321706,0.596974191041177,0.0019197694999999835
10.315,2.3564329857488717,1.9868358422678642,0.45007128025017745,0.3923757862070617,0.5970953984981324,0.0019172584999999846
10.317,2.357333279210936,1.9876206617547059,0.4502221818138254,0.3924437006342315,0.5972537745085347,0.0019488364999999952
10.319,2.358233784684385,1.9884055921139425,0.45028329163490716,0.3924866586020847,0.5973280672345778,0.0019473914999999947
10.321,2.3591344178909344,1.9891906765862273,0.45034991491508086,0.3925978136831801,0.5974513278693366,0.0019150535000000129
10.323,2.3600352760354673,1.9899760639634516,0.45050822961749243,0.3927895635408989,0.5976966673654264,0.0019061515000000097
10.325,2.3609363772462033,1.990761849340346,0.45059298111889723,0.3929958133539198,0.5978960979529168,0.0019079025000000088
10.327,2.361837620869359,1.9915479593190097,0.45065064203657496,0.39311416530941734,0.5980173476872532,0.0019128485000000106
10.329,2.3627390226721476,1.9923341910464136,0.4507511607517304,0.39311756209416393,0.5980953323224409,0.0019316425000000166
10.331,2.3636406132038696,1.9931205606157936,0.45083937097096016,0.39325200728622284,0.5982501814894289,0.0019493715000000068
10.333,2.364542391079616,1.9939072780278064,0.45093850477509184,0.3934654047264139,0.5984651700853745,0.0019447305000000051
10.335,2.3654444066082796,1.994694370105965,0.4510770238884475,0.3936266734318599,0.5986755711711403,0.001947546500000006
10.337,2.3663466451923725,1.9954817148262283,0.4511615602050029,0.393718046831912,0.598799343526484,0.0019663414999999958
10.339,2.367248982713171,1.9962691724295747,0.4511759605929394,0.3937395565142731,0.5988243363299609,0.0019723534999999976
10.342,2.3686028061019067,1.9974507458996775,0.45137296523075215,0.3939760902209394,0.5991282946139161,0.0019733809999999976
10.344,2.3695057282230123,1.9982388467065708,0.4515491558752941,0.39412471667276394,0.5993587677377191,0.001976195999999996
10.346,2.370408833977297,1.9990272289468334,0.451556598408969,0.39425752358954047,0.5994517132126957,0.0019843379999999987
10.348,2.3713120031505035,1.9998159125993795,0.45161257479739536,0.39442612895634016,0.5996047772646717,0.002003133000000005
10.35,2.3722154294778823,2.0006048398352827,0.45181375258198736,0.39450110694715823,0.5998056271866332,0.0020347109999999877
10.352,2.373119240198498,2.001393909881383,0.4519969680334852,0.3945689391528482,0.5999882555981138,0.0020364609999999877
10.354,2.3740233727318887,2.002183241324574,0.45213556535782695,0.39476250403881485,0.6002199630605742,0.002023296999999996
10.356,2.374927762380796,2.002972794810134,0.4522540835491472,0.3947909815206086,0.600327973008825,0.0020356999999999997
10.358,2.375832320630062,2.0037622905182135,0.4523041657165024,0.39470472655889505,0.6003089866830525,0.002049168000000004
10.36,2.3767368753400087,2.0045518095694685,0.4522505442305641,0.39481432469663547,0.6003406580788125,0.002049853000000004
10.362,2.3776412941146785,2.005341560439746,0.4521682304391227,0.3949365455808514,0.6003590456166905,0.002047343000000003
10.364,2.3785456954646698,2.006131568016298,0.4522331195520227,0.3950710309704455,0.6004963896076352,0.002028853999999997
10.366,2.379450318488463,2.0069220220691277,0.45238990424187375,0.3953830218598121,0.6008197395516964,0.002022083000000001
10.368,2.380355206274658,2.0077129296893297,0.4524978819526779,0.3955245983418671,0.6009942105088492,0.0020302250000000036
10.37,2.3812603223277073,2.0085039947960563,0.4526181710971648,0.39554050838544275,0.6010952525025937,0.0020266490000000054
10.372,2.382165684769695,2.009295301711889,0.4527442708901007,0.395766407447197,0.6013388596186593,0.0020241390000000047
10.374,2.383071173507872,2.010086931448758,0.4527444672865574,0.3958633294213035,0.6014028003252961,0.0020109760000000003
10.376,2.383976657151211,2.010878704785418,0.4527391760529903,0.39591000723921804,0.6014295431430835,0.002009531000000001
10.378,2.3848822612053926,2.0116705550603817,0.45286487812841497,0.3959402677241878,0.6015440910255587,0.002009151000000001
10.38,2.3857881021785134,2.012462403064284,0.4529760949921436,0.39590773617769753,0.6016064146929293,0.0020098360000000014
10.382,2.386694140522321,2.01325421836249,0.453062248816129,0.39590756202922206,0.6016711717992231,0.002032891999999988
10.384,2.3876002831154532,2.0140461052451157,0.45308034431539157,0.395979320595918,0.6017320173836179,0.002041033999999991
10.386,2.388506454587189,2.014838071044021,0.4530911274208827,0.395986478309886,0.6017448468842856,0.0020491759999999863
10.388,2.3894128073319845,2.0156300328813015,0.4532616173744334,0.395975358970192,0.6018659142171615,0.002056252999999989
10.39,2.390319528138735,2.016422049603817,0.453459189375505,0.39604136354510117,0.6020581351229739,0.002045219999999985
10.392,2.3912265667048525,2.0172140979824755,0.45357937674255033,0.39600701511395464,0.6021260723682577,0.0020373829999999894
10.394,2.39213384014006,2.018006018445003,0.45369405846459177,0.3959134474134935,0.6021509416491097,0.0020348729999999887
10.396,2.3930413200007434,2.018797945665255,0.4537858022183472,0.3960137728384094,0.6022860305308934,0.0020376889999999897
10.398,2.3939490786045066,2.0195901361642568,0.4539728015451443,0.39617672616367017,0.602534067830617,0.0020309169999999936
10.4,2.3948572074713828,2.0203825807830706,0.4541560653307422,0.39626789264992296,0.6027320917471645,0.0020475809999999993
10.403,2.3962196479784716,2.021571667211587,0.45413760606181125,0.39645639302781854,0.6028421325788211,0.0020581964999999997
10.405,2.3971278372415936,2.022364680684995,0.4540516570605508,0.39655708038072346,0.6028436159399182,0.002017336500000022
10.407,2.398035942283206,2.0231577607398887,0.4540533845512814,0.39652297451267854,0.6028224824430956,0.0020020425000000174
10.409,2.398944122638712,2.023950804746537,0.45412697095452287,0.3965210321355209,0.6028766330470513,0.002003792500000018
10.411,2.3998524844450375,2.0247439327488723,0.4542348353716407,0.3966069702002941,0.6030144065248844,0.002003412500000018
10.413,2.4007611193335503,2.025537191229937,0.45440005314064813,0.3966515108644393,0.6031681601056759,0.0020083585000000197
10.415,2.401669953978235,2.026330709568602,0.4544345915448713,0.39686682780058247,0.6033357912481665,0.0020250225000000106
10.417,2.402578719769793,2.0271247916418202,0.45433120001292127,0.39721524541772096,0.6034871916598076,0.002054470500000021
10.419,2.4034873914091204,2.027919351343345,0.454340439313781,0.39734445610651353,0.6035792007635954,0.0020807225000000294
10.421,2.4043961354097196,2.0287141837145066,0.454403561285963,0.3974879150555685,0.6037211600768925,0.0020931255000000227
10.423,2.405304933926439,2.0295093354610585,0.45439495543326847,0.3976638314958399,0.6038305212583691,0.002097006500000024
10.425,2.4062137116157247,2.030304824689072,0.4543827338521542,0.39782539651731424,0.6039277398307813,0.002117931500000031
10.427,2.407122474237152,2.0311008236949792,0.45437988757573694,0.3981736093907229,0.6041550342822406,0.0021537695000000113
10.429,2.4080312685584646,2.031897377251193,0.4544144337367382,0.39837994682270317,0.6043170191370918,0.002143801500000008
10.431,2.408940221611624,2.032694296624695,0.45453861942297663,0.3985394266797403,0.6045155342629018,0.0021242465000000186
10.433,2.409849352831893,2.033491439979462,0.4545926008454874,0.3986039280871226,0.6045986472280174,0.002151563500000028
10.435,2.4107586078318994,2.0342885543488443,0.4546623991608939,0.39851044129515434,0.604589504566527,0.0021746195000000358
10.437,2.41166814070277,2.035085513751963,0.4548704717100861,0.39844896182391526,0.604705483034768,0.002182761500000031
10.439,2.412577939250476,2.0358824887290403,0.4549280759955152,0.3985260152534236,0.6047995859479017,0.002182381500000031
10.441,2.4134877758779285,2.0366796413156076,0.4549085514567924,0.39862657131384127,0.6048511664417504,0.0021745445000000284
10.443,2.414397700754059,2.037476931917857,0.4550163246740764,0.3986640309360573,0.6049569119219071,0.0021635115000000343
10.445,2.415307862998817,2.038274428417864,0.4551459200839605,0.3988324690710151,0.6051653881001103,0.0021610005000000333
10.447,2.416218214485932,2.039072285278389,0.45520556703120535,0.3990243914541698,0.6053367436655169,0.0021765995000000244
10.449,2.41712864745628,2.039870470423866,0.45522740331665124,0.3991607540230069,0.6054430578366858,0.0021975255000000315
10.451,2.4180391006573707,2.0406688780897375,0.4552257977736654,0.3992469118481738,0.6054986569588521,0.002204602500000034
10.453,2.418949477114493,2.0414674833620667,0.4551506593490191,0.3993583604814921,0.6055156668429911,0.0022159405000000275
10.455,2.419859778768302,2.042266350850544,0.45515099445973867,0.3995091279952456,0.6056153656482063,0.0022336705000000332
10.457,2.4207701777610344,2.043065404787744,0.45524799827224033,0.3995448092048564,0.6057118081178762,0.002239682500000035
10.459,2.4216807418668007,2.043864451177297,0.455316107494745,0.39950158034850164,0.6057344884065266,0.0022456945000000317
10.461,2.422591436858302,2.044663434453856,0.455378884006344,0.39948169621015944,0.6057685643922186,0.002249575500000033
10.463,2.423502315254458,2.045462562702781,0.4554995121502035,0.39964655271516875,0.6059679633992143,0.0022555865000000296
10.465,2.4244133358067157,2.0462618521704377,0.45552104010709227,0.3996429149414578,0.6059817467904066,0.0022669245000000336
10.467,2.425324359849092,2.0470610985538524,0.4555030022690806,0.3996034684729852,0.6059421730592666,0.0022718715000000353
10.47,2.4266911043865473,2.048260481888096,0.4556600227009733,0.3999854210227092,0.6063121253270178,0.002268106500000035
10.472,2.427602445942046,2.04906044011718,0.4556815327985261,0.39997280806150715,0.606319970413495,0.0022634655000000376
10.474,2.4285138359208,2.0498603820830716,0.45570844595500953,0.39996915783005815,0.6063377894622896,0.0022513675000000333
10.476,2.4294253988115075,2.0506605928907593,0.45585444475235853,0.40024164985739297,0.6066272769015988,0.0022509875000000334
10.478,2.430337181732135,2.05146127166555,0.4559284758754419,0.4004371249336102,0.6068118869461928,0.0022665865000000246
10.48,2.43124901584653,2.052262364942701,0.4559056385192671,0.4006561522173758,0.6069392914808643,0.002261945500000023
10.482,2.432160809894473,2.05306399677471,0.45588840942407494,0.40097567979226134,0.6071373301256308,0.0022381295000000363
10.484,2.433072671132701,2.0538659748686547,0.45597282880393564,0.4010024141522334,0.6072183765033652,0.0022356185000000353
10.486,2.4339847311823424,2.0546677658503754,0.4560872208370011,0.40078856756809644,0.6071630990962034,0.00225015150000004
10.488,2.4348970115364965,2.055469349927601,0.4561931333176972,0.40079550965825395,0.607247244084679,0.0022455105000000427
10.49,2.4358095200392773,2.0562710232370187,0.45631536946267437,0.4008777997590804,0.6073933871450514,0.002235543500000039
10.492,2.43672222613794,2.0570727678980543,0.4563907291995977,0.40086686127624027,0.6074427859221023,0.0022351635000000393
10.494,2.4376350257421295,2.057874589528533,0.45640887499036165,0.40095476920296047,0.6075144344923558,0.002248631500000032
10.496,2.438547847204905,2.05867655469892,0.45641258778478877,0.40101040118357256,0.6075539417581103,0.0022834045000000437
10.498,2.439460699283055,2.059478566465816,0.4564394903653455,0.4010013657128408,0.6075681884928965,0.002288350500000041
10.5,2.4403736483212133,2.060280594166927,0.4565095477927076,0.40102633539773097,0.6076373004584527,0.0022592085000000314
10.502,2.441286800220336,2.061082639359396,0.4566423513296627,0.40101885707109697,0.6077321455661959,0.002233262500000023
10.504,2.4422002339769433,2.0618847126374296,0.4567914052780515,0.4010544209630358,0.6078676142959856,0.00223714350000002
10.506,2.4431139106465274,2.0626870546027263,0.4568852643055939,0.4012875443336094,0.6080919650652284,0.002259133500000028
10.508,2.444027689028418,2.0634899294173192,0.4568931175854506,0.4015872702598579,0.6082956982682982,0.0022321215000000428
10.51,2.4449415454997907,2.0642932096988256,0.45696335378695274,0.4016930112460242,0.6084182623722912,0.0022253495000000402
10.512,2.4458556193869923,2.0650965953900564,0.4571105334141159,0.4016926799845249,0.6085285933391196,0.0022761015000000574
10.514,2.4467700181173857,2.065899967778546,0.4572881969799262,0.4016797085054496,0.6086535002135244,0.002305548500000041
10.516,2.4476847740525365,2.066703350114947,0.4574677381704566,0.4017026278953849,0.6088035255522519,0.00230197250000004
10.518,2.4485998657030743,2.0675067639851115,0.4576239123671631,0.40171124226847477,0.6089265697398252,0.0023037225000000403
10.52,2.4495152572089336,2.0683102256252393,0.45776759349267554,0.4017503978597371,0.6090603843893744,0.0023118645000000356
10.522,2.4504309436427314,2.069113934279416,0.4579188403047927,0.40195825631633464,0.6093111718382935,0.002282722500000026
10.524,2.4513469578603413,2.0699181339847064,0.4580953773058241,0.40224144897458003,0.6096306734262434,0.002226948500000057
10.526,2.4522633145689037,2.0707229916450034,0.45826133125604485,0.4026162113222318,0.6100026732269543,0.002188218500000044
10.528,2.4531800081366484,2.071528403182626,0.45843223648846737,0.4027953263002087,0.6102492854081106,0.0021718595000000387
10.53,2.454096919271652,2.0723339919389105,0.45847889851569795,0.4027934299844624,0.6102830881015922,0.002172545500000039
10.532,2.455013905841362,2.0731396038648593,0.45850767119416014,0.4028184959638608,0.6103212475692444,0.0021668395000000364
10.534,2.4559310718373664,2.0739451866860135,0.45865832480973034,0.40276432519011696,0.6103986898438744,0.0021430235000000283
10.537,2.4573073175352413,2.0751535477368495,0.45883880710686625,0.4028097087005321,0.6105642573314127,0.0021328655000000278
10.539,2.4582250777126147,2.0759591669777264,0.4589213702669479,0.4028095321768002,0.6106261894974582,0.0021442035000000213
10.541,2.45914303874045,2.0767647050184324,0.45903965756810683,0.40272850852895326,0.6106616565678575,0.0021544765000000247
10.543,2.4600611970489674,2.0775701708403336,0.45911865094989956,0.40273731337283764,0.6107268450238837,0.0021615535000000206
10.545,2.460979430900741,2.078375710090699,0.45911520082337715,0.4028019369922267,0.610766868839314,0.0021675655000000225
10.547,2.4618976651574744,2.079181436008582,0.45911905590991026,0.40292398089040626,0.6108502614194249,0.0021735775000000243
10.549,2.4628158246626777,2.079987452860126,0.4590404492937185,0.4030928706539634,0.6109026079988787,0.0021795895000000214
10.551,2.4637338954513304,2.0807939401615867,0.45903033935863985,0.40339443080657433,0.6110940347094448,0.0021877315000000236
10.553,2.4646520391573428,2.0816009406371836,0.4591133666533012,0.403606044789836,0.6112961007814656,0.0021745675000000193
10.555,2.465570343069236,2.0824081525604115,0.45919054524048575,0.40360587843861867,0.6113539579887118,0.0021528815000000315
10.557,2.4664888606156983,2.083215385562027,0.4593270012211539,0.40362712317640687,0.6114704805748845,0.0021461095000000294
10.559,2.467407573864427,2.084022646860205,0.45938624750823137,0.4036341750020762,0.6115196412457253,0.002141468500000032
10.561,2.468326360826929,2.0848299654349542,0.45940071499331747,0.40368439974677023,0.6115636610650452,0.0021581325000000376
10.563,2.4692452448051863,2.0856373268762405,0.4594832632637756,0.40367704153909445,0.6116208164257361,0.002158817500000038
10.565,2.470164274032383,2.0864446251828723,0.45954596393366187,0.40362126509335483,0.611631113174664,0.0021467195000000445
10.567,2.4710833731634096,2.087251878467584,0.4595531670925042,0.403632019618109,0.6116436222554312,0.002156991500000048
10.569,2.4720024974542705,2.088059146057888,0.4595711237678045,0.4036355706853248,0.611659457315646,0.002171524500000053
10.571,2.4729217134872554,2.0888665067817604,0.4596449092175185,0.4037251531874909,0.6117740121040153,0.0021796665000000486
10.573,2.4738410881061723,2.08967415972387,0.45972970969898774,0.40392778892208125,0.6119714573764016,0.002176090500000047
10.575,2.474760605250042,2.0904821479970463,0.4597874341713036,0.40406048425446395,0.6121024093709996,0.0021565355000000576
10.577,2.4756802448263895,2.091290311903224,0.459852142175914,0.4041034219228863,0.6121793595618553,0.002122067500000046
10.579,2.4766000318154173,2.092098584981787,0.4599348468517253,0.4041696566398663,0.612285206988465,0.0021206225000000457
10.581,2.4775199016501963,2.0929069907054862,0.4599349879275688,0.4042360670598241,0.6123291525249533,0.0021319605000000392
10.583,2.4784397340633846,2.0937155239450997,0.45989742526032384,0.40429717255319736,0.6123412818809336,0.002110275500000032
10.585,2.479359598902451,2.094524112757582,0.4599674138056496,0.40429163992887046,0.6123901957734408,0.0021088305000000313
10.587,2.4802796360538393,2.095332702999924,0.46006973758323505,0.40429860241325477,0.6124716510608615,0.002125494500000022
10.589,2.4811998654941623,2.0961414041156865,0.46015970273949963,0.4044025133491484,0.6126078230225376,0.0021272445000000226
10.591,2.4821203427976277,2.0969501854709205,0.46031760072650824,0.40437884188530443,0.6127108137638091,0.0021407125000000153
10.593,2.4830411285098863,2.097758822574868,0.4604681115317011,0.4042582620618726,0.612744338352348,0.0021499195000000185
10.595,2.4839621508134737,2.0985673048106586,0.4605541920553341,0.4042239737284948,0.6127864103883149,0.0021538005000000197
10.597,2.4848833363236427,2.0993757274642286,0.46063131811406316,0.4041986798420461,0.6128276952076759,0.0021438335000000253
10.599,2.4858046562430642,2.100184052907932,0.4606886013072103,0.4041267638611214,0.6128233257989257,0.002109365500000014
10.601,2.4867260695144426,2.100992388924896,0.4607246700707587,0.4042092531028498,0.612904839192654,0.002089810500000007
10.604,2.4881081958181106,2.102205380245137,0.46069286570828055,0.40445162705822857,0.6130408103418208,0.002054086500000027
10.606,2.4890296230006417,2.1030143659789813,0.4607343168225327,0.4045341067858044,0.6131263770634195,0.0020441195000000236
10.608,2.4899512298829545,2.103823455447736,0.4608725654898069,0.40455536196890773,0.6132442926917056,0.0020480005000000244
10.61,2.490873111350405,2.104632529995424,0.4610089019613035,0.4045191857192034,0.6133228997049549,0.002032706500000033
10.612,2.491795235134812,2.1054416094336554,0.461114882445122,0.4045602525117615,0.6134296477386457,0.0020291305000000323
10.614,2.4927175457778046,2.10625078362074,0.4611957605472376,0.404613934572411,0.6135258475377482,0.0020276855000000314
10.616,2.493640084832876,2.107060187089463,0.4613432945247831,0.4047895341513904,0.6137525579266293,0.0020145225000000383
10.618,2.4945628471103496,2.107869916774738,0.46141898294852257,0.404940151123125,0.6139087911219941,0.00201946850000004
10.62,2.4954858016158084,2.108679734019014,0.4615355225107888,0.4048770931533338,0.6139548021634819,0.002029740500000035
10.622,2.496409163299229,2.1094894229999412,0.4618261609095448,0.40481188777376953,0.6141303341990296,0.002025098500000033
10.624,2.497332871371221,2.110299100508952,0.4618819110818666,0.4048656212370665,0.6142076774547133,0.0020279135000000345
10.626,2.4982564845874102,2.111108912826895,0.46173130510786053,0.4049466967063451,0.6141478855210598,0.002042446500000026
10.628,2.4991799759446987,2.111918820521518,0.4617600521804445,0.4049609979164247,0.6141789280194765,0.0020324785000000226
10.63,2.500103576927705,2.112728796199912,0.461840930825511,0.40501468047737604,0.614275131181432,0.0020139885000000166
10.632,2.5010272409788175,2.1135388938028905,0.4618231202876294,0.40508292250167455,0.6143067381485408,0.0020157385000000158
10.634,2.501950978797856,2.114349079206303,0.46191469875079094,0.4051024809108317,0.6143884837479823,0.002026010500000019
10.636,2.5028748926391646,2.1151593252795142,0.4619991425582721,0.40514359230091784,0.6144790786569312,0.002050131500000006
10.638,2.5037989574074246,2.1159696482236043,0.46206562570159276,0.4051793517890628,0.6145526418226591,0.002065730500000011
10.64,2.5047232375167403,2.116779950977032,0.4622144836137258,0.4051234016385028,0.614627691710563,0.0020887855000000185
10.642,2.5056477991521167,2.1175901257060903,0.46234715176321406,0.40505132742025435,0.6146799708697743,0.002133145499999994
10.644,2.5065726321010655,2.1184004326803723,0.4624857971854638,0.405255646861587,0.6149188986455671,0.0021508745
10.646,2.507497760513063,2.119211252355546,0.46264261481157243,0.40556402831219673,0.6152400914281394,0.0021504945
10.648,2.508423094401591,2.120022471845995,0.4626912737170014,0.4056554621370349,0.6153369554443098,0.002157571499999996
10.65,2.509348489564339,2.120833806076175,0.4627038890304835,0.4056787680428886,0.6153618055784172,0.0021561264999999954
10.652,2.5102739836704884,2.1216452441952476,0.4627902171195538,0.4057593510300637,0.6154798420825025,0.0021578774999999944
10.654,2.511199639838132,2.122456924271793,0.46286595052383317,0.4059207255149585,0.6156431787626025,0.0021702814999999985
10.656,2.5121253954143117,2.1232689236197007,0.46288962565514163,0.40607862239262216,0.6157650957170656,0.0021624444999999957
10.658,2.5130513147012934,2.124081096717393,0.4630296613269173,0.40609447530027015,0.6158808246226875,0.002145019500000006
10.66,2.513977639479301,2.1248931989433633,0.4632951166803724,0.4060077506697103,0.6160232615281321,0.002154226500000009
10.662,2.5149044311616815,2.125705409651363,0.46349656569945513,0.40620295732989514,0.6163034228030394,0.002163433500000012
10.664,2.5158316047344034,2.12651825671529,0.46367700702303755,0.4066441065975234,0.6167299216612893,0.002156661500000016
10.666,2.5167591623748837,2.12733191782264,0.46388063345701425,0.407017000752493,0.6171289014444516,0.0021616075000000174
10.668,2.5176871249346444,2.1281460752341324,0.46408192630425504,0.4071404107405283,0.6173616026124674,0.0021750755000000104
10.671,2.51907973832943,2.1293675481646055,0.4643270035529589,0.4071748762413902,0.6175685760064715,0.0021840920000000107
10.673,2.5200085879386425,2.130181879542159,0.4645226056592927,0.4071565013116964,0.6177035435618612,0.0021730590000000076
10.675,2.5209378733588386,2.1309960520253273,0.464762814536707,0.40701598185630167,0.6177916179930987,0.002149242999999999
10.677,2.5218675855299257,2.131810026152573,0.4649493565511766,0.4069581453900925,0.6178938713538894,0.0021403410000000044
10.679,2.5227976566724544,2.1326239995106926,0.4651217859769744,0.4070152127291204,0.6180612099002343,0.0021378310000000032
10.681,2.5237280493407845,2.133438087053784,0.4652708823537475,0.407072330362827,0.6182110287864956,0.0021321250000000064
10.683,2.5246586991161526,2.134252382254755,0.46537889301420815,0.4072228706076544,0.6183914459378204,0.0021136350000000004
10.685,2.5255896458235023,2.135067046574362,0.4655678143350456,0.40744144899888496,0.6186775606946017,0.0020876879999999916
10.687,2.5265210294796416,2.1358820904948006,0.46581584180463076,0.40760247144028366,0.6189702522741978,0.002072394
10.689,2.5274528552998916,2.136697435034562,0.4660099784449877,0.40774206832079724,0.6192082802166163,0.0020879930000000046
10.691,2.528384972158241,2.1375129099938324,0.4661068799041819,0.40773289094915327,0.6192751681246113,0.0021259630000000176
10.693,2.5293171322836208,2.1383284728156107,0.4660532454763321,0.4078299308296273,0.6192987002243109,0.0021586059999999995
10.695,2.5302492192200137,2.139144220667539,0.46603369091643554,0.4079179210982746,0.6193419341707245,0.002177400000000006
10.697,2.5311814083173227,2.1399599018862387,0.4661554063929678,0.4077632976018698,0.6193317122354902,0.002179150000000005
10.699,2.532113842970218,2.1407754246215207,0.4662792465019599,0.4077594376798857,0.6194223879837183,0.0021958140000000108
10.701,2.533046525538794,2.1415910473271227,0.4664033220737271,0.40786326792167327,0.6195841380806608,0.002205021000000014
10.703,2.5339794685976704,2.1424067753574416,0.4665397368034027,0.40786476239778346,0.6196878169065361,0.002201445000000016
10.705,2.5349126967523365,2.1432223717327674,0.46668841786236104,0.40773161292787224,0.6197121489430701,0.00221278300000002
10.707,2.5358462203052494,2.1440376264262335,0.46683513505022134,0.407523080538019,0.6196854883636982,0.0022294470000000254
10.709,2.53678001799983,2.1448526669177705,0.4669625595307339,0.40751741099962113,0.619777760387809,0.0022375890000000207
10.711,2.5377140133315903,2.145667796710976,0.46703277222951334,0.4076123822053116,0.6198931072882433,0.002232948000000019
10.713,2.538648161639504,2.1464831110343234,0.467115535684676,0.40770194114269864,0.6200143518415573,0.0022251110000000235
10.715,2.539582622593065,2.1472985772251385,0.4673454178761412,0.4077642496720931,0.6202285247555696,0.002225796000000024
10.717,2.540517554277585,2.1481142577537136,0.46758626664364616,0.4079162789025996,0.6205099574926146,0.0022136980000000196
10.719,2.5414528819731323,2.148930456125428,0.4677414289043041,0.4082820928125403,0.6208673865044193,0.0021813600000000375
10.721,2.5423884894027324,2.1497473556829725,0.4678660006956691,0.4086174647317306,0.6211817987439321,0.002141565000000024
10.723,2.5433243202870495,2.1505646675797574,0.46796488362089417,0.4086944320530892,0.6213069057185138,0.0021433150000000245
10.725,2.5442603415396987,2.1513820311175604,0.4680563690286949,0.4086691057502251,0.6213591574790014,0.002172762000000008
10.727,2.5451965512548655,2.1521993942458217,0.4681533461376096,0.40869402251098974,0.62144859766199,0.0021830350000000115
10.729,2.546132972708843,2.153016731783482,0.4682681078401238,0.40864351514959135,0.621501844964264,0.0021954390000000048
10.731,2.5470695808651147,2.1538340850660056,0.46834004843131416,0.4087097673736613,0.6215996098062466,0.002195059000000005
10.733,2.548006372225335,2.1546514953827773,0.46845131178852367,0.4087005493979195,0.6216773846574684,0.0021818950000000005
10.735,2.5489433913277715,2.155468810073062,0.46856779064854404,0.40861414088704184,0.621708364561804,0.002190036999999996
10.738,2.550349349327088,2.1566947448182234,0.46873754222903957,0.40867568922055914,0.6218767582526458,0.002211837999999997
10.74,2.551287011196178,2.157512149629694,0.46892432686081315,0.4087291222497194,0.6220526663369371,0.002211457999999997
10.742,2.552224960663044,2.158329744061601,0.46902514000489254,0.4088653096569086,0.622218147756435,0.002208946999999996
10.744,2.5531630917011077,2.159147469118244,0.4691058980593267,0.4088597469867711,0.6222753701538684,0.0021989790000000015
10.746,2.5541013769137915,2.159965109475585,0.46917931462417684,0.40878061035408164,0.6222787290858236,0.0022103170000000055
10.748,2.5550396856029027,2.160782812602128,0.46912937448760333,0.4089225161893191,0.6223343106833608,0.002232307999999993
10.75,2.5559780003492576,2.1616008172530545,0.4691853718667832,0.40908213473675187,0.6224814102722664,0.002230862999999993
10.752,2.5569165831262333,2.162419088742721,0.4693974051084225,0.40918935492952757,0.6227116926075528,0.0022219609999999898
10.754,2.557855577313395,2.1632375334206655,0.46959678205375815,0.4092553230151904,0.6229053356100851,0.0022119939999999953
10.756,2.558794874896,2.164056006144542,0.4697008005508692,0.40921740086134195,0.6229588455153676,0.0022094839999999946
10.758,2.5597343482524635,2.1648744228393113,0.46977255591326106,0.40919929390805954,0.6230010565192747,0.0022154959999999913
10.76,2.5606740031139825,2.1656929396465445,0.4698823056054453,0.4093175133249125,0.6231614620911494,0.0022097899999999893
10.762,2.561613865028222,2.16651174676744,0.46997960863369753,0.40948960757040026,0.6233478733738039,0.0021923659999999834
10.764,2.562553864086955,2.1673308874345514,0.4700194501001815,0.40965105954106884,0.6234839805926029,0.0021845289999999876
10.766,2.563493915641466,2.1681502308081884,0.470032104410347,0.40969231409577833,0.6235206262871928,0.002179887999999986
10.768,2.5644339350679526,2.16896965681572,0.4699873220760552,0.40973369343555294,0.6235140595436172,0.002174181999999984
10.77,2.56537390297014,2.169789325243747,0.46998058011209487,0.4099347345914731,0.6236411085769464,0.0021738019999999842
10.772,2.566313983138274,2.1706094457368463,0.4700995880213934,0.4101857585076493,0.6238958079201842,0.0021734219999999843
10.774,2.567254299498537,2.1714300539214055,0.47021677224191316,0.4104224260517933,0.6241397124873909,0.002196477999999971
10.776,2.5681947673584062,2.1722509956220573,0.47025108762739054,0.41051927459960463,0.6242292529452055,0.002225925999999982
10.778,2.5691353250736726,2.1730719891730237,0.47030662763875053,0.41047427636644823,0.6242415041948859,0.0022575039999999918
10.78,2.570075997733678,2.173893014770965,0.4703660323671794,0.4105513215751529,0.624336921903508,0.0022635149999999885
10.782,2.5710167574790432,2.1747144529937352,0.47039371299774047,0.4108869011947754,0.624578490504793,0.002254612999999985
10.784,2.5719576392714423,2.175536682481547,0.47048807940104237,0.4113425866168203,0.6249494030904404,0.0022755389999999927
10.786,2.5728986931163997,2.176359590042037,0.47056576555713364,0.4115649738738692,0.6251542749067385,0.0022932689999999828
10.788,2.5738398532865085,2.1771826858210637,0.470594404551149,0.41153080515237955,0.6251533389371093,0.002318454999999991
10.79,2.5747811463271955,2.178005802829773,0.4706986361364076,0.4115862035574672,0.6252682696407383,0.0023287269999999853
10.792,2.575722741230382,2.178829059135825,0.47089626704982335,0.41167010249422614,0.6254722756518191,0.0023294119999999856
10.794,2.5766647168399817,2.1796523989128294,0.4710793425495578,0.4116696745097954,0.6256098367896117,0.0023460759999999917
10.796,2.577607031398006,2.180475619432893,0.471235215475287,0.4115508455542775,0.62564904441746,0.0023606099999999826
10.798,2.5785496596611983,2.1812986722905143,0.47139304771691526,0.4115020120667301,0.6257358159565498,0.0023474469999999782
10.8,2.5794925592216225,2.1821218411766097,0.47150651270712235,0.41166687402842955,0.6259297138637617,0.002354523999999981
10.802,2.5804355237661483,2.182945167860877,0.4714580318192009,0.411659810239345,0.6258885484917648,0.0023850369999999644
10.804,2.581378302931327,2.1837682831918377,0.4713211333592473,0.411455520721216,0.6256510659169473,0.0023931789999999667
10.806,2.5823208608691886,2.184591206999107,0.471236804502649,0.41146828654828627,0.6255959372892781,0.0023917339999999674
10.809,2.583734540154954,2.1858261086650095,0.4712160526742141,0.41179949072018995,0.6257982013838611,0.0023576089999999663
10.811,2.5846771108106714,2.1866498545033317,0.4713546030429845,0.41194634760155285,0.6259991654244188,0.0023274019999999563
10.813,2.5856200679965577,2.1874738704674073,0.47160258284307355,0.41206961647388207,0.6262670077252915,0.0023302179999999577
10.815,2.586563496113022,2.188298174305764,0.4718255336216663,0.41223422188322717,0.6265432051096236,0.00236179599999994
10.817,2.587507400510976,2.1891227498431154,0.4720788643319398,0.41234131546771857,0.6268044468497194,0.002364611999999941
10.819,2.588451692876765,2.189947441129586,0.4722135014567749,0.412349971002568,0.6269115484212157,0.0023471879999999346
10.821,2.5893961505500482,2.190772209205968,0.4722441718271294,0.4124181053798954,0.6269794665456229,0.0023159149999999523
10.823,2.590340725517269,2.191597248037626,0.4723307953929334,0.41262072627743746,0.6271780002760309,0.0023165999999999526
10.825,2.5912855670822506,2.192422697273439,0.47251076958950583,0.4128285095362825,0.6274502415841559,0.0023652219999999256
10.827,2.592230851101002,2.193248533154657,0.4727732491617555,0.41300737168139634,0.6277655885648228,0.0024074519999999397
10.829,2.593176647172354,2.1940745831938187,0.4730228221899936,0.4130426674798948,0.6279767794046952,0.002419854999999944
10.831,2.5941228667759426,2.194900608877143,0.47319678139908833,0.41298301584490926,0.6280685992014035,0.002410952999999949
10.833,2.595069409277634,2.195726560190145,0.4733457202919718,0.4129682971566911,0.6281711433799094,0.0024169649999999506
10.835,2.5960162677758065,2.1965525520211706,0.4735127778799643,0.41302353386846025,0.6283333433336095,0.002426172999999954
10.837,2.5969634408250544,2.1973787279609995,0.4736602713682092,0.41315240596095887,0.6285292063412284,0.002432184999999951
10.839,2.597910748995933,2.198205111777397,0.4736478995100689,0.41323141043610895,0.628571818713913,0.0024339359999999513
10.841,2.598858005491853,2.1990316500789224,0.4736085964104467,0.4133068910899564,0.6285918300585194,0.0024388829999999486
10.843,2.599805284129978,2.1998584360198543,0.4736700417143349,0.41347904984143297,0.6287513284880072,0.002432111999999946
10.845,2.6007526082477557,2.2006854713370645,0.4736540760628192,0.41355626736837126,0.6287900842495711,0.0024146879999999405
10.847,2.6016998552096657,2.2015125158130857,0.4735928858476115,0.4134882086534652,0.6286992287421072,0.0024057859999999454
10.849,2.6026471167358243,2.2023396464079688,0.4736686403107928,0.4136423862294753,0.6288576981316916,0.002402209999999944
10.851,2.6035946480682304,2.2031670168679938,0.47386269209504617,0.4137280737953622,0.6290602276459586,0.002408220999999946
10.853,2.604542526176382,2.203994539057801,0.4740154160569502,0.4137941160122803,0.629218710073078,0.0024110359999999446
10.855,2.605490672704537,2.2048224698332146,0.4741311120978414,0.4141366594011787,0.6295311621509326,0.0024042639999999425
10.857,2.6064391501817634,2.205650688787694,0.4743463651292454,0.41408229507857697,0.6296575428031249,0.00240814499999994
10.859,2.607388172065392,2.206478396683127,0.47467551849903333,0.41362560035441714,0.6296054201886115,0.0024248089999999458
10.861,2.6083377510140022,2.2073056329727097,0.47490343011108066,0.41361068922821825,0.6297674731002799,0.002415906999999943
10.863,2.6092875674262577,2.2081330930475107,0.47491298214502015,0.4138493855732524,0.6299314681369989,0.0024293759999999354
10.865,2.6102374485981343,2.208960615782794,0.47496818973119187,0.4136733497098435,0.6298574612693637,0.0024588239999999454
10.867,2.6111875607758996,2.2097879207664413,0.4751439880336033,0.4136316339374268,0.629962648065917,0.0024797489999999526
10.869,2.612137982370886,2.21061550318901,0.4752776069533257,0.4139507886315442,0.6302730036103065,0.002524108999999928
10.871,2.613088611872572,2.2114436809905613,0.47535189473209905,0.41422701291982605,0.6305104614975696,0.0025354459999999317
10.874,2.6145148786377157,2.212686789577279,0.4754926153636306,0.4145120448919444,0.6308038226151192,0.0025172989999999312
10.876,2.6154660346520204,2.2135159209304316,0.4756633989417878,0.4146193082611347,0.6310030426834693,0.0025179839999999306
10.878,2.6164174637936166,2.2143451736481916,0.4757657426542004,0.4146334094983882,0.6310894597088125,0.002523994999999933
10.88,2.6173690310769824,2.2151744008885625,0.47580154071132214,0.41459383087215806,0.6310904457686866,0.002532136999999936
10.882,2.6183207633573478,2.2160035756553134,0.475930739654436,0.4145809358789932,0.6311793891932154,0.0025573229999999217
10.884,2.6192726878043855,2.216832794802244,0.47599370738291147,0.4146382110516917,0.6312644893642252,0.002578247999999929
10.886,2.620224643215492,2.217662189768536,0.4759617037241141,0.4147567552404293,0.6313182315041526,0.0025608239999999386
10.888,2.6211765651258645,2.2184918199499206,0.47596020664812955,0.4148734261439757,0.6313937583101144,0.0025433999999999327
10.89,2.622128473329261,2.2193217050395577,0.47594799674824345,0.41501166349284885,0.6314753965466647,0.002571781999999942
10.892,2.6230803805594527,2.2201519078259304,0.4759592334436391,0.4151911228801602,0.6316018211015108,0.0026289259999999104
10.894,2.624032326327516,2.2209824335901014,0.4759865346193689,0.41533464129040043,0.6317167445895203,0.0026434589999999158
10.896,2.6249843466943306,2.2218133432620384,0.47603383219522294,0.41557503064613044,0.6319104489490596,0.002621772999999908
10.898,2.6259363897436128,2.2226446890288765,0.4760092170874335,0.4157707361923705,0.6320206324370566,0.0026086099999999154
10.9,2.6268884565136568,2.2234761819137807,0.4760575529563705,0.41572214871142205,0.6320250775531373,0.0026007729999999126
10.902,2.6278407687564136,2.2243075108265633,0.47625468980078867,0.4156067640718356,0.6320977075575483,0.0025961309999999152
10.904,2.6287934524391736,2.2251388010812403,0.4764289929590291,0.4156834906048664,0.6322794870098196,0.0025989459999999163
10.906,2.629746325507487,2.2259704462293635,0.4764440753541442,0.41596165751780934,0.6324737602976338,0.0026017609999999173
10.908,2.6306991979102943,2.2268025257407293,0.47642832745359087,0.41611785384837635,0.632564636611631,0.0025832709999999274
10.91,2.6316521335351992,2.227634759449178,0.4765072974508706,0.41611585459968203,0.6326228014964022,0.00259034799999993
10.912,2.6326052162608113,2.228466962262213,0.476575428160792,0.4160869584351849,0.6326551159253242,0.0026368399999999455
10.914,2.6335583636579853,2.229299184651603,0.4765719690135841,0.4161354309552513,0.632684390945278,0.0026694829999999274
10.916,2.6345115402404735,2.2301315810675018,0.47660461347438265,0.41626098494328795,0.6327915653444046,0.002688276999999934
10.918,2.6354648988675806,2.2309642605835918,0.47675401363339964,0.4164185311473788,0.6330077271238451,0.0027102669999999216
10.92,2.6364184752447146,2.2317971513070516,0.4768223635004808,0.4164721923121821,0.6330945058231826,0.002730126999999928
10.922,2.6373721162396278,2.232630043650674,0.4768186314122957,0.416420151310026,0.6330574615933057,0.0027297469999999283
10.924,2.63832576780177,2.2334628623762898,0.47683293073058275,0.4163985743059595,0.6330540391729228,0.0027144529999999366
10.926,2.6392794034141995,2.2342957565306354,0.47680268169845996,0.41649558003955955,0.6330950682696337,0.002721529999999939
10.928,2.6402329802439928,2.23512881597332,0.4767741480946469,0.41656386264491546,0.6331185038782458,0.00275523899999995
10.93,2.6411865411779343,2.235961970586912,0.47678678584728623,0.4165907509474731,0.6331457122444766,0.0027495329999999533
10.932,2.642140141649647,2.236795143040366,0.4768136858653744,0.4165817025065962,0.6331600160242418,0.0027257169999999453
10.934,2.643093815276116,2.2376281555487,0.4768599406041434,0.41643080582804637,0.6330955844069545,0.002727466999999945
10.936,2.6440476121058967,2.238460932590844,0.4769368891761437,0.41634623631538825,0.633097926667752,0.0027334779999999463
10.938,2.6450015343846327,2.2392936392900262,0.47698538955950404,0.4163604628664952,0.6331438200690535,0.0027469459999999507
10.941,2.6464324989847023,2.2405428498866415,0.47699101048689513,0.41644660154370605,0.6332047030957774,0.0027623539999999513
10.943,2.647386520656052,2.241375802211535,0.47703066086346596,0.41650572335015057,0.6332734551418268,0.002758777999999953
10.945,2.648340643141916,2.2422088637460247,0.47709182499992314,0.41655581113931384,0.633352471595153,0.002747745999999949
10.947,2.649294891845693,2.243042134933385,0.4771568787777903,0.4167153762215555,0.6335064259693309,0.0027409749999999533
10.949,2.6502492650842107,2.243875657060717,0.4772163597393626,0.416806751110451,0.6336113333693916,0.0027576389999999593
10.951,2.651203740855911,2.2447092614701116,0.47725941196067756,0.4167976582839011,0.6336377784318067,0.0027615189999999606
10.953,2.6521582880228096,2.2455427220926936,0.47728775493833364,0.41666296429837957,0.6335705381660258,0.00278031299999995
10.955,2.6531130028906627,2.24637581788321,0.4774271129145874,0.41643282621783007,0.63352422755387,0.002824673999999965
10.957,2.654068115231289,2.2472085607510874,0.47768522771136906,0.416310041659275,0.6336380887857119,0.002847729999999973
10.959,2.6550236903287487,2.248041189224258,0.477889869748787,0.416318431511939,0.6337978889402154,0.002866524999999962
10.961,2.6559795461266007,2.2488740592032173,0.47796592810267796,0.4165515474467461,0.6340083754236477,0.0028959719999999715
10.963,2.656935582641895,2.2497073540455337,0.4780705871921221,0.4167432948702444,0.6342132607865653,0.002908374999999965
10.965,2.657891882061038,2.250540942484294,0.4782288319506969,0.4168451438900039,0.6343994717002891,0.0028930819999999596
10.967,2.6588484478414824,2.2513747796404937,0.4783369484930989,0.4169920123090804,0.6345774772423505,0.002882049999999956
10.969,2.6598052708203803,2.2522088009283374,0.4784860304054967,0.4170292755350273,0.6347143435802279,0.0028848659999999543
10.971,2.660762361476559,2.2530429058044037,0.4786046257727186,0.41707560053082177,0.6348341865158096,0.0028876819999999553
10.973,2.661719710856706,2.253877101471806,0.47874475437422076,0.41712006687142156,0.6349690465114438,0.0028979549999999586
10.975,2.662677288137023,2.254711280326198,0.4788325259434019,0.41705878752081127,0.6349949764759308,0.002907161999999954
10.977,2.6636348956177938,2.255545351402034,0.4787749548267415,0.4170122883146004,0.6349210234152968,0.0028939979999999493
10.979,2.6645924453094167,2.25637930059505,0.4787747367968089,0.4169369047020117,0.6348713500366417,0.002891486999999951
10.981,2.665550088446287,2.2572132890066827,0.4788684000727948,0.4170515069305173,0.6350172470266406,0.002882584999999948
10.983,2.666507883214617,2.2580475767260193,0.47892636825729196,0.4172362124059897,0.6351822755359404,0.002855572999999939
10.985,2.667465776994746,2.2588819646750764,0.4789674118720294,0.417151736651543,0.6351577386970803,0.002839212999999948
10.987,2.668423776944891,2.2597164456558323,0.4790325382725117,0.4173292441042293,0.6353234378711466,0.002861202999999955
10.989,2.6693818759451875,2.2605516640484846,0.4790664620235981,0.41788914854767517,0.6357169303311879,0.002909824999999972
10.991,2.6703400647505378,2.261387526541337,0.47912234332732095,0.4179733443050784,0.635814388343827,0.002935010999999958
10.993,2.671298366634621,2.262223392292922,0.4791795407555757,0.4178924072796554,0.635804290910898,0.0029239779999999547
10.995,2.672256807474022,2.2630595161018996,0.47926129864558914,0.41823140169852313,0.6360887498975029,0.0029076189999999633
10.997,2.673215410902818,2.2638959984147418,0.47934213015029836,0.41825091114337637,0.6361624811392842,0.002885933999999956
10.999,2.6741741298870148,2.2647320909057322,0.47937685404609226,0.41784157984685133,0.635919612878893,0.0028514659999999445
11.001,2.6751329947323077,2.265567723492948,0.4794879912472416,0.41779100736968594,0.6359701719336307,0.0028446949999999483
11.003,2.6760919693896024,2.266403470640596,0.47948666604728074,0.4179561402782199,0.6360776667305681,0.00284964199999995
11.005,2.6770509302700183,2.2672394224445314,0.4794742143683994,0.4179956636564565,0.6360942517267353,0.002840739999999947
11.007,2.678009884695713,2.26807562914073,0.47948021132665,0.41821103254253944,0.6362403168568822,0.002841424999999947
11.01,2.6794479804175286,2.2693311032254138,0.47925026988368763,0.41877169058017444,0.6364358176713225,0.002853637999999948
11.012,2.680406414993217,2.2701688029494638,0.47918430580460303,0.41892803346965213,0.6364890385200591,0.002852192999999947
11.014,2.681364887405196,2.271006552822942,0.47928810617461837,0.41882184000907724,0.636497307448383,0.002841160999999953
11.016,2.6823236050958554,2.2718440848186177,0.4794295844847371,0.41871015566621994,0.636530377073426,0.0028397159999999527
11.018,2.6832825734203407,2.2726813881529466,0.47953874000018565,0.41859317866245965,0.636535664659654,0.002848922999999956
11.02,2.6842417476589366,2.273518516798967,0.4796354985962999,0.4185354673580758,0.6365706158395659,0.002832563999999965
11.022,2.685201090581027,2.2743556341976814,0.4797074234937947,0.4185819313560633,0.6366553584262266,0.0027895739999999505
11.024,2.686160600845498,2.2751929018970243,0.47980284097775355,0.41868576798734103,0.636795523323989,0.0027828029999999544
11.026,2.687120251478053,2.2760303020263373,0.479847791576676,0.4187143613253355,0.6368481918488085,0.0028047939999999616
11.028,2.6880800244816414,2.2768678166861154,0.4799252120114973,0.4188002984525735,0.6369630280544116,0.0028054789999999614
11.03,2.689040003148407,2.277705705898961,0.4800534547546428,0.4190889143937471,0.6372494312195166,0.002789119999999971
11.032,2.6900001826897157,2.2785441850650443,0.4801260865537948,0.4193902516891867,0.6375023468202932,0.0027695659999999642
11.034,2.690960487211349,2.2793830731156524,0.4801784350790487,0.4194977989187917,0.6376125256083628,0.0027819689999999684
11.036,2.6919209176521472,2.2802220613273434,0.4802520057198235,0.4194904127726373,0.6376630735788854,0.002807154999999954
11.038,2.692881493935186,2.2810612124628715,0.4803242773185309,0.41966072275535105,0.6378295490216117,0.00279399199999995
11.04,2.693842211050606,2.2819006611532835,0.4803928381019942,0.4197879676570966,0.6379649023961775,0.00279467699999995
11.042,2.6948031043780167,2.2827402224278757,0.4805004893084335,0.41977330693484893,0.6380363229790784,0.0028283849999999606
11.044,2.6957641860693267,2.2835797490700744,0.4805812020013216,0.419753335263447,0.6380839711055456,0.002839722999999965
11.046,2.6967254004782397,2.2844192394388116,0.4806332069122166,0.4197370334743758,0.6381124170995193,0.0028414739999999637
11.048,2.6976867781939764,2.2852587203688355,0.4807445088242524,0.41974389654910493,0.6382007689237749,0.002837897999999963
11.05,2.6986483966055306,2.286098265230561,0.4808739027296859,0.4198009651760861,0.6383357742514929,0.002847104999999966
11.052,2.699610230832238,2.2869379602475126,0.480960323978229,0.4198940517759045,0.638462095944645,0.002887204999999944
11.054,2.700572246825713,2.2877778234606168,0.48105566949640427,0.41996916132805,0.6385833176815845,0.002896411999999947
11.056,2.70153448595763,2.288617885260642,0.4811834624210084,0.420092638697905,0.6387607921559044,0.002883247999999954
11.058,2.702496928340083,2.289458095448579,0.4812589200318598,0.4201175492387445,0.6388340185749354,0.0028764759999999525
11.06,2.703459519682058,2.2902982998225316,0.4813324219426983,0.42008682471340875,0.6388691890450016,0.0028760959999999526
11.062,2.7044223210189315,2.2911385017972647,0.4814689149316227,0.4201151500203546,0.6389906535482809,0.0028799769999999503
11.064,2.7053853844282494,2.2919787101975735,0.481594494385871,0.42009325028796557,0.639070884926148,0.0028795969999999504
11.066,2.706348597071325,2.292819007912481,0.4816181486895755,0.4202044646192914,0.639161820850682,0.0028792169999999504
11.068,2.707311760521541,2.2936596737194215,0.48154530152717895,0.4204613423217587,0.6392758542365861,0.0029054689999999357
11.07,2.708274868965194,2.2945005604531556,0.48156314212517115,0.42042539141194557,0.6392656486918059,0.0029231989999999415
11.072,2.7092380863772756,2.295341270969683,0.4816542699571429,0.4202851251162608,0.6392420685170362,0.002905774999999951
11.074,2.7102014740676545,2.2961819020168677,0.48173342042164613,0.42034592206783056,0.6393416790341399,0.0028883509999999453
11.076,2.711164939392506,2.297022690788199,0.48173190442981845,0.42044284926348474,0.6394042674571206,0.0028741229999999407
11.079,2.7126101803786913,2.29828431401166,0.4817620863601568,0.420639299710448,0.6395561963697852,0.002886335999999941
11.081,2.713573775138975,2.299125795228026,0.4818326739241945,0.42084191665617554,0.6397426392509589,0.002904064999999932
11.083,2.714537430478626,2.299967741142627,0.48182266572645716,0.4211039979444132,0.6399075388620747,0.0029100759999999334
11.085,2.715501037043529,2.300810196944455,0.4817838991759307,0.42135180388374494,0.640041458142556,0.002913955999999934
11.087,2.7164647221859863,2.3016531335459267,0.4819012432818721,0.42158479758827405,0.6402831794090488,0.0029018569999999413
11.089,2.717428668282907,2.302496309903475,0.4820448536386983,0.421591559959824,0.640395724805305,0.0028908239999999377
11.091,2.718392768619368,2.303339444530443,0.4820554828224416,0.421543067008559,0.6403718028318859,0.0028968359999999344
11.093,2.719356874205313,2.304182532475211,0.4820501031224473,0.4215448777593606,0.6403689451289126,0.0029145659999999405
11.095,2.720321019126389,2.3050255682530496,0.48209481795350395,0.421490900079176,0.64036707625172,0.002935491999999947
11.097,2.721285316443269,2.3058685461464266,0.48220249892687617,0.4214869932982559,0.6404455757446749,0.0029478959999999403
11.099,2.7222498649829623,2.3067115035563175,0.48234604076616877,0.4214704165925079,0.640542750412071,0.0029421899999999383
11.101,2.723214650450716,2.30755446206384,0.4824394269872007,0.4214880909298814,0.6406247041033108,0.0029364839999999363
11.103,2.724179526000913,2.308397535178885,0.482436123210271,0.4215850241153811,0.6406859960515153,0.0029456919999999312
11.105,2.72514448089162,2.3092407319075865,0.48251876749669237,0.4216117045857769,0.6407657843785446,0.0029367899999999283
11.107,2.726109697693356,2.3100838794081,0.48269803423993574,0.4215357959277628,0.6408508558998347,0.002912973999999942
11.109,2.727075219820701,2.310927094223333,0.4828240931043291,0.4216790193051529,0.6410400145109301,0.0029136589999999418
11.111,2.7280409940757426,2.311770599073037,0.4829501619370048,0.42182583039858385,0.6412315417276617,0.002927126999999946
11.113,2.729007061353026,2.312614261014872,0.48311711534664586,0.4218361114365386,0.6413640557848281,0.002918224999999951
11.115,2.7299734088006335,2.3134579813698397,0.4832303322606709,0.4218842435308505,0.6414809965668168,0.0029103879999999483
11.117,2.730939941279761,2.314301756827784,0.48330214686669054,0.4218912144130205,0.6415396807406736,0.0029142679999999495
11.119,2.73190652968309,2.3151456290484997,0.48328625646276835,0.4219810063031626,0.6415867637088739,0.0029373229999999366
11.121,2.7328731026996156,2.3159897615716636,0.48328676006250515,0.42215151686035457,0.6416993031313122,0.0029699659999999476
11.123,2.7338397574731945,2.3168342276978864,0.48336801351692443,0.42231460936270165,0.6418677946216564,0.0029663899999999494
11.125,2.734806578304543,2.3176790074359186,0.48345281783139216,0.4224651286692586,0.6420306939786029,0.002944703999999942
11.127,2.7357736512703448,2.3185240754046186,0.48362014796988523,0.4226028400305572,0.6422473105621436,0.0029581719999999465
11.129,2.7367411145248637,2.319369413241246,0.4838431065496525,0.42273499659746583,0.6425021627231132,0.0029982719999999243
11.131,2.737709000069876,2.3202149167377573,0.4840424384623832,0.4227684999131656,0.6426743240175683,0.0030117399999999286
11.133,2.738677239116075,2.321060390452358,0.4841966077373657,0.42270521468808114,0.6427488261124008,0.003006032999999932
11.135,2.7396457777094256,2.3219057986499125,0.4843419856131685,0.4227029828662672,0.6428568820132102,0.003003521999999931
11.137,2.740614618086537,2.3227512885049566,0.48449839149760265,0.4227868721773151,0.6430298831697028,0.003007402999999932
11.139,2.741583769562308,2.3235969730654675,0.4846530842741769,0.42289768833390695,0.6432192992243273,0.003021936999999924
11.141,2.7425531964212224,2.324442911667583,0.4847737746400382,0.42304091378134157,0.6434044041749349,0.0030332749999999273
11.144,2.7440077328704935,2.325712393183421,0.48491719154051455,0.42328009677726225,0.6436697312902857,0.003021519499999927
11.146,2.744977664194768,2.3265589584706845,0.4850141327335312,0.4232851904857782,0.6437461156666042,0.002985985499999915
11.148,2.7459477409428814,2.327405535886947,0.4850626153801908,0.42329222577700965,0.6437872701775997,0.00297814849999992
11.15,2.746917873794257,2.328252267496345,0.48507023599507326,0.4234393836209168,0.6438897774072656,0.0030097264999999302
11.152,2.747888104269292,2.3290992321460227,0.48516023904079586,0.42352526605718566,0.6440140592680661,0.003022129499999923
11.154,2.748858489945359,2.329946476327564,0.48522543702631965,0.42371891548384527,0.6441905339852402,0.0030025744999999165
11.156,2.7498289917976915,2.330794154520342,0.485276415305772,0.4239592772935886,0.6443870483299009,0.0029915414999999125
11.158,2.750799672326885,2.331642160642208,0.4854041138881954,0.4240468445730113,0.6445408289409692,0.002993291499999912
11.16,2.7517706442739307,2.3324903830726837,0.48556783315728985,0.4241755859025329,0.6447488257242682,0.0029950414999999125
11.162,2.7527419959263892,2.333338934623395,0.48578381930072245,0.42437596480854567,0.6450433152909818,0.003005313499999916
11.164,2.753713700206233,2.3341877633225976,0.4859204605435581,0.42445273439462533,0.6451967279132296,0.003009194499999913
11.166,2.7546856540741462,2.3350366253741646,0.48603340736969614,0.4244093171718809,0.6452532383349185,0.0030109454999999144
11.168,2.755657842847533,2.335885413128413,0.48615536601729487,0.4243784370768312,0.6453248002077588,0.0030041744999999183
11.17,2.756630304358697,2.336734173139417,0.4863061451464632,0.4243815739268548,0.6454404597605015,0.003005925499999919
11.172,2.7576031428886156,2.337582964322732,0.48653238477197813,0.42440960938797073,0.6456293657918281,0.003028981499999927
11.174,2.7585764194411455,2.3384317793090936,0.48674416775835805,0.4244053769738924,0.6457861943794775,0.003038188499999922
11.176,2.759549977770655,2.339280588054969,0.48681416175065495,0.4244033689013792,0.6458376325484858,0.003023959499999917
11.178,2.760523468409614,2.3401295675170557,0.4866764772078053,0.4245760931848951,0.6458473909303561,0.0030161224999999143
11.18,2.761496721338699,2.3409788815448622,0.4865764518779198,0.42473793462218784,0.6458784379658664,0.003014677499999915
11.182,2.7624698922227826,2.3418283681300496,0.48659443220528,0.42474865056507716,0.6458990305071164,0.0030036454999999114
11.184,2.763443099246099,2.3426779353768503,0.48661259111148186,0.4248185962360116,0.6459587088476829,0.003014983499999905
11.186,2.764416398244603,2.3435276477290694,0.48668640739206526,0.4248937559826685,0.6460637453171744,0.003046561499999915
11.188,2.7653899488657796,2.3443774723898665,0.48686421378453515,0.42493090481433177,0.6462221263082534,0.00306109549999992
11.19,2.7663638388482683,2.345227339090415,0.4870257687047233,0.42493579573438917,0.6463470661176124,0.003052193499999925
11.192,2.7673379103847675,2.346077294979613,0.4870457677940888,0.42502009346327235,0.6464175583735812,0.0030305084999999177
11.194,2.7683119451237124,2.3469275471328905,0.4869889711505295,0.425232059813914,0.646514162811485,0.003004562499999909
11.196,2.769285973483478,2.3477780649471396,0.48703938861556173,0.4252857544357948,0.6465874565664287,0.0030063134999999083
11.198,2.770260184804764,2.3486285445189186,0.4871719326699663,0.4251938173429791,0.6466268431546008,0.003010194499999909
11.2,2.771234672515975,2.349479016078103,0.48731577854182034,0.42527774184189143,0.6467904032389156,0.0030311194999998975
11.202,2.7722095269194247,2.350329664217526,0.4875386249072421,0.42537039758128276,0.6470192314876761,0.0030477834999999035
11.204,2.773184869624946,2.351180343181364,0.48780408061362335,0.4253085662561092,0.6471786442661173,0.0030175754999998937
11.206,2.7741606107078653,2.3520309940149287,0.4879370023064305,0.425342267308891,0.6473009829895623,0.002992694499999907
11.208,2.7751365549109277,2.3528817447489674,0.48800720075548004,0.42540846672948024,0.6473973984766441,0.003004032499999911
11.211,2.776600778448414,2.35415797358076,0.4881418242353355,0.42541075446540205,0.6475003865501732,0.0030162454999999116
11.213,2.7775771412646786,2.3550088594677936,0.48822099202992797,0.4254751325690314,0.6476023668064547,0.0029892334999999264
11.215,2.7785537020946984,2.355859938609913,0.48833983798943476,0.42560400955009037,0.647776636127501,0.0029611554999999174
11.217,2.7795304127403986,2.3567113008969116,0.48837080771043334,0.42575827744829764,0.647901347922261,0.0029586444999999155
11.219,2.78050721019292,2.3575628836973888,0.4884266448113784,0.42582452302918383,0.6479869688309575,0.0029646564999999125
11.221,2.781484171380666,2.358414602424106,0.4885345429342095,0.4258942036875546,0.6481140890110269,0.0029546894999999086
11.223,2.7824612929103636,2.3592665234966574,0.4885869867629184,0.42602686886366886,0.6482408014217016,0.002970288499999914
11.225,2.78343852398988,2.3601184675764033,0.4886440927538124,0.42591721088271267,0.6482117863085378,0.003000801499999897
11.227,2.7844158687139284,2.360970003878565,0.48870063129452357,0.42561909127885506,0.6480585759703394,0.003021727499999904
11.229,2.7853933775213378,2.361821193275127,0.48880817611546357,0.4255703052837028,0.6481076436646849,0.003019217499999905
11.231,2.786371087741372,2.3626725112953313,0.48890204391819,0.42574771492031294,0.648294936974871,0.0030028584999998997
11.233,2.787348999671471,2.3635240566570017,0.4890098861805626,0.42579764674984266,0.6484090566610176,0.003008869499999902
11.235,2.78832720824155,2.364375762663046,0.4891986838990126,0.42590835929489,0.6486241460551644,0.0030287294999998913
11.237,2.7893057967045314,2.3652278552121357,0.48938977908224063,0.426184189794601,0.6489493967182994,0.0030496554999998983
11.239,2.790284657221243,2.366080286165437,0.4894707376288932,0.42624676350607366,0.6490515437115727,0.003071646499999906
11.241,2.7912636757539815,2.366932739967213,0.4895477951100385,0.4262070382704405,0.6490835717905368,0.0030755274999999032
11.243,2.792242954822169,2.3677852845052128,0.48973127307749603,0.42633749972907636,0.64930761854867,0.0030740824999999027
11.245,2.793222609870671,2.368638106092955,0.48992377542475546,0.4264840880138729,0.6495490613152105,0.003070507499999905
11.247,2.7942026587652067,2.36949117775521,0.4901251191108027,0.42658757424080207,0.649768874970193,0.003050953499999898
11.249,2.795183079559983,2.370344366743393,0.49029567566509297,0.426601413941869,0.6499066209488036,0.0030367254999998936
11.251,2.7961637874578478,2.3711975297297934,0.49041222220039343,0.42656157245891163,0.649968401372057,0.0030448674999998893
11.253,2.797144685793308,2.3720507513679605,0.49048611325972935,0.42666006570813964,0.6500887931434521,0.0030530094999998915
11.255,2.798125669429517,2.372904281465464,0.49049752294884025,0.4268700317950694,0.6502352221032567,0.0030494334999998903
11.257,2.7991066541118035,2.373758154381202,0.4904871593380664,0.42700288394333347,0.6503146287539976,0.003062901499999883
11.259,2.8000876393439498,2.3746122067817454,0.4904980728079308,0.4270495165996073,0.650353480083141,0.003088087499999891
11.261,2.8010686643183296,2.3754663416229986,0.490526901572381,0.427085324654184,0.6503987359314055,0.0030919684999998888
11.263,2.8020497903924446,2.376320666408913,0.4905991725423792,0.42723946125995194,0.6505544599470218,0.0030851964999998867
11.265,2.8030310699557663,2.3771752904658054,0.4906803907790195,0.4273845956319939,0.6507110253242788,0.003108251499999894
11.267,2.8040125704445105,2.378029965887118,0.49082009796563214,0.4272908256812209,0.6507548065733608,0.0031291764999998826
11.269,2.8049944254168473,2.378884353019497,0.4910348743707411,0.42709630669762155,0.6507891386947375,0.0031287964999998827
11.271,2.8059766672023074,2.3797384589394683,0.49120691108926173,0.42700961327367487,0.6508620739680469,0.0031401344999998867
11.273,2.806959086289448,2.3805924404570944,0.4912121760516496,0.42697190435282634,0.6508413086214456,0.0031536024999998797
11.275,2.8079415178154314,2.381446382447344,0.4912193499314494,0.42697008589656926,0.6508455300588608,0.0031660054999998835
11.278,2.8094154598850998,2.382727711808966,0.4914086965139985,0.4272494885181309,0.6511717380603917,0.0031638379999998833
11.28,2.8103983966220776,2.3835824904112277,0.49152804046448917,0.42752911374394587,0.6514452837050433,0.0031400219999998965
11.282,2.8113814997310476,2.3844376633633266,0.49157506850523164,0.4276438383548458,0.6515560608718092,0.003117270999999889
11.284,2.812364667665615,2.385292902522943,0.49159286606161795,0.427595321260949,0.651537646438738,0.003129673999999893
11.286,2.8133478879022364,2.3861482204940327,0.4916273705605634,0.4277226498293735,0.6516472486409762,0.0031484689999998826
11.288,2.8143311611404638,2.387003839838292,0.4916458676662214,0.4278966944294023,0.651775452358311,0.0031502199999998834
11.29,2.815314584019699,2.3878596705077393,0.49177701156979525,0.4279339750186082,0.6518988541819546,0.0031370569999998907
11.292,2.8162983714652388,2.388715566448175,0.49201043396948263,0.4279619654166669,0.652093329959857,0.003098326999999878
11.294,2.8172825448631165,2.3895714791374196,0.4921629639078699,0.4279507238277462,0.6522010465088746,0.0030968809999998774
11.296,2.818266924838562,2.3904274450336485,0.4922170115385133,0.4280151724015187,0.6522841208045822,0.0031167399999998666
11.298,2.8192514310307004,2.391283595411812,0.4922891805995316,0.4281352057615154,0.652417344763161,0.003103575999999862
11.3,2.8202360918044564,2.3921398171060937,0.4923715931560112,0.42808648851984776,0.6524475667823755,0.0031117179999998646
11.302,2.821220891931325,2.3929958319558495,0.4924285337132727,0.427928361236549,0.6523868048677887,0.003158209999999839
11.304,2.8222058709760214,2.3938516649590165,0.49255051098275987,0.42790464193025274,0.6524633234556834,0.0031684829999998423
11.306,2.8231911876479727,2.394707557919971,0.4927661609691853,0.4279883190246216,0.6526810021885349,0.003160645999999846
11.308,2.824176888880109,2.3955635950502274,0.4929350711667925,0.4280488112315034,0.6528481976561734,0.0031655919999998483
11.31,2.825162822285696,2.396419832473218,0.49299833441997293,0.4281886117588308,0.6529876300366051,0.0031598859999998462
11.312,2.8261488519417743,2.3972764249777527,0.4930313216589408,0.4284038927760705,0.6531537181111754,0.0031488539999998525
11.314,2.8271349705933653,2.398133349252695,0.4930873299318651,0.4285203821656929,0.6532724032674023,0.003169779999999859
11.316,2.8281212853955013,2.398990434441927,0.49322747220398827,0.42856480706610206,0.6534073256341264,0.0031907059999998666
11.318,2.8291078697076983,2.399847606719482,0.4933568399936442,0.4286074704896887,0.6535329642245169,0.003191391999999866
11.32,2.8300946358001515,2.4007049345695783,0.4934092524594063,0.4287203796062562,0.6536465821086213,0.003199533999999869
11.322,2.8310814098237813,2.401562497522636,0.4933647711710678,0.42884257345223303,0.6536931621470535,0.00319808799999987
11.324,2.832068003060034,2.4024202154131644,0.4932284650814331,0.42887531707592186,0.6536117780177764,0.0031913159999998678
11.326,2.8330545859105962,2.4032780535966367,0.49335438548059635,0.4289628663962562,0.6537642468197762,0.003182413999999865
11.328,2.834041489928137,2.4041358548614506,0.49354963206094477,0.4288383984179842,0.6538299559252357,0.0031788379999998667
11.33,2.8350287415895155,2.404993479123115,0.4937020293169346,0.42878586324632667,0.6539105521946843,0.0031752619999998654
11.332,2.836016192104019,2.40585098429128,0.49374848518596176,0.4287193049183493,0.6539019873292208,0.003170620999999864
11.334,2.8370034795374113,2.4067080035635517,0.49353894820698235,0.4282999673539984,0.6534688633995429,0.003172370999999863
11.336,2.837990466774586,2.4075643148106005,0.4934482889675782,0.4280112796946205,0.6532111981823775,0.0031592069999998584
11.338,2.838977397160498,2.4084202439297244,0.49348209694511236,0.42791783942962736,0.653175517994563,0.003158825999999859
11.34,2.8399645532690263,2.4092760359231886,0.493674011582671,0.4278741540342844,0.6532919113250076,0.0031701629999998627
11.342,2.8409521472570565,2.4101318049898777,0.4939199764470184,0.42789491265434704,0.6534913919929585,0.0031665869999998614
11.344,2.841940134707366,2.4109876948608098,0.49406747386301525,0.42799495827803025,0.653668381551987,0.0031640769999998625
11.347,2.8434227218137886,2.4122720056366687,0.49432393041880773,0.4282122256277246,0.6540044788545011,0.0031523214999998627
11.349,2.844411361158571,2.4131285754986624,0.4943154143632783,0.42835763636559093,0.6540932605598803,0.0031444844999998596
11.351,2.8453999419910865,2.4139853734931545,0.494265418151875,0.42844035812626957,0.6541096575133362,0.003141974499999859
11.353,2.8463886094563606,2.414842323781099,0.49440204712300423,0.4285099298186238,0.6542584689192636,0.003134137499999863
11.355,2.847377575323584,2.4156994185191496,0.49456382010021055,0.4285848082316976,0.6544297594082304,0.0031209734999998588
11.357,2.848366803638678,2.416556639872753,0.4946644949938483,0.42863654537215595,0.654539724261328,0.0031163314999998614
11.359,2.8493562281163194,2.4174140275376286,0.4947599826474198,0.42875111950315287,0.6546869197597291,0.0031276684999998645
11.361,2.8503458703966444,2.4182716137528573,0.4948822976774709,0.4288350957251407,0.6548343514814441,0.0031411364999998693
11.363,2.8513357657237983,2.4191291901997816,0.4950130294768238,0.42874135119967477,0.6548717779690507,0.0031460824999998667
11.365,2.852325926712673,2.4199867729913564,0.49514795939743617,0.4288414403747601,0.6550392985753939,0.0031425064999998655
11.367,2.853316324258186,2.4208448109389447,0.4952495861154305,0.42919650721323854,0.6553486052106533,0.0031336044999998626
11.369,2.854307096548224,2.421702725659266,0.4955227039232086,0.42871821310840735,0.6552419830522412,0.0031332244999998627
11.371,2.8552984131553107,2.4225596443104913,0.4957939031631684,0.4282004381166951,0.6551085479652199,0.0031275184999998607
11.373,2.8562900354072998,2.4234161545663255,0.4958283488264015,0.4283098177180656,0.6552061137181171,0.0031132904999998687
11.375,2.8572817385980196,2.4242727184146635,0.49587484189322956,0.4282540306195902,0.6552048332884612,0.0031310194999998745
11.377,2.8582736101634127,2.425129172245317,0.49599672349954,0.4281998000336221,0.655261641232808,0.003175379499999889
11.379,2.8592656200055218,2.4259856471794987,0.49601311861002323,0.4282751341483294,0.6553232823294244,0.0031931084999998797
11.381,2.8602576982835277,2.426842193693984,0.49606515939571044,0.42827138033663104,0.6553602197125905,0.003178880499999875
11.383,2.861250003870159,2.427698538460943,0.4962404272361625,0.4280733866227623,0.6553635525097578,0.003185957499999871
11.385,2.8622425759533194,2.428554588019916,0.49633165592383005,0.42797617235009733,0.6553691454222814,0.003196229499999874
11.387,2.8632352643586874,2.429410529514522,0.49635674944356,0.4279653222555572,0.6553810645506017,0.00318306549999987
11.389,2.8642280354197656,2.430266499462212,0.49641431163507965,0.42800462543520584,0.6554503247310667,0.0032007944999998604
11.391,2.865220912445353,2.431122490608951,0.4964627139517529,0.4279865213035286,0.6554751625819515,0.0032323724999998703
11.393,2.8662139567547875,2.4319785942949737,0.4965815954826606,0.4281171647188026,0.6556505072818682,0.003214948499999865
11.395,2.8672072837875637,2.4328349860486362,0.4967454372942011,0.4282745889444642,0.6558773917495228,0.003191132499999878
11.397,2.8682008682535045,2.4336916156982427,0.4968390286461292,0.4283550606615634,0.6560008219357663,0.0031918174999998783
11.399,2.8691946367990533,2.434548558865948,0.4969295169029883,0.42858810704420547,0.6562215405403671,0.0031914374999998784
11.401,2.870188618610916,2.4354059626382227,0.4970522949594906,0.4288156652301838,0.6564631434218539,0.003193187499999879
11.403,2.8711829224500005,2.436263600508274,0.49725154412455996,0.4288222048207371,0.6566182920704977,0.0032194384999998877
11.405,2.8721775260886604,2.437121255363865,0.49735209453599266,0.42883265077081073,0.6567012626045873,0.003247820499999872
11.407,2.8731722896425245,2.4379789617548484,0.49741145932795255,0.4288737402123661,0.6567730543456449,0.003247440499999872
11.409,2.874167273621029,2.4388365615321823,0.49757251917614775,0.42872603712119184,0.6567986196277665,0.003238538499999869
11.412,2.875660124170319,2.4401226544015744,0.4976611803503672,0.42866920914016376,0.6568287001133356,0.003206010999999868
11.414,2.8766553824885177,2.440980172512118,0.4975971378489638,0.4288489014042203,0.6568974743680229,0.003183260999999881
11.416,2.8776506275916423,2.4418380496401793,0.4976479652751386,0.42902822665668244,0.6570530546391693,0.003192468999999884
11.418,2.8786460403992082,2.44269617213101,0.49776484229146145,0.42909426417471663,0.6571846968463926,0.0031793059999998914
11.42,2.879641616941878,2.4435544215379927,0.4978117003778907,0.4291551428077795,0.65725993764377,0.0031235319999998725
11.422,2.8806372408454797,2.444412893361519,0.49781220322366176,0.42931668071800144,0.6573658053330115,0.003110368999999868
11.424,2.881632873084282,2.4452717366999126,0.49782003557918186,0.4295266576763432,0.6575088877564078,0.0031004019999998737
11.426,2.8826286177573377,2.4461309512310154,0.49792463747614957,0.42968787342599385,0.6576934036274865,0.003082977999999868
11.428,2.8836246521745004,2.4469904143577224,0.4981097796863375,0.4297752532805728,0.6578906603316027,0.0030719449999998642
11.43,2.8846209955135085,2.4478499429461147,0.49823355932216623,0.42975333511229424,0.6579700667013465,0.0030577159999998728
11.432,2.885617487595171,2.4487093956936556,0.49825852233965917,0.4296994124282217,0.6579537522693062,0.0030658579999998745
11.434,2.8866140549728536,2.449568819492169,0.49830885534378844,0.4297243860857067,0.6580081787567493,0.0030697389999998726
11.436,2.887610776713048,2.4504282446105576,0.4984128848502579,0.4297007323028639,0.6580715182458317,0.0030746849999998744
11.438,2.888607819566746,2.4512876148950915,0.4986299688471672,0.4296695522307729,0.658215595338427,0.003071108999999873
11.44,2.889605200792945,2.452147291064316,0.4987512573522897,0.4300066169940182,0.6585275296972255,0.003060075999999879
11.442,2.8906026440711106,2.453007889610171,0.4986920208128616,0.43059192886085074,0.6588650399152497,0.0030554339999998774
11.444,2.89159997563923,2.453869524142695,0.4986395473063858,0.4310426036632841,0.6591199620029273,0.0030284219999998684
11.446,2.892597247045718,2.4547320365556815,0.49863185918223707,0.4314698093234909,0.659393605784272,0.0029992799999998846
11.448,2.8935944998948253,2.4555955415943758,0.49862098992479775,0.4320352293702773,0.6597555085110038,0.0029957039999998834
11.45,2.8945916572660138,2.456460127437373,0.4985363812644079,0.4325506136272417,0.6600292090457167,0.0030038459999998787
11.452,2.895588612885789,2.4573256669673444,0.4984192385103697,0.4329889163437671,0.6602280961863154,0.0030183799999998835
11.454,2.896585422770723,2.4581922802730256,0.4983906464231175,0.43362438933694647,0.6606234536177872,0.0030254569999998864
11.456,2.897582242608274,2.4590604066312176,0.4984291911284587,0.4345019688555656,0.6612288707462284,0.003009097999999895
11.458,2.8985790210919933,2.45993029747995,0.49834929259067257,0.43538887987656744,0.6617518372817682,0.0030044569999998936
11.46,2.899575546416875,2.4608019570441835,0.49817603229072244,0.4362706843568492,0.6622019851813497,0.0029806409999998855
11.462,2.9005718144305006,2.4616752058455647,0.49809198133561644,0.43697811702463896,0.6626050834616644,0.002960020999999897
11.464,2.9015679998881696,2.4625496646413905,0.49809347633315754,0.43748067880096475,0.662937746315446,0.002989468999999907
11.466,2.9025643163809542,2.4634247297138723,0.4982230164519831,0.4375843936812354,0.6631035180994649,0.0029997419999999012
11.468,2.9035610123957363,2.464299465184802,0.4984729983296369,0.4371510772479744,0.6630055764492503,0.003004687999999903
11.47,2.9045580587929978,2.46517373113911,0.4985733989313912,0.4371148770601613,0.6630571995456501,0.0029883289999998977
11.472,2.905555265524473,2.4660481958444995,0.4986333325445325,0.4373498283294451,0.6632571693274498,0.0029719699999999068
11.474,2.906552693641226,2.466922866301683,0.4987947842078361,0.43732062885372797,0.6633593062390561,0.002990763999999913
11.476,2.9075506707451355,2.467796856650283,0.49918231970170795,0.43666971974605284,0.6632220084148855,0.0030010359999999166
11.479,2.9090492848618927,2.469104500105003,0.4998937581370029,0.4350925834008947,0.6627211521860463,0.0029780949999999294
11.481,2.9100492953584522,2.469974221530255,0.5001167384221105,0.43462884185118345,0.6625850754573867,0.0029500179999999193
11.483,2.9110499436435764,2.470842932352943,0.5005315467018547,0.4340819808364429,0.6625398066008117,0.0029304629999999136
11.485,2.91205172536557,2.471710099849943,0.5012501752926591,0.4330855161639971,0.6624309794551861,0.0029151689999999215
11.487,2.913054802740501,2.4725753394492433,0.50182719963786,0.43215408313603926,0.6622595336176954,0.0029286369999999254
11.489,2.9140588337889874,2.4734389411236286,0.5022038488484054,0.43144759124895316,0.6620843826829597,0.0029335829999999276
11.491,2.915063414825325,2.4743015755396445,0.502377187490027,0.43118682476744036,0.6620460077392032,0.0029236159999999336
11.493,2.916068404527763,2.4751634046510342,0.5026125149472964,0.4306422866219768,0.6618701679397939,0.002931757999999936
11.495,2.917073853577411,2.4760239616413355,0.5028365347011149,0.42991470367983897,0.6615672551376385,0.0029441609999999296
11.497,2.91807953281918,2.47688345000297,0.5028427070676363,0.42957365795423186,0.6613503728427831,0.0029650869999999366
11.499,2.9190850732513582,2.477742734157879,0.5026977251101667,0.4297104969544063,0.6613290512473647,0.0029551199999999322
11.501,2.92009028262273,2.4786029616021783,0.502511646262279,0.43051694734518126,0.6617120193714479,0.0029547399999999328
11.503,2.921095413138547,2.4794644438997553,0.5026188695544032,0.4309653502316552,0.6620852370597303,0.0029564899999999336
11.505,2.9221006773398472,2.4803268268310177,0.5026453317453503,0.43141758103054023,0.6623997726053626,0.0029486529999999305
11.507,2.9231057304666765,2.4811906678283795,0.5024077950843746,0.4324234163317215,0.6628752548960779,0.0029695789999999193
11.509,2.924110225687448,2.4820564274107033,0.5020874256866331,0.4333361659917614,0.6632284793259935,0.0029660029999999176
11.511,2.9251140860385902,2.4829241793968526,0.5017729254559641,0.43441582015808466,0.663696597493356,0.002953903999999924
11.513,2.9261175016314933,2.4837938783488682,0.5016426674469742,0.43528313185719597,0.6641662221783976,0.002962045999999927
11.515,2.927120702603274,2.4846650479428174,0.5015583043333333,0.4358864620916249,0.6644981117207799,0.0029723189999999304
11.517,2.9281236852172325,2.4855376325514156,0.5014243096256218,0.4366981465068488,0.6649297778307486,0.0029804609999999256
11.519,2.9291265377211415,2.4864117306314424,0.5014281942830452,0.437399933519866,0.6653938201284548,0.0029736889999999235
11.521,2.930129452100701,2.4872867169938417,0.5014861852761471,0.4375864288793469,0.6655601225751148,0.0029722429999999227
11.523,2.931132563483784,2.488161557386011,0.5016251978076904,0.4372539632903686,0.6654463671016166,0.002971862999999923
11.525,2.932136113120048,2.4890358957035006,0.5019244384559547,0.43708435419888914,0.6655605717023699,0.0029789399999999256
11.527,2.9331401645352573,2.489909970474087,0.5021269767538439,0.4369904163878478,0.6656516542447558,0.002997733999999915
11.529,2.934144528887288,2.4907836566163777,0.5022373752764688,0.4366957259029489,0.665541537506488,0.0030016139999999164
11.531,2.9351492843916476,2.4916567008137513,0.5025181290825456,0.4363484714704183,0.6655257009396349,0.0030022989999999162
11.533,2.936154665796429,2.492528976718096,0.502863275699423,0.4359274328743434,0.665510481344636,0.0030061799999999144
11.535,2.9371606352090187,2.4934004180327314,0.5031061368901582,0.4355138817610243,0.6654232684412936,0.0029994079999999122
11.537,2.9381671854144176,2.494271012216333,0.5034440685082189,0.4350803018404837,0.6653952202756754,0.0030011579999999123
11.539,2.9391745028692733,2.4951406904975095,0.5038733863478365,0.4345979793362567,0.6654049842861064,0.0030284739999998974
11.541,2.9401825749098704,2.4960094241866853,0.50419865424898,0.4341357098392362,0.665349605473769,0.0030312889999998985
11.543,2.941191222093519,2.4968772317686496,0.5044485294001125,0.4336718721256933,0.6652365079330357,0.0030394309999998937
11.546,2.9427047404018003,2.4981779399344837,0.5045636761207654,0.43346690509699587,0.6651902442721696,0.0030436549999998943
11.548,2.9437138503899036,2.499045065849292,0.5045463119822112,0.43365900971081367,0.6653022753893258,0.003046470999999895
11.55,2.9447230332856487,2.4999125559007984,0.5046365837622974,0.43383104179534004,0.6654828731804541,0.0030844409999999075
11.552,2.9457325543001005,2.500780267477665,0.5048844306902265,0.43388053507184055,0.6657030922773461,0.003081930999999909
11.554,2.946742612700324,2.501648212530122,0.5051739695329095,0.43406451738472557,0.6660425997982949,0.003061310999999902
11.556,2.9477530972299633,2.5025164003779863,0.5053105601071884,0.4341233304803127,0.6661845301589938,0.003061995999999902
11.558,2.948763878921524,2.5033843306497867,0.5054711314532009,0.4338069413196975,0.6661002380045593,0.003053093999999899
11.56,2.9497750253763497,2.504251805704393,0.5056753233722655,0.4336681132862509,0.666164818306177,0.0030420609999998955
11.562,2.950786562786439,2.5051191736714005,0.5058620867176356,0.4336998537217546,0.6663272573567676,0.003037418999999898
11.564,2.9517985636685906,2.505986671256496,0.5061387954335499,0.433797731373856,0.6666010440946136,0.0030391689999998985
11.566,2.952811109157789,2.5068544184698798,0.5064066937647446,0.4339494820095303,0.6669032106880873,0.0030377239999998975
11.568,2.95382417536429,2.507722232305858,0.5066595127370579,0.4338643539688877,0.6670398335120573,0.0030416049999998957
11.57,2.9548378118625918,2.508589888251621,0.5069769855643619,0.4337915917939143,0.6672336989414017,0.003049746999999898
11.572,2.955852064283726,2.50945763565415,0.5072754355705092,0.4339558107359348,0.6675672349694317,0.0030472369999998998
11.574,2.956866766240474,2.5103256509177037,0.5074265211770581,0.4340594528172222,0.6677494163036294,0.003051117999999901
11.576,2.9578816610034755,2.5111939132854744,0.5074682418241275,0.43420291495321095,0.6678743802646846,0.003057128999999903
11.578,2.9588966676191073,2.5120623619784177,0.5075383738084037,0.4342457779904544,0.6679555348903203,0.003049291999999907
11.58,2.959911774879384,2.5129308534413566,0.5075688864683223,0.43424568494815596,0.6679786593947338,0.0030467819999999064
11.582,2.960926913134533,2.513799502758517,0.50756936868029,0.4344036322120597,0.6680817163353138,0.0030591859999999104
11.584,2.9619420575039355,2.5146683907751486,0.5075750007224796,0.4344843844198934,0.6681385048499742,0.0030481539999999167
11.586,2.9629572367362176,2.515537528173855,0.5076042315591042,0.43465301428618536,0.668270378458282,0.003040316999999914
11.588,2.9639725389954257,2.516406986480422,0.5076980276494998,0.4348052922812723,0.6684406701233812,0.0030623069999999018
11.59,2.96498808462574,2.517276792247877,0.5078476026644614,0.4350004751730272,0.668681240153184,0.003074709999999906
11.592,2.966003850283094,2.518146940161324,0.5079180546887819,0.4351474382737783,0.668830354660334,0.003077525999999907
11.594,2.9670196680575125,2.519017109451757,0.507899719730353,0.43502185215923034,0.6687347285420567,0.0030835379999999035
11.596,2.9680354278882652,2.5198871137898493,0.5078601110218487,0.4349824859327361,0.6686790376820163,0.0030778319999999015
11.598,2.9690512133565283,2.5207572849738367,0.5079253572410856,0.43518869805438026,0.6688627448458696,0.0030572119999998947
11.6,2.9700672457748456,2.52162780002039,0.5081070610766351,0.4353263484994636,0.6690902892837497,0.003053635999999896
11.602,2.9710835440579637,2.52249838784412,0.5081912220409665,0.43526147523036574,0.66911200107247,0.0030702999999999018
11.604,2.9720999227904934,2.5233688713178197,0.5081875104891511,0.43522199846977155,0.6690835028374134,0.003086963999999893
11.606,2.973116412998307,2.5242394172670855,0.5083026973241832,0.43532395079569286,0.6692373078687492,0.0030833879999998923
11.608,2.9741331405612557,2.525110102484205,0.508424865624117,0.43536126632360905,0.6693543726605495,0.003075550999999889
11.61,2.9751500280234136,2.5259808374650516,0.5084625965345361,0.4353737145236744,0.6693911288423117,0.0030698449999998923
11.613,2.9766755213481626,2.5272871319395223,0.5085329532980808,0.4354892684568305,0.66951972900814,0.0030293284999998904
11.615,2.9776926158536874,2.5281580709021143,0.5085615522263938,0.4354496941347688,0.6695157119328737,0.002994860499999879
11.617,2.9787098395988756,2.5290290130673054,0.5086621929615267,0.4354924710561337,0.6696199809556215,0.0029816974999998754
11.619,2.9797271713897953,2.5299000733742414,0.5086695979587548,0.4355678358801418,0.6696746221418514,0.003001557499999864
11.621,2.9807444644847823,2.5307713958513696,0.5086234970278365,0.43575464124781604,0.6697611283867095,0.003027809499999873
11.623,2.9817617439490043,2.531642958882798,0.508655967194976,0.43580839018086287,0.669820756557373,0.0030338214999998695
11.625,2.9827791342377408,2.5325143708108806,0.5087343215411283,0.43560353790144635,0.669747006074808,0.003016397499999863
11.627,2.98379676032138,2.5333854086950605,0.508891762097713,0.43543434627824557,0.6697565941815568,0.002990451499999855
11.629,2.9848146624449927,2.5342563237003417,0.5090103615156776,0.4354806590033071,0.6698768188975309,0.0029858104999998577
11.631,2.9858327499045543,2.535127394307469,0.5090770980456866,0.4355899481236426,0.6699985781036966,0.002989691499999859
11.633,2.9868509902702067,2.535998579331457,0.5091632676075059,0.435595075864508,0.6700673870575699,0.0029839854999998625
11.635,2.9878694932268224,2.53686994485507,0.5093396890079415,0.4357704477486084,0.6703154495681337,0.0029793444999998606
11.637,2.988888406824485,2.537741783002857,0.509573908654274,0.43606770003796935,0.670686668570055,0.002972572499999859
11.639,2.98990776511563,2.5386140775217187,0.5097843824911996,0.4362268188246026,0.6709500384482934,0.0029647354999998627
11.641,2.990927495257391,2.539486476833772,0.509945759269394,0.4361724932285097,0.6710373471320453,0.002978203499999867
11.643,2.9919475320527305,2.540358785489448,0.5100910360695565,0.43613616244689984,0.6711241444564651,0.002990606499999871
11.645,2.992967760790092,2.5412310576753896,0.510137701292354,0.43613602349516173,0.6711595229675426,0.00301046649999986
11.647,2.9939879749925917,2.54210327247191,0.5100765012072097,0.4360787730248946,0.6710758029959701,0.003061218499999877
11.649,2.995008178302248,2.542975446014364,0.5101268084496111,0.4360947694295667,0.6711244360197393,0.003106644499999852
11.651,2.9960285168657697,2.543847823752169,0.5102117550715174,0.4362829683755417,0.6713113014896531,0.0031243734999998577
11.653,2.997048978316052,2.54472046854607,0.510249695210751,0.4363618255250805,0.671391386776927,0.003115470499999855
11.655,2.9980694703484407,2.5455931347830454,0.5102423371783888,0.4363044114508015,0.6713484803741608,0.0030980454999998647
11.657,2.9990899818517582,2.546465713010799,0.510269166138724,0.43627381630254103,0.6713489887555444,0.00308168649999986
11.659,3.000110656361497,2.5473381848401413,0.5104053435996392,0.43619801303945854,0.671403247947638,0.0030706544999998557
11.661,3.001131621324293,2.548210553469397,0.5105596191968276,0.43617061621672365,0.6715027410258919,0.0030702744999998558
11.663,3.002152921750918,2.5490828636341467,0.5107408074279393,0.43613954853248477,0.6716203378146488,0.0030517844999998493
11.665,3.0031745841033572,2.5499549626944042,0.5109215450117511,0.43595951172541153,0.6716409167263815,0.0030215764999998664
11.667,3.0041965060218447,2.5508268330184674,0.5110003734755268,0.4359108123374381,0.6716692772524385,0.003024391499999867
11.669,3.00521849295539,2.5516988341738758,0.510986560069397,0.436090343070507,0.6717752986608752,0.0030431854999998734
11.671,3.006240541871249,2.5525711492433714,0.5110623557900962,0.4362247264255391,0.6719201912807498,0.003074762499999856
11.673,3.007262760047811,2.5534436414858748,0.5111558207717233,0.4362675160776668,0.672019061257485,0.0030903604999998613
11.675,3.0082851260547976,2.554316345069256,0.5112101862148722,0.4364360673033584,0.6721698411362012,0.003080392499999858
11.677,3.0093076275377095,2.555189328235949,0.5112912966976118,0.43654709939046166,0.672303621933536,0.003095991499999849
11.68,3.0108416702081815,2.556498702465969,0.5114038169502586,0.4363690539559981,0.6722736163510706,0.003152946499999851
11.682,3.011864542406545,2.5573714242157832,0.5114683814128876,0.4363526958580796,0.6723121152915013,0.003169610499999857
11.684,3.012887508057881,2.5582441833622065,0.5114972699236285,0.43640645056552274,0.6723689814636926,0.0031681644999998577
11.686,3.0139105545522105,2.559116965586085,0.5115492244054437,0.4363757733124493,0.672388596366602,0.0031581964999998543
11.688,3.0149337228248765,2.5599896612708166,0.5116190482600996,0.4363199114191201,0.6724054696709114,0.003163142499999856
11.69,3.015957002574824,2.560862417629054,0.5116607016881135,0.43643644681883603,0.6725127848329898,0.003183002499999845
11.692,3.0169803678891594,2.561735552436075,0.5117046126469134,0.436698360201801,0.6727161871153908,0.003191144499999848
11.694,3.018003869093083,2.56260908706802,0.5117965912762438,0.4368362717429156,0.6728756788235349,0.003200351499999851
11.696,3.0190275375393965,2.5634827216774143,0.5118718550375239,0.4367983376519368,0.6729083026349514,0.0032052974999998486
11.698,3.0200512564255653,2.564356413560569,0.5118470311308871,0.4368935455022483,0.6729512265974619,0.0031985254999998465
11.7,3.0210750066454426,2.565230362009892,0.5119031887472012,0.4370549038214044,0.6730987027204032,0.0032087974999998412
11.702,3.022098985468989,2.5661045143375065,0.5120756347986831,0.43709742379270455,0.673257464600797,0.003242505499999852
11.704,3.0231232714881875,2.5669787500292642,0.512210384399475,0.43713826796451777,0.6733864738808438,0.0032655614999998602
11.706,3.02414782851468,2.567852979453737,0.5123466420938987,0.437091156508568,0.6734595464932478,0.0032683774999998578
11.708,3.0251727197976517,2.5687273334282295,0.512544640877171,0.43726281798350375,0.6737215900375934,0.003271193499999859
11.71,3.026197988880284,2.5696019553984577,0.5127244417547464,0.43735915224459987,0.6739209013117425,0.003286792499999864
11.712,3.027223576828268,2.570476389653021,0.5128635062295127,0.43707510231950036,0.6738424304610323,0.0033055864999998537
11.714,3.02824948870469,2.571350537452465,0.5130483701917559,0.43707269712390223,0.6739815818904693,0.003297749499999851
11.716,3.0292757189692177,2.5722248959976644,0.5131818943366964,0.4372858480760724,0.6742214544217724,0.003290978499999855
11.718,3.0303021317169256,2.573099618302066,0.5132308533711545,0.43743645632533296,0.6743564058971698,0.0033055124999998597
11.72,3.0313286740187015,2.573974438895454,0.5133114484045741,0.4373841370623028,0.6743838123924217,0.0033168504999998637
11.722,3.0323553965677985,2.574848948374893,0.5134111006927803,0.43712534237719675,0.6742918680089162,0.0033313844999998555
11.724,3.0333821667443646,2.5757232082047943,0.5133590758730833,0.4371344875237196,0.6742581856854918,0.0033096994999998477
11.726,3.034408724056193,2.5765976895061047,0.5131982359553461,0.43734681378653617,0.6742734348296054,0.0032720354999998353
11.728,3.03543514592608,2.5774724656154073,0.5132236339323223,0.4374292955166454,0.6743462663964909,0.003267394499999838
11.73,3.036461717416375,2.578347438671511,0.5133478563619497,0.4375437605866646,0.6745150584380821,0.003284058499999844
11.732,3.037488489226824,2.5792227431226524,0.5134239540877913,0.4377606905552514,0.6747137013775197,0.0032922004999998387
11.734,3.0385154096603455,2.58009848683052,0.513496479433131,0.4379830173121078,0.6749131483709871,0.003283298499999836
11.736,3.039542476872335,2.580974655443018,0.5135707325558039,0.4381855951857291,0.6751011132905771,0.0032680044999998307
11.738,3.04056964936036,2.581851182685814,0.5136017554695194,0.4383416476105231,0.6752260090157073,0.0032644284999998325
11.74,3.0415969682043067,2.5827280074012897,0.5137170884769432,0.4384830678649787,0.6754055432090493,0.0032480694999998273
11.742,3.0426246230803344,2.5836049512822523,0.5139377875505028,0.4384608130972139,0.6755589789901216,0.0032359714999998235
11.744,3.0436526954492216,2.584481674832315,0.5141345813372012,0.438262736966147,0.6755801909024844,0.00325902749999981
11.746,3.044681144040874,2.5853581817709546,0.514314010315179,0.43824420167272754,0.6757047295278081,0.003276757499999816
11.749,3.0462243329050547,2.586673062988844,0.5144785658051635,0.4383432769203378,0.6758942395776116,0.003301754999999817
11.751,3.047253413745929,2.587549707852847,0.5146022750697623,0.4383015870829851,0.6759613766676605,0.0032928529999998223
11.753,3.048282770764708,2.5884262818076773,0.5147547437090033,0.4382723677470919,0.6760585141106973,0.0032775589999998168
11.755,3.049312395111727,2.5893028225762245,0.5148696033094387,0.43826840079969764,0.6761434016179875,0.0032857009999998194
11.757,3.050342276147998,2.5901793696806323,0.5150114329622913,0.4382787036087626,0.6762580854369509,0.0032885169999998173
11.759,3.051372369131384,2.591055962754333,0.5150815504233426,0.43831437009174545,0.6763345995995163,0.003279614999999815
11.761,3.052402654376845,2.5919326198096635,0.5152036950382924,0.43834268523901543,0.6764459749925786,0.0032973439999998046
11.763,3.053433197933058,2.5928092311417537,0.5153398611742178,0.4382686468507491,0.6765017215997671,0.003303354999999807
11.765,3.05446389877441,2.5936856409299223,0.5153609801775801,0.43814114131761617,0.6764352146397313,0.0032603639999997927
11.767,3.055494663496822,2.5945618261496395,0.51540374223488,0.4380440783998711,0.6764049320716925,0.003213111999999819
11.769,3.0565255591008333,2.5954379678702404,0.5154918617761427,0.4380976422008711,0.6765067654202701,0.0032031439999998155
11.771,3.0575566580235014,2.596314265093514,0.5156070608914433,0.4381995810724136,0.6766605604682093,0.00321661199999982
11.773,3.0585879478452918,2.5971907627312545,0.5156827608995932,0.43829805666852384,0.6767820153996643,0.003194926999999832
11.775,3.059619527305518,2.5980674676538715,0.5158966993261668,0.4384068659484145,0.6770154979661429,0.0031668499999998223
11.777,3.0606516941043713,2.5989443017438267,0.5162700995276007,0.43842722400733136,0.6773132557517337,0.0031536859999998293
11.779,3.0616844946326207,2.599821178704535,0.5165304287215647,0.43844973670083487,0.6775262765445447,0.003145848999999827
11.781,3.062717711716645,2.600698101019969,0.5166866553020864,0.43847257873261924,0.6776601670953444,0.0031412079999998256
11.783,3.0637511892976765,2.6015750996962628,0.5167909257300919,0.4385260975620526,0.6777742980963266,0.0031365669999998285
11.785,3.064784756930983,2.6024521968088026,0.5167767075763208,0.4385710149773085,0.6777925203715726,0.0031532309999998337
11.787,3.0658182385638817,2.6033293426564086,0.5167049253217285,0.43857483262841856,0.6777402626868042,0.0031890689999998457
11.789,3.066851584158166,2.6042066056035664,0.5166406689634279,0.43868811452986106,0.6777645923598714,0.003168447999999857
11.791,3.067884924960866,2.605084055236679,0.5167001337360944,0.43876151858219403,0.6778574322019718,0.003144631999999849
11.793,3.068918488989364,2.6059617123735594,0.5168638947627551,0.4388956182988476,0.6780690595147755,0.0031708839999998344
11.795,3.069952307120143,2.606839691786541,0.5169542360157274,0.43908379468208447,0.6782597296663154,0.003177960999999837
11.797,3.070986285626035,2.6077178699222965,0.5170242698759131,0.4390943410734116,0.6783199363157584,0.0031797119999998377
11.799,3.072020445412909,2.608596047479963,0.5171355169989168,0.4390832165937878,0.6783975339254147,0.003192115999999831
11.801,3.073054734131963,2.6094741312924237,0.5171532020549895,0.4390005958664805,0.6783575440480143,0.003195996999999832
11.803,3.0740890745235885,2.610352096479371,0.517187189570169,0.4389645910803523,0.6783601560217336,0.003181767999999827
11.805,3.0751236269544995,2.6112301381712686,0.5173652413411788,0.4390771008179387,0.6785687094249944,0.0031941709999998204
11.807,3.076158443957014,2.6121084069692913,0.5174517611731139,0.4391916972046222,0.6787088271377011,0.0032023129999998227
11.809,3.0771933082660587,2.612986876643077,0.5174125478721361,0.4392779765815559,0.6787347680833223,0.003169974999999841
11.811,3.078228196944222,2.613865674706133,0.51747613029096,0.43952008647381036,0.6789399471491218,0.003142962999999832
11.813,3.0792632247384373,2.6147447613088013,0.5175516639239965,0.4395665161943308,0.6790275745429771,0.003127668999999827
11.816,3.080815838324521,2.6160631338693725,0.5175240601319687,0.43934852418656933,0.678865434766268,0.0031414794999998275
11.818,3.0818509493444632,2.6169418558480633,0.5175869598108243,0.43937345450470394,0.6789295202667276,0.003144294499999826
11.82,3.0828862705558473,2.617820638193716,0.5177342515727293,0.4394088911478323,0.6790647457137955,0.0031226084999998187
11.822,3.0839218861657844,2.618699432184194,0.5178813583650461,0.439385099330839,0.6791615175022776,0.0031137054999998237
11.824,3.0849577155419956,2.6195782811498534,0.5179480178455963,0.43946386632813483,0.6792633060884821,0.003137825499999832
11.826,3.085993698250528,2.620457373737007,0.5180346906861966,0.43962872082520643,0.6794360550697546,0.00316301149999984
11.828,3.0870299075909906,2.6213366181715205,0.518174649777017,0.43961571368870417,0.6795343577727052,0.003171153499999835
11.83,3.0880663810811053,2.6222159586935536,0.5182988403373389,0.43972480834427274,0.6796996358454502,0.003159055499999831
11.832,3.0891031341679014,2.6230957416696303,0.5184542464582942,0.44005816773203543,0.6800338202312542,0.0031245874999998196
11.834,3.0901401938723843,2.623975999329044,0.5186054580252136,0.4401994916823807,0.6802405556646619,0.003114620499999825
11.836,3.0911775647408977,2.624856464222277,0.5187654104879699,0.4402654015499113,0.6804051549780149,0.003140872499999834
11.838,3.0922152554505207,2.6257370411875613,0.5189252991357114,0.44031156373507974,0.6805569331377932,0.00316605949999982
11.84,3.093253204824438,2.626617681950865,0.5190240747813629,0.44032919956857874,0.6806436616874905,0.003186985499999827
11.842,3.094291303632012,2.627498465830454,0.5190747327922697,0.44045468001975346,0.6807634709461646,0.003216433499999837
11.844,3.095329503683269,2.6283794773357636,0.5191253184651913,0.44055682529035023,0.6808681315655025,0.0032384244999998247
11.846,3.09636782432566,2.629260592554663,0.5191953239254727,0.4405583936086239,0.6809225231735897,0.0032380444999998248
11.848,3.097406354891368,2.6301416837610274,0.5193352417822604,0.44053281275524003,0.6810126668947372,0.0032344684999998236
11.85,3.098445163637218,2.631022766888808,0.5194735040680009,0.4405503150260355,0.6811294307972798,0.0032255664999998285
11.852,3.0994841968335094,2.631903878012028,0.5195596922229793,0.4405608081931531,0.6812019520660824,0.00319962049999982
11.854,3.1005234474322094,2.63278505844085,0.5196909064777037,0.4406196206294361,0.681340068071184,0.003188587499999826
11.856,3.10156307679376,2.6336662520204386,0.51993845507252,0.44057395895887097,0.6814993839879034,0.003189272499999826
11.858,3.102602991047722,2.634547290329443,0.5199757988894685,0.4404643500454245,0.6814570236571631,0.00317078349999982
11.86,3.1036428655179567,2.635428235428426,0.519898671345382,0.4404807489382342,0.6814087750035813,0.0031650774999998237
11.862,3.104682709961686,2.636309333187866,0.5199457723833228,0.4406170105011473,0.6815327990363034,0.003188133499999831
11.864,3.1057226057970757,2.637190786170261,0.5199500630064274,0.4408359718934589,0.6816776526596998,0.003211189499999839
11.866,3.106762603283559,2.6380725942123453,0.5200474234774758,0.4409720701916445,0.6818399294223431,0.0032086784999998405
11.868,3.107802866956947,2.6389545719144754,0.5202162499101249,0.4410056319379034,0.6819904061432999,0.0031912534999998347
11.87,3.108843409200544,2.6398366635977455,0.5203259936872058,0.4410860513326472,0.6821261205868053,0.003185546499999838
11.872,3.109884116794903,2.6407188247543507,0.5203816006715013,0.4410751052724823,0.6821614609522919,0.003178774499999836
11.874,3.110924918948483,2.6416008061223986,0.5204205529079412,0.4409062627750364,0.6820820217856917,0.003169872499999833
11.876,3.111965770482635,2.642482510922443,0.5204309812450887,0.4407985372695664,0.682020349182277,0.0031801454999998272
11.878,3.1130067238290446,2.643364059243126,0.5205223651640284,0.4407497834131828,0.6820585782868812,0.0032000054999998338
11.881,3.1145686219870967,2.6446862792658816,0.5207430735373174,0.44073023175733916,0.6822143987207906,0.0031898474999998336
11.883,3.115610173017531,2.645567823882207,0.5208079568976406,0.44081438456877675,0.6823182905438224,0.003170292499999844
11.885,3.1166518252832707,2.6464495961270944,0.5208443088416183,0.4409578603181973,0.6824387361727834,0.003154998499999839
11.887,3.1176936276645986,2.6473317304662625,0.5209580724858245,0.4411764788495654,0.6826668285322253,0.0031301174999998306
11.889,3.118735718467256,2.6482142605692354,0.5211327301720086,0.44135362412377055,0.6829145949412108,0.0031414554999998237
11.891,3.1197780452803254,2.649097071728501,0.5211940828971591,0.44145753514169733,0.683028569959115,0.0031549234999998284
11.893,3.1208205017140718,2.6499800063290953,0.5212623508490436,0.44147706545208343,0.6830932862595376,0.0031364334999998225
11.895,3.1218631267593917,2.650862906299354,0.5213626944716071,0.44142290480707935,0.6831348622892951,0.0031126174999998356
11.897,3.122905880866198,2.651745752020167,0.5213914123343059,0.44142281600578026,0.6831567223898445,0.003071757499999822
11.899,3.1239487444869822,2.652628606378554,0.5214722084504265,0.44143154238171944,0.6832240267991669,0.003063920499999826
11.901,3.1249918055636425,2.653511467309981,0.5215888682094304,0.44142938904495727,0.6833116806791749,0.003081649499999832
11.903,3.1260349992154546,2.6543942488595005,0.5216047836022011,0.4413521604743987,0.6832739420116345,0.0030770084999998306
11.905,3.1270782483237727,2.6552769710086768,0.521644324716258,0.44136998870248495,0.6833156433420154,0.0030659764999998373
11.907,3.1281216846695874,2.6561598792522245,0.5217920210979357,0.4415382548451378,0.6835370829539231,0.003063466499999836
11.909,3.129165371591983,2.6570431421143863,0.5218949012973418,0.4417246073162033,0.6837359992780958,0.003071608499999839
11.911,3.1302092681407774,2.657926867413139,0.5220016474975967,0.4420006914370449,0.683995856143172,0.0030754894999998365
11.913,3.131253386549964,2.6588109474176886,0.522116761688592,0.4420793131124819,0.6841345130295545,0.003066587499999834
11.915,3.132297729240533,2.65969500160622,0.522225928881128,0.44197487541963554,0.6841503572300166,0.0030725984999998303
11.917,3.1333423246322982,2.660578932966602,0.5223694628835956,0.4419564849618443,0.6842480473871483,0.0030913924999998368
11.919,3.1343871912331167,2.6614629227215096,0.5224971379343802,0.44203326994556214,0.6843951131388833,0.003103795499999841
11.921,3.1354323042322454,2.6623470732522696,0.5226158611950771,0.4421172608149637,0.6845399993303523,0.0031044804999998407
11.923,3.136477606565885,2.6632315049916877,0.5226864724439467,0.4423144786030543,0.6847212910796541,0.0030977084999998386
11.925,3.1375230646134344,2.664116374199371,0.522771575105293,0.44255472908006754,0.6849414631698106,0.003098393499999839
11.927,3.138568745908134,2.665001463486732,0.5229097195948128,0.442534558281368,0.6850338751623976,0.003076707499999851
11.929,3.1396146870265125,2.6658864101796187,0.5230313987830698,0.44241213460501533,0.6850476924701965,0.003023063499999833
11.931,3.1406608900016812,2.6667712932558665,0.5231715763863697,0.44247094164338985,0.6851926973759915,0.003016291499999837
11.933,3.141707319876433,2.6676564233393347,0.5232582983651982,0.4426591418244493,0.6853804510261441,0.003029759499999842
11.935,3.142753905389102,2.668541976543677,0.5233272143032117,0.4428940625175349,0.685584804268331,0.003022987499999839
11.937,3.1438006897700355,2.669428002994692,0.5234571666309917,0.4431323884981311,0.6858379684979569,0.003026868499999837
11.939,3.144847740947883,2.670314410947579,0.523594011216356,0.44327556438875476,0.6860349222640219,0.00303501049999984
11.941,3.1458950404370567,2.671201022764488,0.5237054779570746,0.44333625252009684,0.6861592092516219,0.0030314344999998384
11.943,3.1469425430234623,2.672087725505585,0.5237971084491775,0.4433664885771773,0.6862486823397009,0.0030172054999998464
11.945,3.147990266519901,2.672974474247984,0.5239263879888362,0.4433822538218747,0.6863575475181969,0.0030019114999998413
11.948,3.1495624053977975,2.674304716849998,0.5241661972756533,0.4434461475206625,0.6865818874084404,0.003020515999999842
11.95,3.150610896154526,2.675191745073989,0.524324559453234,0.44358207647084036,0.6867905810449139,0.0030627459999998186
11.952,3.1516596547979456,2.6760789214552947,0.5244340839662096,0.4435943048345193,0.6868820973843311,0.0030708879999998217
11.954,3.152708628769376,2.6769660792278205,0.5245398874638221,0.4435634676909422,0.68694296954738,0.003058789999999817
11.956,3.1537578076013713,2.6778533171429593,0.524638944531679,0.44367444744839885,0.6870902687696546,0.0030488219999998227
11.958,3.154807152157349,2.678740750194605,0.5247056114456103,0.4437586041972342,0.6871955161972387,0.0030345929999998178
11.96,3.1558566226820313,2.679628290555984,0.5247649132365477,0.44378175718138047,0.6872557472812834,0.0030448649999998212
11.962,3.1569061849700617,2.6805159042272964,0.5247973747943234,0.4438319141317075,0.687312921886988,0.003072180999999806
11.964,3.157955903503704,2.681403547929499,0.5249211588477463,0.4438117880705365,0.6873944473418647,0.0030877789999998115
11.966,3.1590058609479637,2.6822912537144807,0.5250362854122083,0.4438939969115156,0.6875354401727451,0.003096985999999806
11.968,3.1600559552174325,2.683179093692267,0.5250579840563999,0.44394598087419807,0.6875855732603212,0.003102997999999808
11.97,3.1611059852091405,2.68406704335629,0.5249720076513233,0.44400368314845423,0.687557182688723,0.003095160999999805
11.972,3.1621557290198563,2.684955316984203,0.524771803065151,0.4442699447651222,0.6875763442075755,0.0030819969999998126
11.974,3.16320518709135,2.6858440581644345,0.5246862684280417,0.4444712354660352,0.6876411560062754,0.00307309399999981
11.976,3.1642546530546705,2.686733030861684,0.5247796948921509,0.44450146178331923,0.6877319810061232,0.0030695179999998086
11.978,3.1653043238478458,2.687622072930183,0.5248910982835183,0.4445406067160563,0.6878422901194412,0.003078725999999803
11.98,3.166354158261977,2.688511207829135,0.5249433158474518,0.44459429223569896,0.6879168333028925,0.003077280999999803
11.982,3.1674040842384374,2.68940034962678,0.524982660613452,0.44454750540969146,0.6879166217724053,0.0030534649999998157
11.984,3.1684540513598596,2.690289446426913,0.5249844608082057,0.44454929472317695,0.6879191518841123,0.0030424319999998125
11.986,3.169504088849013,2.6911786632670336,0.5250530283446836,0.4446675453970578,0.6880478969543963,0.003068682999999821
11.988,3.1705543153273443,2.6920680518345206,0.5251734499873904,0.44472102209021924,0.6881743529517991,0.0030693679999998216
11.99,3.1716048400001964,2.6929575202603604,0.5253512228643029,0.4447474037494389,0.6883270737860634,0.0030402259999998114
11.992,3.1726556736403477,2.6938470703104107,0.5254824172866301,0.4448026463004942,0.6884629002592098,0.0030526289999998155
11.994,3.1737066132809284,2.6947366541422424,0.5254572232945872,0.44478118553180745,0.688429805074953,0.003086336999999797
11.996,3.174757563769904,2.695626263068843,0.5254932656809063,0.4448277410685732,0.6884873938571084,0.0030955439999998
11.998,3.175808633254045,2.6965160439361733,0.5255762184606044,0.4449531262620026,0.6886317201390585,0.003084510999999806
12.0,3.176859920914171,2.6974061472094326,0.5257114416651179,0.4451501469972113,0.6888622309789204,0.003075608999999803
