timestamp_s,robot_x,robot_y,robot_heading,linear_vel_mps,angular_vel_radps,yielding_state,active_tether_count
0.0,0.5074083912865862,1.0001374110708292,0.018545904360032246,0.37048327646991336,0.9272952180016122,0,0
0.02,0.5148363018293822,1.0004076405934075,0.03636425035900641,0.3716412215654157,0.8909172999487079,0,0
0.04,0.5222807137242388,1.000806175130492,0.053483668980449456,0.37275359903537897,0.8559709310721525,0,0
0.06,0.529738883906565,1.0013285892203634,0.06993165727396808,0.3738222135916889,0.8223994146759315,0,0
0.08,0.5372083237464285,1.0019705525082168,0.08573462389673905,0.3748487974646977,0.7901483311385483,0,0
0.1,0.544686779838291,1.002727835415881,0.10091793276955358,0.3758350134040054,0.7591654436407262,0,0
0.12,0.5521722159572419,1.0035963135302997,0.11550594493038793,0.37678245754718537,0.7294006080417176,0,0
0.14,0.5596627961464543,1.0045719708726346,0.1295220586644338,0.377692662162884,0.7008056867022938,0,0
0.16,0.5671568688952734,1.005650902192858,0.1429887479857026,0.3785670982743723,0.6733344660634404,0,0
0.18,0.574652952363553,1.0068293144191784,0.1559275995417054,0.3794071781692989,0.6469425778001404,0,0
0.2,0.5821497206053226,1.0081035273775516,0.1683593480092938,0.3802142578010821,0.621587423379421,0,0
0.22,0.5896459907433593,1.0094699738837347,0.18030391004651528,0.38098963908708405,0.5972281018610731,0,0
0.24,0.5971407110455786,1.010925199298791,0.19178041686227862,0.3817345721084344,0.5738253407881668,0,0
0.26,0.6046329498541683,1.0124658606285224,0.202807245462732,0.38245025721610765,0.5513414300226684,0,0
0.28,0.6121218853189487,1.0140887252379296,0.21340204863051593,0.38313784704761517,0.5297401583891974,0,0
0.3,0.6196067958874153,1.0157906692433833,0.22358178369045992,0.38379844845844047,0.5089867529972001,0,0
0.32,0.6270870515052264,1.0175686756376388,0.2333627401128331,0.3844331243721289,0.48904782111865824,0,0
0.34,0.6345621054824488,1.0194198321960817,0.24276056600293014,0.3850428955527406,0.469891294504853,0,0
0.36,0.6420314869826014,1.0213413292065692,0.2517902935235651,0.3856287423031802,0.45148637603174796,0,0
0.38,0.6494947940933841,1.0233304570598596,0.26046636329494954,0.38619160609273995,0.43380348856922274,0,0
0.4,0.6569516874399116,1.0253846037328478,0.26880264781444413,0.38673239111701996,0.41681422597472984,0,0
0.42,0.6644018843032301,1.0275012521925806,0.27681247393678343,0.3872519657932311,0.4004913061169655,0,0
0.44,0.6718451532088755,1.0296779777452612,0.2845086444535809,0.3877511641937359,0.38480852583987124,0,0
0.46,0.6792813089521896,1.0319124453511228,0.2919034588092156,0.38823078742053835,0.3697407177817347,0,0
0.48,0.6867102080290381,1.034202406923102,0.2990087329885825,0.3886916049233055,0.35526370896834547,0,0
0.5,0.6941317444424534,1.0365456986246406,0.30583581861064485,0.38913435576337174,0.3413542811031168,0,0
0.52,0.7015458458575449,1.0389402381796609,0.31239562126026094,0.3895597498260629,0.3279901324808048,0,0
0.54,0.7089524700787734,1.0413840222057287,0.31869861808936045,0.38996846898356274,0.31514984145497615,0,0
0.56,0.7163516018253648,1.0438751235796657,0.3247548747172142,0.39036116821044026,0.302812831392687,0,0
0.58,0.7237432497822431,1.0464116888433022,0.3305740614582737,0.3907384766538556,0.2909593370529767,0,0
0.6,0.7311274439053872,1.0489919356557176,0.3361654689048485,0.39110099866036796,0.2795703723287378,0,0
0.62,0.7385042329619625,1.0516141502971208,0.3415380228907351,0.3914493147611809,0.2686276992943285,0,0
0.64,0.7458736822869457,1.0542766852284937,0.34670029886081394,0.39178398261757447,0.25811379850394145,0,0
0.66,0.7532358717392474,1.0569779567102224,0.35166053567057914,0.392105537928195,0.24801184048825953,0,0
0.68,0.7605908938415561,1.0597164424821608,0.3564266488385652,0.39241449529979655,0.23830565839930118,0,0
0.7000000000000001,0.7679388520892592,1.0624906795069002,0.36100624327367753,0.3927113490829573,0.22897972175561876,0,0
0.72,0.7752798594148708,1.0652992617774395,0.36540662549852054,0.39299657417422523,0.22001911124215012,0,0
0.74,0.7826140367953928,1.0681408381899484,0.3696348153889416,0.3932706267860831,0.21140949452105362,0,0
0.76,0.7899415119909695,1.0710141104818989,0.3736975574491774,0.39353394518606133,0.20313710301178833,0,0
0.78,0.7972624184040711,1.0739178312354696,0.377601331641188,0.39378695040626943,0.1951887096005296,0,0
0.8,0.8045768940492505,1.076850801945829,0.38135236378600307,0.39403004692456084,0.18755160724075526,0,0
0.8200000000000001,0.8118850806242797,1.079811871153641,0.3849566355541729,0.3942636233184921,0.18021358840849133,0,0
0.84,0.8191871226741719,1.082799932640925,0.38841989406171873,0.3944880528931903,0.17316292537728917,0,0
0.86,0.826483166840254,1.085813923689222,0.3917476610873087,0.3947036942841915,0.16638835127949736,0,0
0.88,0.8337733611870606,1.0888528233988772,0.39494524192574537,0.3949108920362688,0.159879041921833,0,0
0.9,0.8410578546003846,1.0919156510681307,0.39801773389223755,0.39510997715922636,0.15362459832460917,0,0
0.92,0.8483367962503456,1.095001464630614,0.4009700344913432,0.3953012676615917,0.14761502995528322,0,0
0.9400000000000001,0.8556103351138183,1.0981093591497848,0.40380684926390764,0.3954850690631026,0.14184073862822222,0,0
0.96,0.8628786195510156,1.1012384653687712,0.40653269932478303,0.3956616748868434,0.13629250304376983,0,0
0.98,0.8701417969314361,1.1043879483140715,0.4091519286035995,0.3958313671318534,0.13096146394082284,0,0
1.0,0.8774000133047695,1.1075570059515176,0.4116687108003636,0.3959944167269931,0.125839109838206,0,0
1.02,0.88465341311271,1.1107448678929142,0.41408705606718677,0.3961510839668221,0.12091726334115882,0,0
1.04,0.8919021389379562,1.1139507941517497,0.4164108174269915,0.3963016189302114,0.11618806799023486,0,0
1.06,0.8991463312869801,1.1171740739463922,0.4186436969396085,0.3964462618823838,0.11164397563085149,0,0
1.08,0.906386128403426,1.120414024549191,0.42078925162526104,0.3965852436610443,0.10727773428262521,0,0
1.1,0.913621666109264,1.123669990179924,0.42285089915503077,0.39671878604723954,0.10308237648848617,0,0
1.12,0.9208530776710536,1.1269413409420597,0.42483192331751857,0.39684710212155583,0.09905120812439061,0,0
1.1400000000000001,0.928080493688902,1.1302274718003238,0.42673547927054317,0.3969703966062414,0.09517779765122913,0,0
1.16,0.9353040420058966,1.1335278015980987,0.42856459858636886,0.3970888661938148,0.09145596579128557,0,0
1.18,0.9425238476359843,1.136841772113212,0.4303221940986152,0.39720269986269857,0.08787977561231919,0,0
1.2,0.9497400327084391,1.1401688471507097,0.43201106455867583,0.3973120791803948,0.08444352300302949,0,0
1.22,0.956952716427218,1.143508511671246,0.4336338991091624,0.39741717859469755,0.08114172752432734,0,0
1.24,0.9641620150436542,1.1468602709537596,0.43519328158159165,0.3975181657134203,0.07796912362146169,0,0
1.26,0.9713680418410671,1.1502236497911449,0.4366916946252449,0.3976152015730922,0.07492065218266086,0,0
1.28,0.9785709071299958,1.1535981917176668,0.4381315236738554,0.3977084408970634,0.07199145243052485,0,0
1.3,0.9857707182528737,1.1569834582669078,0.4395150607565146,0.3977980323434385,0.06917685413295926,0,0
1.32,0.9929675795970662,1.1603790282590745,0.44084450815893417,0.3978841187432425,0.06647237012097817,0,0
1.34,1.0001615926152942,1.1637844971165283,0.44212198194095825,0.3979668373292057,0.06387368910120439,0,0
1.36,1.007352855852547,1.1671994762064488,0.44334951531598615,0.3980463199555403,0.061376668751396024,0,0
1.3800000000000001,1.0145414649786744,1.1706235922095691,0.4445290618977419,0.3981226933090643,0.05897732908778608,0,0
1.4000000000000001,1.0217275128259198,1.1740564865139678,0.44566249881961145,0.39819607911201604,0.05667184609347742,0,0
1.42,1.0289110894307276,1.1774978146329311,0.44675162973156274,0.3982665943168877,0.05445654559756485,0,0
1.44,1.0360922820792142,1.1809472456459413,0.4477981876794641,0.3983343512935939,0.052327897395067935,0,0
1.46,1.0432711753557566,1.1844044616618778,0.4488038378714272,0.3983994580092776,0.050282509598154834,0,0
1.48,1.0504478511941993,1.1878691573035545,0.4497701803356176,0.398462018201045,0.0483171232095203,0,0
1.5,1.0576223889312324,1.191341039212746,0.45069875247380037,0.3985221315419081,0.04642860690913864,0,0
1.52,1.0647948653615353,1.194819825574893,0.4515910315147198,0.3985798938002038,0.04461395204597107,0,0
1.54,1.0719653547943224,1.1983052456627037,0.4524484368712505,0.39863539699274675,0.042870267826535476,0,0
1.56,1.0791339291109616,1.2017970393978983,0.4532723324051019,0.39868872953196216,0.04119477669256966,0,0
1.58,1.0863006578233738,1.2052949569303775,0.45406402860270856,0.39873997636723846,0.03958480988033319,0,0
1.6,1.0934656081329488,1.2087987582341173,0.4548247846657962,0.3987892191207248,0.03803780315437988,0,0
1.62,1.1006288449897432,1.2123082127191258,0.45555581051997474,0.3988365362177951,0.036551292708927874,0,0
1.6400000000000001,1.1077904311517515,1.2158230988588181,0.4562582687445791,0.3988820030123866,0.035122911230218934,0,0
1.6600000000000001,1.114950427244063,1.2193432038321974,0.4569332764268496,0.39892569190741645,0.0337503841135256,0,0
1.68,1.122108891817741,1.2228683231802473,0.4575819069434239,0.3989676724704696,0.03243152582871223,0,0
1.7,1.1292658814082805,1.2263982604759696,0.4582051916719939,0.3990080115449439,0.031164236428502745,0,0
1.72,1.1364214505935113,1.2299328270075227,0.4588041216358706,0.3990467733568318,0.029946498193832993,0,0
1.74,1.1435756520508429,1.2334718414739354,0.45937964908408846,0.3990840196173106,0.02877637241089459,0,0
1.76,1.1507285366137476,1.2370151296928948,0.4599326890095822,0.39911980962130506,0.027651996274684953,0,0
1.78,1.157880153327402,1.2405625243201255,0.4604641206078639,0.3991542003421824,0.02657157991408632,0,0
1.8,1.1650305495034112,1.2441138645798966,0.4609747886785378,0.3991872465227305,0.025533403533693932,0,0
1.82,1.172179770773561,1.2476689960062128,0.4614655049718938,0.39921900076256667,0.02453581466779986,0,0
1.84,1.1793278611425402,1.2512277701942613,0.46193704948273623,0.3992495136021158,0.02357722554212161,0,0
1.86,1.1864748630395938,1.2547900445617064,0.46239017169351704,0.3992788336032951,0.022656110539040597,0,0
1.8800000000000001,1.1936208173690748,1.2583556821194377,0.46282559176876265,0.39930700742703223,0.02177100376227925,0,0
1.9000000000000001,1.2007657635598634,1.2619245512513955,0.4632440017027048,0.39933407990774356,0.020920496697108045,0,0
1.92,1.2079097396136356,1.2654965255031092,0.46364606642195144,0.3993600941248905,0.020103235962331212,0,0
1.94,1.2150527821519654,1.2690714833786043,0.4640324248449602,0.3993850914717297,0.019317921150438403,0,0
1.96,1.2221949264622511,1.2726493081453407,0.4644036909000095,0.3994091117213668,0.018563302752465094,0,0
1.98,1.2293362065424613,1.2762298876468654,0.46476045450329406,0.3994321930902199,0.017838180164227557,0,0
2.0,1.2364766551446975,1.2798131141228697,0.46510328249870886,0.3994543722989945,0.01714139977074114,0,0
2.02,1.2436163038175785,1.2833988840363577,0.4654327195608238,0.39947568463126737,0.01647185310574728,0,0
2.04,1.2507551829474517,1.286987097907642,0.46574928906249186,0.399496163989774,0.015828475083401572,0,0
2.06,1.257893321798439,1.2905776601548955,0.4660534939084776,0.3995158429504886,0.015210242299289023,0,0
2.08,1.2650307485513295,1.2941704789409973,0.4663458173364385,0.3995347528145846,0.014616171398043278,0,0
2.1,1.272167490341333,1.2977654660264253,0.4666267236865376,0.3995529236583582,0.014045317504957298,0,0
2.12,1.2793035732947085,1.3013625366279507,0.46689665914091905,0.3995703843811944,0.013496772719070682,0,0
2.14,1.2864390225642854,1.3049616092829077,0.46715605243422553,0.3995871627516539,0.01296966466532301,0,0
2.16,1.2935738623638962,1.3085626057188162,0.4674053155362946,0.3996032854517529,0.012463155103453749,0,0
2.18,1.3007081160017382,1.3121654507281428,0.46764484430812303,0.39961877811950774,0.011976438591421723,0,0
2.2,1.3078418059126886,1.315770072047999,0.46787501913214713,0.3996336653898126,0.01150874120120482,0,0
2.22,1.3149749536895907,1.3193764002445796,0.46809620551784564,0.39964797093371457,0.011059319284925428,0,0
2.24,1.3221075801135347,1.3229843686021525,0.46830875468363214,0.3996617174961502,0.010627458289326097,0,0
2.2600000000000002,1.3292397051831566,1.326593913016421,0.46851300411596614,0.39967492693220336,0.01021247161669847,0,0
2.2800000000000002,1.336371348142977,1.3302049718920848,0.46870927810657503,0.39968762024194227,0.009813699530444198,0,0
2.3000000000000003,1.343502527510804,1.333817486044433,0.46889788826864537,0.39969981760389145,0.009430508103517199,0,0
2.32,1.350633261104221,1.3374313986048096,0.46907913403280665,0.3997115384071927,0.009062288208063096,0,0
2.34,1.3577635660661898,1.3410466549297995,0.4692533031236995,0.3997228012825058,0.008708454544642641,0,0
2.36,1.3648934588897814,1.3446632025139853,0.46942067201788923,0.3997336241316989,0.008368444709485834,0,0
2.38,1.372022955442071,1.3482809909061362,0.46958150638385493,0.3997440241563751,0.008041718298285148,0,0
2.4,1.3791520709872096,1.3518999716286926,0.46973606150475683,0.399754017885283,0.00772775604509468,0,0
2.42,1.3862808202087014,1.3555200981004145,0.46988458268465605,0.39976362120065206,0.007426058994959628,0,0
2.44,1.3934092172309092,1.359141325562072,0.47002730563883516,0.3997728493634972,0.0071361477089541,0,0
2.46,1.4005372756398087,1.3627636110050532,0.47016445686884223,0.3997817170379324,0.006857561500353659,0,0
2.48,1.4076650085030156,1.3663869131027806,0.47029625402285674,0.3997902383145315,0.006589857700726176,0,0
2.5,1.4147924283891067,1.3700111921448181,0.47042290624195204,0.3997984267327743,0.0063326109547646725,0,0
2.52,1.4219195473862578,1.3736364099735683,0.47054461449280677,0.399806295302614,0.006085412542737533,0,0
2.54,1.4290463771202184,1.3772625299234533,0.4706615718873962,0.3998138565251994,0.005847869729473598,0,0
2.56,1.4361729287716447,1.3808895167624866,0.470773963990173,0.39982112241278583,0.005619605138839301,0,0
2.58,1.4432992130928113,1.3845173366361347,0.47088196911322727,0.39982810450786666,0.005400256152713112,0,0
2.6,1.4504252404237215,1.3881459570133852,0.47098575859989716,0.3998348139015552,0.0051894743334942595,0,0
2.62,1.4575510207076359,1.3917753466349292,0.4710854970972816,0.3998412612512471,0.0049869248692224755,0,0
2.64,1.4646765635060381,1.3954054754633785,0.47118134281809015,0.39984745679759115,0.004792286040427808,0,0
2.66,1.4718018780130566,1.399036314635434,0.47127344779224717,0.3998534103807956,0.004605248707851173,0,0
2.68,1.4789269730693602,1.4026678364159324,0.47136195810865167,0.399859131456296,0.004425515820225878,0,0
2.7,1.4860518571755452,1.4063000141536925,0.47144701414747825,0.39986462910980936,0.004252801941328155,0,0
2.72,1.4931765385050328,1.4099328222390963,0.47152875080338913,0.39986991207179984,0.004086832795544892,0,0
2.74,1.5003010249164899,1.41356623606333,0.47160729770001375,0.3998749887313766,0.003927344831231472,0,0
2.7600000000000002,1.5074253239657933,1.4172002319792254,0.47168277939603703,0.3998798671496494,0.003774084801163702,0,0
2.7800000000000002,1.514549442917552,1.4208347872636342,0.4717553155832253,0.3998845550725595,0.0036268093594138406,0,0
2.8000000000000003,1.521673388756201,1.4244698800812796,0.47182502127670545,0.3998890599432099,0.0034852846740069943,0,0
2.82,1.5287971681966854,1.4281054894500222,0.47189200699780026,0.3998933889137119,0.0033492860547399417,0,0
2.84,1.535920787694744,1.431741595207488,0.47195637894971165,0.39989754885656836,0.0032185975955689727,0,0
2.86,1.543044253456812,1.4353781779790036,0.47201823918633157,0.3999015463756111,0.003093011830995085,0,0
2.88,1.5501675714495529,1.4390152191467889,0.47207768577444953,0.3999053878165108,0.002972329405898977,0,0
2.9,1.5572907474090323,1.4426527008203547,0.4721348129496155,0.39990907927687463,0.0028563587582981498,0,0
2.92,1.56441378684955,1.4462906058080607,0.472189711265906,0.39991262661594956,0.0027449158145222974,0,0
2.94,1.571536695072139,1.4499289175897878,0.4722424677398323,0.3999160354639453,0.002637823696316155,0,0
2.96,1.5786594771727445,1.4535676202906804,0.4722931659886205,0.3999193112309926,0.00253491243940962,0,0
2.98,1.5857821380500954,1.4572066986559167,0.47234188636308244,0.3999224591157509,0.0024360187230975106,0,0
3.0,1.5929046824132789,1.4608461380264661,0.47238870607529054,0.39992548411367945,0.0023409856104050775,0,0
3.02,1.6000271147890284,1.4644859243157982,0.47243369932125895,0.3999283910249838,0.002249662298420829,0,0
3.04,1.6071494395287351,1.4681260439875004,0.47247693739882696,0.3999311844622526,0.0021619038784006506,0,0
3.06,1.6142716608151957,1.471766484033774,0.4725184888209321,0.3999338688577947,0.002077571105257303,0,0
3.08,1.621393782669102,1.4754072319547715,0.4725584194244536,0.39993644847068915,0.0019965301760732634,0,0
3.1,1.6285158089552862,1.4790482757387413,0.47259679247479913,0.39993892739355996,0.001918652517276631,0,0
3.12,1.6356377433887266,1.4826896038429516,0.4726336687664021,0.3999413095590849,0.0018438145801478178,0,0
3.14,1.642759589540326,1.4863312051753588,0.47266910671928863,0.3999435987462505,0.0017718976443260592,0,0
3.16,1.64988135084247,1.4899730690769948,0.4727031624718687,0.3999457985863617,0.00170278762900411,0,0
3.18,1.6570030305943722,1.4936151853050421,0.47273588997009897,0.39994791256881634,0.0016363749115111403,0,0
3.2,1.6641246319672174,1.497257544016572,0.4727673410531588,0.39994994404665435,0.0015725541529919562,0,0
3.22,1.6712461580091054,1.500900135752919,0.472797565535777,0.39995189624188926,0.0015112241309086503,0,0
3.24,1.6783676116498083,1.5045429514246655,0.4728266112873389,0.3999537722506311,0.0014522875780930145,0,0
3.2600000000000002,1.6854889957053447,1.5081859822972148,0.4728545243079008,0.3999555750480095,0.0013956510280964671,0,0
3.2800000000000002,1.692610312882378,1.5118292199769279,0.47288134880123267,0.39995730749290304,0.0013412246665917005,0,0
3.3000000000000003,1.699731565782447,1.5154726563978034,0.47290712724500433,0.39995897233248523,0.0012889221885838964,0,0
3.3200000000000003,1.7068527569060343,1.519116283808677,0.4729319004582286,0.399960572206591,0.0012386606612116993,0,0
3.34,1.7139738886564784,1.5227600947609221,0.4729557076660668,0.39996210965191326,0.0011903603919127814,0,0
3.36,1.7210949633437342,1.5264040820966323,0.47297858656210173,0.3999635871060356,0.0011439448017466214,0,0
3.38,1.728215983187991,1.530048238937264,0.4730005733681752,0.3999650069113061,0.001099340303673646,0,0
3.4,1.7353369503231504,1.533692558672726,0.47302170289188705,0.3999663713185608,0.001056476185594235,0,0
3.42,1.7424578668001691,1.5373370349508921,0.4730420085818463,0.3999676824907009,0.001015284497964064,0,0
3.44,1.749578734590276,1.540981661667527,0.4730615225807624,0.3999689425061302,0.0009756999458035986,0,0
3.46,1.756699555588062,1.5446264329566037,0.47308027577646106,0.39997015336205793,0.0009376597849322099,0,0
3.48,1.763820331614453,1.5482713431810013,0.4730982978509063,0.39997131697767274,0.000901103722261376,0,0
3.5,1.7709410644195671,1.5519163869235644,0.473115617327306,0.3999724351971922,0.0008659738199868762,0,0
3.52,1.7780617556854628,1.555561558978514,0.4731322616153766,0.3999735097927933,0.0008322144035275425,0,0
3.54,1.7851824070287785,1.5592068543431923,0.4731482570548379,0.3999745424674281,0.0007997719730651333,0,0
3.56,1.7923030200032737,1.562852268210132,0.47316362895720876,0.3999755348575295,0.0007685951185443242,0,0
3.58,1.7994235961022689,1.566497795959434,0.47317840164596864,0.3999764885356111,0.0007386344379951559,0,0
3.6,1.8065441367609925,1.5701434331514432,0.47319259849514966,0.39997740501276513,0.0007098424590510355,0,0
3.62,1.8136646433588373,1.5737891755197122,0.47320624196642036,0.39997828574106337,0.0006821735635357262,0,0
3.64,1.8207851172215292,1.577435018964237,0.47321935364472034,0.39997913211586333,0.0006555839149984255,0,0
3.66,1.8279055596232117,1.5810809595449602,0.473231954272502,0.3999799454780249,0.0006300313890827969,0,0
3.68,1.83502597178845,1.5847269934755257,0.4732440637826344,0.3999807271160401,0.0006054755066200457,0,0
3.7,1.8421463548941586,1.5883731171172784,0.4732557013300211,0.3999814782680794,0.0005818773693361257,0,0
3.72,1.8492667100714517,1.5920193269734981,0.4732668853219826,0.39998220012395835,0.000559199598074489,0,0
3.74,1.8563870384074248,1.5956656196838597,0.4732776334474513,0.3999828938270269,0.0005374062734339048,0,0
3.7600000000000002,1.8635073409468648,1.5993119920191077,0.4732879627050258,0.39998356047598543,0.0005164628787264203,0,0
3.7800000000000002,1.8706276186938957,1.6029584408759407,0.4732978894299292,0.39998420112662925,0.0004963362451667619,0,0
3.8000000000000003,1.8777478726135592,1.6066049632720951,0.47330742931991326,0.3999848167935248,0.00047699449920468595,0,0
3.8200000000000003,1.8848681036333348,1.6102515563416204,0.4733165974601516,0.39998540845162117,0.0004584070119150186,0,0
3.84,1.8919883126446004,1.6138982173303393,0.47332540834715897,0.3999859770377976,0.00044054435036777756,0,0
3.86,1.8991085005040367,1.617544943591486,0.47333387591177695,0.399986523452351,0.0004233782308998846,0,0
3.88,1.9062286680349763,1.6211917325815135,0.47334201354126115,0.39998704856042533,0.00040688147421130694,0,0
3.9,1.9133488160287018,1.6248385818560656,0.4733498341005055,0.3999875531933852,0.0003910279622187929,0,0
3.92,1.9204689452456918,1.6284854890661056,0.47335734995243745,0.3999880381501349,0.0003757925965957032,0,0
3.94,1.9275890564168203,1.6321324519541969,0.4733645729776161,0.39998850419838744,0.0003611512589326571,0,0
3.96,1.9347091502445082,1.6357794683509281,0.4733715145930652,0.39998895207588236,0.0003470807724545999,0,0
3.98,1.94182922740383,1.6394265361714786,0.47337818577036994,0.39998938249155713,0.0003335588652362276,0,0
4.0,1.9489492885435786,1.6430736534123174,0.473384597053067,0.39998979612667207,0.00032056413485270774,0,0
4.0200000000000005,1.9560693342872884,1.6467208181480308,0.47339075857335533,0.3999901936358916,0.00030807601441473764,0,0
4.04,1.9631893652342174,1.6503680285282756,0.4733966800681539,0.39999057564832313,0.0002960747399289865,0,0
4.0600000000000005,1.9703093819602928,1.6540152827748487,0.47340237089453263,0.3999909427685155,0.00028454131893640433,0,0
4.08,1.977429385019019,1.6576625791788733,0.4734078400445401,0.399991295577418,0.0002734575003736639,0,0
4.1,1.9845493749423502,1.6613099160980942,0.47341309615945243,0.3999916346333025,0.00026280574561554637,0,0
4.12,1.9916693522415296,1.6649572919542779,0.47341814754346534,0.3999919604726489,0.00025256920064631316,0,0
4.14,1.9987893174078954,1.6686047052307158,0.47342300217685174,0.39999227361099654,0.0002427316693212056,0,0
4.16,2.005909270913656,1.6722521544698232,0.4734276677286051,0.39999257454376197,0.00023327758767011098,0,0
4.18,2.0130292132126346,1.6758996382708338,0.4734321515685893,0.3999928637470249,0.0002241919992083119,0,0
4.2,2.020149144740985,1.6795471552875825,0.47343646077921353,0.39999314167828337,0.00021546053121035413,0,0
4.22,2.0272690659178787,1.6831947042263757,0.47344060216665174,0.3999934087771795,0.00020706937191139474,0,0
4.24,2.0343889771461683,1.686842283843945,0.4734445822716237,0.39999366546619686,0.00019900524859928215,0,0
4.26,2.041508878813021,1.6904898929454795,0.473448407379755,0.3999939121513305,0.00019125540656383944,0,0
4.28,2.04862877129053,1.6941375303827364,0.4734520835315324,0.3999941492227308,0.0001838075888674906,0,0
4.3,2.055748654936301,1.6977851950522245,0.4734556165318705,0.3999943770553224,0.00017665001690669868,0,0
4.32,2.0628685300940175,1.7014328858934586,0.4734590119593052,0.3999945960093987,0.00016977137173290746,0,0
4.34,2.069988397093981,1.7050806018872828,0.47346227517482725,0.3999948064311929,0.00016316077610389892,0,0
4.36,2.0771082562536343,1.7087283420542578,0.47346541133037195,0.3999950086534276,0.00015680777723570125,0,0
4.38,2.0842281078780607,1.7123761054531128,0.47346842537697653,0.3999952029958418,0.0001507023302287358,0,0
4.4,2.091347952260466,1.7160238911792562,0.4734713220726194,0.39999538976569815,0.00014483478214133427,0,0
4.42,2.0984677896826405,1.7196716983633462,0.4734741059897531,0.3999955692582701,0.00013919585668642487,0,0
4.44,2.1055876204154047,1.7233195261699155,0.4734767815225436,0.3999957417573099,0.00013377663952440777,0,0
4.46,2.112707444719035,1.7269673737960503,0.4734793528938262,0.39999590753549846,0.00012856856413157036,0,0
4.48,2.1198272628436747,1.7306152404701216,0.47348182416179063,0.3999960668548776,0.00012356339822172657,0,0
4.5,2.12694707502973,1.734263125450565,0.47348419922640456,0.39999621996726537,0.00011875323069499011,0,0
4.5200000000000005,2.1340668815082466,1.7379110280247079,0.47348648183558656,0.39999636711465536,0.0001141304591002479,0,0
4.54,2.1411866825012775,1.741558947507644,0.4734886755911383,0.3999965085296001,0.00010968777758590953,0,0
4.5600000000000005,2.14830647822223,1.7452068832411505,0.47349078395444466,0.3999966444355796,0.00010541816531928205,0,0
4.58,2.155426268876205,1.748854834592647,0.4734928102519519,0.39999677504735554,0.00010131487536158001,0,0
4.6000000000000005,2.162546054660319,1.752502800954196,0.4734947576804314,0.3999969005713117,9.737142397581167e-05,0,0
4.62,2.169665835764014,1.7561507817415438,0.47349662931203845,0.39999702120578096,9.358158035210895e-05,0,0
4.64,2.1767856123693607,1.7597987763931948,0.47349842809917314,0.3999971371413594,8.99393567352913e-05,0,0
4.66,2.18390538465134,1.7634467843695258,0.47350015687915187,0.39999724856120866,8.643899893701068e-05,0,0
4.68,2.191025152778123,1.767094805151933,0.47350181837869626,0.39999735564134564,8.307497721959933e-05,0,0
4.7,2.198144916911334,1.770742838242013,0.47350341521824696,0.39999745855092184,7.98419775349668e-05,0,0
4.72,2.2052646772063076,1.7743908831607742,0.4735049499161091,0.39999755745249094,7.673489310611181e-05,0,0
4.74,2.212384433812332,1.7780389394478817,0.47350642489243583,0.3999976525022666,7.37488163374822e-05,0,0
4.76,2.219504186872884,1.7816870066609294,0.47350784247305666,0.3999977438503697,7.087903104141535e-05,0,0
4.78,2.2266239365258573,1.7853350843747409,0.473509204893156,0.3999978316410662,6.812100496700335e-05,0,0
4.8,2.2337436829037784,1.7889831721806984,0.4735105143008085,0.3999979160129959,6.54703826227232e-05,0,0
4.82,2.2408634261340157,1.7926312696860973,0.47351177276037604,0.39999799709939143,6.292297837762195e-05,0,0
4.84,2.2479831663389813,1.796279376513526,0.4735129822557727,0.39999807502828977,6.047476983261913e-05,0,0
4.86,2.2551029036363226,1.79992749230027,0.4735141446936017,0.39999814992273475,5.812189145060209e-05,0,0
4.88,2.2622226381391095,1.8035756166977384,0.47351526190617044,0.3999982219009721,5.586062843543349e-05,0,0
4.9,2.2693423699560107,1.8072237493709145,0.47351633565438744,0.3999982910766363,5.368741084932349e-05,0,0
4.92,2.276462099191467,1.8108718899978267,0.47351736763054664,0.3999983575589311,5.159880796079542e-05,0,0
4.94,2.2835818259458547,1.8145200382690394,0.4735183594610029,0.39999842145280184,4.959152281214241e-05,0,0
4.96,2.2907015503156436,1.8181681938871654,0.4735193127087429,0.3999984828591019,4.76623870006021e-05,0,0
4.98,2.297821272393551,1.8218163565663958,0.47352022887585615,0.3999985418747523,4.5808355662146916e-05,0,0
5.0,2.3049409922686857,1.8254645260320495,0.4735211094059092,0.3999985985928952,4.402650265078467e-05,0,0
5.0200000000000005,2.312060710026689,1.8291127020201388,0.47352195568622735,0.3999986531030413,4.231401590759632e-05,0,0
5.04,2.3191804257498703,1.8327608842769534,0.4735227690500875,0.39999870549121125,4.0668193008852604e-05,0,0
5.0600000000000005,2.3263001395173375,1.8364090725586601,0.4735235507788253,0.3999987558400723,3.908643688943503e-05,0,0
5.08,2.3334198514051194,1.8400572666309174,0.47352430210385993,0.39999880422906875,3.756625173156891e-05,0,0
5.1000000000000005,2.340539561486287,1.8437054662685062,0.47352502420864023,0.39999885073454783,3.6105239016093194e-05,0,0
5.12,2.347659269831069,1.847353671254974,0.47352571823051476,0.3999988954298806,3.4701093725275634e-05,0,0
5.14,2.354778976506962,1.8510018813822942,0.4735263852625287,0.3999989383855778,3.335160069772858e-05,0,0
5.16,2.3618986815788365,1.8546500964505366,0.47352702635515115,0.3999989796694017,3.205463112032625e-05,0,0
5.18,2.3690183851090394,1.858298316267553,0.4735276425179344,0.39999901934647303,3.080813916200853e-05,0,0
5.2,2.3761380871574924,1.8619465406486742,0.4735282347211091,0.3999990574793743,2.961015873648165e-05,0,0
5.22,2.3832577877817864,1.8655947694164179,0.47352880389711693,0.3999990941282487,2.8458800390929184e-05,0,0
5.24,2.3903774870372723,1.8692430024002091,0.47352935094208326,0.3999991293508951,2.7352248317624728e-05,0,0
5.26,2.397497184977148,1.8728912394361115,0.4735298767172329,0.39999916320285983,2.6288757481895964e-05,0,0
5.28,2.404616881652541,1.876539480366568,0.4735303820502501,0.399999195737524,2.526665086077795e-05,0,0
5.3,2.4117365771125923,1.8801877250401535,0.4735308677365859,0.3999992270061886,2.4284316791134408e-05,0,0
5.32,2.4188562714045303,1.883835973311335,0.47353133454071433,0.3999992570581551,2.3340206420363607e-05,0,0
5.34,2.4259759645737464,1.8874842250402424,0.47353178319733946,0.3999992859408036,2.2432831257246377e-05,0,0
5.36,2.4330956566638675,1.8911324800924485,0.4735322144125558,0.39999931369966785,2.1560760816718982e-05,0,0
5.38,2.4402153477168236,1.8947807383387565,0.47353262886496295,0.3999993403785072,2.0722620359459043e-05,0,0
5.4,2.4473350377729135,1.8984289996549963,0.4735330272067373,0.39999936601937575,1.991708871651454e-05,0,0
5.42,2.45445472687087,1.9020772639218293,0.4735334100646613,0.3999993906626889,1.9142896201418406e-05,0,0
5.44,2.4615744150479184,1.9057255310245598,0.47353377804111335,0.3999994143472872,1.839882260179504e-05,0,0
5.46,2.4686941023398377,1.909373800852954,0.4735341317150184,0.39999943711049774,1.7683695251347054e-05,0,0
5.48,2.4758137887810148,1.913022073301067,0.47353447164276186,0.39999945898819333,1.6996387174006422e-05,0,0
5.5,2.4829334744044997,1.9166703482670753,0.473534798359068,0.399999480014849,1.6335815304691078e-05,0,0
5.5200000000000005,2.490053159242058,1.9203186256531164,0.47353511237784346,0.39999950022359654,1.570093877534262e-05,0,0
5.54,2.497172843324219,1.9239669053651347,0.4735354141929889,0.3999995196462771,1.5090757271130073e-05,0,0
5.5600000000000005,2.504292526680326,1.9276151873127332,0.47353570427917785,0.3999995383134911,1.4504309447938013e-05,0,0
5.58,2.5114122093385816,1.931263471409031,0.47353598309260614,0.3999995562546469,1.3940671414580663e-05,0,0
5.6000000000000005,2.5185318913260915,1.934911757570527,0.47353625107171154,0.3999995734980073,1.3398955271304303e-05,0,0
5.62,2.5256515726689077,1.9385600457169674,0.47353650863786567,0.399999590070734,1.2878307707464565e-05,0,0
5.64,2.53277125339207,1.9422083357712197,0.47353675619603874,0.3999996059989306,1.2377908652605463e-05,0,0
5.66,2.5398909335196436,1.9458566276591516,0.47353699413543837,0.39999962130768396,1.1896969981495253e-05,0,0
5.68,2.547010613074759,1.9495049213095137,0.4735372228301237,0.3999996360211037,1.143473426779007e-05,0,0
5.7,2.5541302920796487,1.9531532166538275,0.47353744263959546,0.39999965016236033,1.0990473587990657e-05,0,0
5.72,2.561249970555679,1.9568015136262775,0.47353765390936287,0.3999996637537219,1.0563488371473362e-05,0,0
5.74,2.5683696485233867,1.9604498121636078,0.47353785697148876,0.3999996768165891,1.0153106295263115e-05,0,0
5.76,2.575489326002511,1.9640981122050218,0.4735380521451132,0.39999968937152913,9.758681221549992e-06,0,0
5.78,2.5826090030120223,1.9677464136920875,0.47353823973695675,0.39999970143830815,9.379592177838347e-06,0,0
5.8,2.5897286795701557,1.9713947165686445,0.47353842004180424,0.3999997130359226,9.015242375398635e-06,0,0
5.82,2.596848355694436,1.9750430207807161,0.4735385933429696,0.39999972418262897,8.665058267576242e-06,0,0
5.84,2.6039680314017084,1.9786913262764245,0.47353875991274247,0.3999997348959728,8.328488642961318e-06,0,0
5.86,2.611087706708162,1.9823396330059087,0.4735389200128176,0.39999974519281656,8.005003755862106e-06,0,0
5.88,2.6182073816293583,1.985987940921246,0.4735390738947074,0.3999997550893659,7.694094489085757e-06,0,0
5.9,2.6253270561802524,1.9896362499763771,0.4735392218001384,0.39999976460119546,7.3952715509140185e-06,0,0
5.92,2.63244673037522,1.9932845601270333,0.4735393639614324,0.39999977374327345,7.108064700944717e-06,0,0
5.94,2.639566404228077,1.9969328713306667,0.4735395006018726,0.3999997825299852,6.832022009795047e-06,0,0
5.96,2.6466860777521033,2.000581183546383,0.47353963193605547,0.39999979097515603,6.5667091438959e-06,0,0
5.98,2.6538057509600623,2.004229496734878,0.4735397581702291,0.39999979909207284,6.3117086804842515e-06,0,0
6.0,2.660925423864222,2.0078778108583757,0.47353987950261806,0.3999998068935054,6.066619448907851e-06,0,0
6.0200000000000005,2.668045096476374,2.011526125880567,0.473539996123736,0.3999998143917261,5.831055897353998e-06,0,0
6.04,2.67516476880785,2.015174441766555,0.4735401082166857,0.39999982159852976,5.6046474837812e-06,0,0
6.0600000000000005,2.682284440869544,2.018822758482799,0.4735402159574475,0.39999982852525184,5.3870380914977645e-06,0,0
6.08,2.6894041126719253,2.022471075997062,0.47354031951515685,0.39999983518278664,5.177885467610999e-06,0,0
6.1000000000000005,2.696523784225057,2.0261193942783597,0.4735404190523705,0.3999998415816043,4.97686068168246e-06,0,0
6.12,2.703643455538611,2.029767713296912,0.47354051472532266,0.39999984773176744,4.7836476082530055e-06,0,0
6.140000000000001,2.710763126621884,2.0334160330240953,0.4735406066841712,0.399999853642947,4.597942426576296e-06,0,0
6.16,2.7178827974838113,2.0370643534323998,0.47354069507323404,0.3999998593244374,4.419453142667784e-06,0,0
6.18,2.725002468132981,2.040712674495383,0.4735407800312166,0.39999986478517124,4.247899127007847e-06,0,0
6.2,2.7321221385776484,2.0443609961876317,0.47354086169143006,0.3999998700337337,4.08301067333916e-06,0,0
6.22,2.7392418088257475,2.0480093184847186,0.4735409401820015,0.3999998750783757,3.924528572674113e-06,0,0
6.24,2.7463614788849045,2.0516576413631658,0.4735410156260756,0.39999987992702685,3.7722037038445677e-06,0,0
6.26,2.753481148762449,2.055305964800408,0.4735410881420084,0.3999998845873084,3.625796641482104e-06,0,0
6.28,2.7606008184654263,2.0589542887747565,0.47354115784355394,0.3999998890665448,3.4850772777650367e-06,0,0
6.3,2.767720488000608,2.062602613265365,0.47354122484004313,0.39999989337177577,3.349824460041617e-06,0,0
6.32,2.7748401573745034,2.0662509382521974,0.473541289236556,0.3999998975097667,3.2198256411097863e-06,0,0
6.34,2.7819598265933685,2.0698992637159956,0.4735413511340869,0.3999999014870199,3.094876545373104e-06,0,0
6.36,2.789079495663216,2.0735475896382494,0.47354141062970384,0.3999999053097848,2.974780845543812e-06,0,0
6.38,2.796199164589826,2.0771959160011684,0.4735414678167009,0.39999990898406734,2.8593498543338924e-06,0,0
6.4,2.8033188333787535,2.0808442427876526,0.47354152278474543,0.3999999125156401,2.748402225360991e-06,0,0
6.42,2.8104385020353386,2.084492569981266,0.4735415756200188,0.39999991591005074,2.6417636690423407e-06,0,0
6.44,2.8175581705647135,2.0881408975662117,0.47354162640535236,0.39999991917263134,2.5392666762602545e-06,0,0
6.46,2.824677838971811,2.0917892255273056,0.47354167522035745,0.39999992230850645,2.44075025546131e-06,0,0
6.48,2.8317975072613732,2.095437553849954,0.473541722141551,0.3999999253226011,2.3460596781932352e-06,0,0
6.5,2.8389171754379574,2.0990858825201295,0.4735417672424757,0.3999999282196489,2.255046235744018e-06,0,0
6.5200000000000005,2.8460368435059444,2.1027342115243495,0.4735418105938158,0.3999999310041994,2.167567004218718e-06,0,0
6.54,2.8531565114695447,2.1063825408496553,0.4735418522635082,0.3999999336806248,2.0834846197193002e-06,0,0
6.5600000000000005,2.8602761793328058,2.1100308704835906,0.47354189231684946,0.3999999362531276,2.002667061851149e-06,0,0
6.58,2.8673958470996177,2.113679200414184,0.47354193081659834,0.3999999387257465,1.9249874457782923e-06,0,0
6.6000000000000005,2.8745155147737194,2.1173275306299275,0.4735419678230748,0.3999999411023635,1.8503238221612153e-06,0,0
6.62,2.881635182358705,2.1209758611197613,0.47354200339425445,0.3999999433867092,1.7785589845331629e-06,0,0
6.640000000000001,2.8887548498580298,2.124624191873054,0.47354203758586016,0.3999999455823694,1.709580285558232e-06,0,0
6.66,2.8958745172750135,2.128272522879588,0.47354207045144936,0.39999994769279024,1.643279459173641e-06,0,0
6.68,2.902994184612848,2.131920854129541,0.47354210204249836,0.399999949721284,1.5795524497264068e-06,0,0
6.7,2.9101138518746015,2.135569185613473,0.47354213240848336,0.3999999516710339,1.5182992488815825e-06,0,0
6.72,2.917233519063222,2.1392175173223102,0.4735421615969581,0.39999995354509965,1.4594237371934327e-06,0,0
6.74,2.924353186181545,2.142865849247331,0.47354218965362876,0.3999999553464218,1.4028335332261221e-06,0,0
6.76,2.931472853232294,2.146514181380153,0.47354221662242574,0.39999995707782654,1.3484398482255244e-06,0,0
6.78,2.9385925202180885,2.1501625137127176,0.47354224254557264,0.3999999587420303,1.2961573457870303e-06,0,0
6.8,2.9457121871414453,2.1538108462372807,0.4735422674636528,0.39999996034164376,1.2459040080736727e-06,0,0
6.82,2.952831854004784,2.157459178946398,0.47354229141567294,0.399999961879176,1.1976010060310571e-06,0,0
6.84,2.95995152081043,2.1611075118329137,0.4735423144391245,0.39999996335703886,1.1511725755974922e-06,0,0
6.86,2.9670711875606193,2.1647558448899504,0.47354233657004247,0.39999996477755007,1.1065458990211496e-06,0,0
6.88,2.9741908542575,2.1684041781108974,0.47354235784306226,0.3999999661429375,1.063650989618914e-06,0,0
6.9,2.981310520903138,2.1720525114894005,0.4735423782914739,0.39999996745534216,1.0224205808651021e-06,0,0
6.92,2.9884301874995183,2.1757008450193522,0.4735423979472743,0.39999996871682203,9.827900220304997e-07,0,0
6.94,2.9955498540485492,2.1793491786948818,0.47354241684121784,0.399999969929355,9.446971755977529e-07,0,0
6.96,3.002669520552065,2.1829975125103465,0.47354243500286425,0.3999999710948421,9.080823194507203e-07,0,0
6.98,3.009789187011829,2.1866458464603222,0.4735424524606253,0.39999997221511036,8.728880530606276e-07,0,0
7.0,3.0169088534295363,2.190294180539596,0.4735424692418095,0.39999997329191594,8.390592076690241e-07,0,0
7.0200000000000005,3.0240285198068153,2.1939425147431564,0.47354248537266463,0.3999999743269467,8.065427579140305e-07,0,0
7.04,3.031148186145232,2.1975908490661866,0.4735425008784194,0.3999999753218248,7.752877405620141e-07,0,0
7.0600000000000005,3.0382678524462916,2.201239183504057,0.47354251578332285,0.39999997627810946,7.452451724621056e-07,0,0
7.08,3.045387518711441,2.204887518052317,0.4735425301106823,0.3999999771972992,7.163679743849016e-07,0,0
7.1000000000000005,3.0525071849420713,2.208535852706689,0.47354254388290024,0.3999999780808344,6.886108974146766e-07,0,0
7.12,3.0596268511395186,2.2121841874630617,0.4735425571215092,0.3999999789300994,6.619304500077305e-07,0,0
7.140000000000001,3.0667465173050683,2.215832522317483,0.4735425698472059,0.39999997974642476,6.362848321561643e-07,0,0
7.16,3.0738661834399554,2.219480857266153,0.4735425820798832,0.39999998053108937,6.116338669981403e-07,0,0
7.18,3.0809858495453675,2.223129192305421,0.473542593838662,0.3999999812853223,5.879389399776613e-07,0,0
7.2,3.0881055156224453,2.226777527431777,0.4735426051419207,0.39999998201030507,5.651629363390143e-07,0,0
7.22,3.095225181672286,2.230425862641847,0.4735426160073244,0.39999998270717296,5.432701837282394e-07,0,0
7.24,3.1023448476959445,2.2340741979323884,0.4735426264518523,0.3999999833770176,5.222263959048234e-07,0,0
7.26,3.109464513694434,2.2377225333002833,0.47354263649182465,0.3999999840208877,5.019986185628156e-07,0,0
7.28,3.1165841796687292,2.241370868742536,0.47354264614292824,0.39999998463979164,4.825551783715909e-07,0,0
7.3,3.1237038456197666,2.245019204256266,0.4735426554202409,0.3999999852346984,4.638656316835465e-07,0,0
7.32,3.130823511548446,2.248667539838705,0.47354266433825526,0.39999998580653934,4.4590071823780164e-07,0,0
7.34,3.1379431774556337,2.252315875487192,0.4735426729109015,0.3999999863562097,4.2863231408674096e-07,0,0
7.36,3.145062843342161,2.2559642111991685,0.4735426811515693,0.3999999868845699,4.1203338851936167e-07,0,0
7.38,3.1521825092088274,2.259612546972176,0.47354268907312846,0.39999998739244697,3.9607795987439687e-07,0,0
7.4,3.1593021750564017,2.2632608828038516,0.47354269668794957,0.3999999878806358,3.807410564604652e-07,0,0
7.42,3.1664218408856226,2.266909218691923,0.4735427040079231,0.39999998834990036,3.6599867614395265e-07,0,0
7.44,3.173541506697201,2.2705575546342063,0.4735427110444781,0.3999999888009749,3.5182774948960827e-07,0,0
7.46,3.180661172491819,2.2742058906286027,0.47354271780860013,0.3999999892345654,3.3820610267909506e-07,0,0
7.48,3.187780838270133,2.2778542266730946,0.4735427243108486,0.3999999896513502,3.251124235381653e-07,0,0
7.5,3.194900504032774,2.281502562765742,0.47354273056137314,0.3999999900519813,3.125262270087248e-07,0,0
7.5200000000000005,3.202020169780348,2.285150898904681,0.4735427365699296,0.3999999904370854,3.004278242846326e-07,0,0
7.54,3.2091398355134384,2.288799235088119,0.47354274234589544,0.3999999908072649,2.887982907262554e-07,0,0
7.5600000000000005,3.216259501232605,2.292447571314334,0.47354274789828416,0.3999999911630989,2.776194366616025e-07,0,0
7.58,3.223379166938387,2.2960959075816696,0.47354275323575973,0.3999999915051438,2.6687377874257123e-07,0,0
7.6000000000000005,3.230498832631302,2.2997442438885343,0.47354275836665,0.39999999183393453,2.565445129665278e-07,0,0
7.62,3.2376184983118477,2.303392580233398,0.4735427632989597,0.3999999921499853,2.4661548692073154e-07,0,0
7.640000000000001,3.244738163980503,2.30704091661479,0.47354276804038326,0.3999999924537901,2.370711763566291e-07,0,0
7.66,3.2518578296377267,2.310689253031297,0.47354277259831645,0.39999999274582404,2.278966587665465e-07,0,0
7.68,3.258977495283962,2.3143375894815588,0.4735427769798683,0.39999999302654365,2.1907759184536246e-07,0,0
7.7,3.2660971609196334,2.3179859259642703,0.4735427811918721,0.3999999932963878,2.1060018984275786e-07,0,0
7.72,3.27321682654515,2.321634262478175,0.47354278524089616,0.3999999935557781,2.024512020248892e-07,0,0
7.74,3.2803364921609033,2.3252825990220667,0.473542789133254,0.39999999380512014,1.946178922462849e-07,0,0
7.76,3.287456157767272,2.3289309355947845,0.47354279287501433,0.3999999940448034,1.8708801852174162e-07,0,0
7.78,3.2945758233646183,2.332579272195213,0.47354279647201064,0.3999999942752026,1.7984981448559978e-07,0,0
7.8,3.3016954889532912,2.33622760882228,0.47354279992985004,0.39999999449667767,1.7289197007386292e-07,0,0
7.82,3.3088151545336264,2.3398759454749554,0.47354280325392234,0.3999999947095747,1.6620361442676312e-07,0,0
7.84,3.315934820105946,2.343524282152248,0.4735428064494083,0.3999999949142261,1.5977429890234876e-07,0,0
7.86,3.32305448567056,2.347172618853206,0.4735428095212879,0.3999999951109518,1.5359397975700517e-07,0,0
7.88,3.3301741512277663,2.3508209555769133,0.473542812474348,0.399999995300059,1.4765300360153333e-07,0,0
7.9,3.337293816777851,2.35446929232249,0.4735428153131898,0.39999999548184295,1.4194209119189338e-07,0,0
7.92,3.3444134823210896,2.358117629089091,0.4735428180422363,0.3999999956565876,1.3645232399550622e-07,0,0
7.94,3.3515331478577464,2.3617659658759025,0.4735428206657389,0.39999999582456597,1.3117512887017566e-07,0,0
7.96,3.358652813388076,2.365414302682143,0.4735428231877842,0.39999999598604025,1.261022659626576e-07,0,0
7.98,3.3657724789123233,2.3690626395070606,0.4735428256123005,0.39999999614126247,1.2122581505291663e-07,0,0
8.0,3.372132430494849,2.372516515552541,0.4975043331958854,0.3618640762413852,1.198075379179246,0,0
8.02,3.3784361804737624,2.376130464615821,0.5205568446318863,0.36331078854278,1.1526255718000489,0,0
8.040000000000001,3.384682067516207,2.3798976932358284,0.5427350234501302,0.36470233212300507,1.1089089409121975,0,0
8.06,3.390868780712005,2.383811636205059,0.5640721691182965,0.3660408779543953,1.0668572834083099,0,0
8.08,3.3969953261259205,2.387865959076524,0.5846002739536688,0.3673285064314186,1.0264052417686147,0,0
8.1,3.4030609957651023,2.392054558795488,0.6043500773972195,0.3685672115686558,0.9874901721775335,0,0
8.120000000000001,3.409065338856061,2.396371562752941,0.6233511177921558,0.36975890497257097,0.9500520197468189,0,0
8.14,3.415008135318303,2.4008113265218993,0.6416317818002368,0.37090541960111806,0.9140332004040524,0,0
8.16,3.4208893713175517,2.405368430505292,0.6592193515809067,0.37200851332432755,0.8793784890334928,0,0
8.18,3.4267092167797153,2.410037675695166,0.676140049850569,0.37306987229816774,0.8460349134831133,0,0
8.2,3.4324680047469376,2.414814078716992,0.6924190829321127,0.37409111416315816,0.8139516540771905,0,0
8.22,3.4381662124587473,2.419692866309689,0.7080806818980706,0.37507379107844885,0.7830799482978954,0,0
8.24,3.4438044440441633,2.42466946937143,0.7231481419045108,0.3760193926013561,0.7533730003220083,0,0
8.26,3.4493834147143314,2.429739516683047,0.7376438598069135,0.37692934842166936,0.7247858951201327,0,0
8.28,3.4549039363496075,2.434898828404754,0.7515893701438273,0.3778050309594104,0.6972755168456914,0,0
8.3,3.46036690437979,2.4401434094277077,0.7650053795690183,0.37864775783413407,0.6708004712595466,0,0
8.32,3.4657732858612595,2.445469442649455,0.7779117998080859,0.37945879421331097,0.6453210119533839,0,0
8.34,3.471124108659987,2.450873282231381,0.790327779211108,0.38023935504681877,0.6207989701511044,0,0
8.36,3.4764204516546426,2.4563514468867202,0.8022717329687563,0.3809906071940925,0.5971976878824183,0,0
8.38,3.481663435879247,2.4619006132393624,0.8137613720554908,0.3817136714500435,0.5744819543367279,0,0
8.4,3.4868542165299417,2.467517609286446,0.8248137309598557,0.38240962447544613,0.5526179452182425,0,0
8.42,3.4919939757654506,2.473199407991465,0.8354451942585603,0.38307950063711077,0.5315731649352367,0,0
8.44,3.497083916235614,2.4789431210291872,0.8456715220879085,0.3837242937628103,0.5113163914674077,0,0
8.46,3.5021252552769906,2.484745992699031,0.8555078745632193,0.384344958815601,0.4918176237655367,0,0
8.48,3.507119219718921,2.4906053940195343,0.8649688351941625,0.3849424134918759,0.4730480315471552,0,0
8.5,3.51206704124762,2.4965188170131345,0.874068433341377,0.3855175397472097,0.4549799073607233,0,0
8.52,3.516969952279801,2.5024838691875777,0.8828201657573558,0.3860711852537939,0.4375866207989427,0,0
8.540000000000001,3.5218291823010444,2.5084982682178025,0.8912370172523439,0.38660416479302234,0.42084257474940584,0,0
8.56,3.5266459546276043,2.514559836830084,0.899331480523899,0.3871172615865622,0.4047231635777535,0,0
8.58,3.531421483553593,2.5206664978884827,0.9071155751867993,0.3876112285690418,0.3892047331450157,0,0
8.6,3.536156971848532,2.5268162696822127,0.9146008660381353,0.38808678960529336,0.37426454256680025,0,0
8.620000000000001,3.540853608573073,2.533007261411359,0.9217984805906875,0.3885446406549117,0.35988072762760703,0,0
8.64,3.5455125671833376,2.5392376688674134,0.9287191259060615,0.38898545088672454,0.34603226576870116,0,0
8.66,3.5501350038967425,2.5455057703043336,0.9353731047575172,0.38940986374561903,0.332698942572782,0,0
8.68,3.554722056294457,2.551809922495208,0.9417703311509814,0.38981849797402246,0.3198613196732072,0,0
8.700000000000001,3.5592748421377127,2.5581485569691687,0.9479203452313743,0.39021194859020736,0.3075007040196398,0,0
8.72,3.563794458377125,2.5645201764228154,0.9538323276000918,0.3905907878254647,0.29559911843587816,0,0
8.74,3.5682819803359638,2.570923351300202,0.9595151130682769,0.39095556602207565,0.28413927340925027,0,0
8.76,3.572738461049958,2.5773567165352445,0.9649772038693631,0.3913068124939036,0.2731045400543115,0,0
8.78,3.5771649307477147,2.583818968450351,0.9702267823532971,0.3916450363513306,0.26247892419669716,0,0
8.8,3.5815623964572487,2.590308861805026,0.9752717231838163,0.3919707272921675,0.25224704152595834,0,0
8.82,3.5859318417253774,2.5968252069882376,0.9801196050591945,0.3922843563600795,0.2423940937689102,0,0
8.84,3.5902742264379155,2.603366867348398,0.9847777219759465,0.3925863766719895,0.23290584583759744,0,0
8.86,3.5945904867296914,2.609932756654899,0.9892530940541141,0.3928772241158418,0.22376860390837883,0,0
8.88,3.5988815349743803,2.616521836685285,0.9935524779419317,0.3931573180200418,0.2149691943908818,0,0
8.9,3.6031482598450717,2.6231331149322763,0.9976823768168852,0.393427061795815,0.20649494374767333,0,0
8.92,3.6073915264373064,2.6297656424250295,1.0016490499994348,0.3936868435536718,0.1983336591274778,0,0
8.94,3.61161217644709,2.6364185116591994,1.0054585221949675,0.3939370366950985,0.19047360977663086,0,0
8.96,3.6158110283970752,2.643090854630543,1.0091165923788714,0.3941780004805461,0.18290350919519804,0,0
8.98,3.619988877904758,2.6497818409670066,1.0126288423389878,0.39441008057473176,0.17561249800581666,0,0
9.0,3.624146497987091,2.6564906761544256,1.0160006448890857,0.39463360957022053,0.16859012750489732,0,0
9.02,3.6282846393964787,2.6632165998511677,1.0192371717664306,0.39484890749020796,0.16182634386724226,0,0
9.040000000000001,3.632404030983579,2.669958884287244,1.0223434012259611,0.3950562822713804,0.15531147297652925,0,0
9.06,3.6365053800828013,2.6767168327436064,1.0253241253430692,0.3952560302276904,0.14903620585539867,0,0
9.08,3.6405893729167773,2.6834897781075404,1.0281839570364715,0.3954484364958415,0.1429915846701184,0,0
9.1,3.644656675016467,2.690277081500257,1.03092733682219,0.3956337754632449,0.13716898928593313,0,0
9.120000000000001,3.64870793165389,2.6970781309729586,1.0335585393091964,0.3958123111791725,0.13156012435031883,0,0
9.14,3.6527437682847785,2.7038923402678465,1.0360816794468444,0.39598429774979765,0.1261570068823974,0,0
9.16,3.6567647909987384,2.7107191476406953,1.038500718533799,0.39614997971778654,0.12095195434773487,0,0
9.18,3.6607715869747466,2.717558014741797,1.0408194699977726,0.3963095924270704,0.11593757319867803,0,0
9.200000000000001,3.6647647249400555,2.724408425552236,1.0430416049549984,0.3964633623734022,0.11110674786128927,0,0
9.22,3.66874475563078,2.7312698853726065,1.045170657558013,0.3966115075412755,0.10645263015073247,0,0
9.24,3.672712212252637,2.7381419198614356,1.047210030139969,0.3967542377277563,0.10196862909779814,0,0
9.26,3.6766676109404837,2.7450240741207166,1.0491629981633686,0.39689175485375533,0.09764840116998429,0,0
9.28,3.6806114512154506,2.7519159118260927,1.0510327149807943,0.3970242532632464,0.0934858408712893,0,0
9.3,3.684544216438624,2.7588170143993587,1.0528222164149044,0.39715192001091343,0.08947507170550573,0,0
9.32,3.688466374260346,2.765726980221075,1.054534425164675,0.39727493513868795,0.08561043748853692,0,0
9.34,3.692378377064329,2.7726454238812024,1.056172155044591,0.397393471941621,0.08188649399579262,0,0
9.36,3.69628066240589,2.77957197546578,1.057738115063218,0.39750769722351253,0.07829800093134587,0,0
9.38,3.700173653443696,2.786506279877774,1.05923491334734,0.39761777154270506,0.07483991420610403,0,0
9.4,3.704057759364506,2.7934479961903267,1.0606650609175952,0.3977238494484301,0.07150737851276379,0,0
9.42,3.707933375800481,2.8003967970307277,1.0620309753213115,0.39782607970808115,0.0682957201858212,0,0
9.44,3.711800885238687,2.807352367993526,1.06333498412802,0.39792460552576986,0.0652004403354236,0,0
9.46,3.715660657422497,2.814314407081279,1.0645793282929057,0.39801956475250866,0.06221720824429155,0,0
9.48,3.719513049744648,2.8212826241715225,1.0657661653932533,0.39811109008834816,0.0593418550173852,0,0
9.5,3.7233584076317583,2.828256740508625,1.0668975727427417,0.3981993092767844,0.056570367474415136,0,0
9.52,3.7271970649201625,2.8352364882192496,1.067975550388256,0.39828434529173834,0.05389888227571671,0,0
9.540000000000001,3.731029344222962,2.8422216098502298,1.069002023993703,0.3983663165173973,0.05132368027235801,0,0
9.56,3.734855557288222,2.8492118579277257,1.0699788476151382,0.39844533692119666,0.04884118107176061,0,0
9.58,3.7386760053482817,2.8562069945365822,1.0709078063713469,0.3985215162202087,0.046447937810439655,0,0
9.6,3.742490979460179,2.863206790918882,1.0717906190138633,0.3985949600411948,0.04414063212582553,0,0
9.620000000000001,3.7463007608372028,2.8702110270907237,1.0726289404002518,0.39866577007456633,0.04191606931942182,0,0
9.64,3.7501056211716293,2.8772194914763305,1.0734243638743302,0.3987340442224911,0.039771173703917036,0,0
9.66,3.753905822948698,2.884231980558613,1.0741784235568723,0.398799876741371,0.03770298412711082,0,0
9.68,3.7577016197519177,2.8912482985453916,1.0748925965501888,0.3988633583789094,0.03570864966582654,0,0
9.700000000000001,3.761493256559797,2.8982682570504914,1.0755683050598537,0.3989245765059757,0.03378542548324681,0,0
9.72,3.7652809700341177,2.9052916747889967,1.0762069184367213,0.39898361524346904,0.031930668843383365,0,0
9.74,3.7690649887998675,2.912318377285964,1.0768097551422535,0.3990405555843731,0.030141835276612742,0,0
9.76,3.7728455337169753,2.919348196597947,1.0773780846400631,0.39909547551118685,0.02841647489047494,0,0
9.78,3.776622818143983,2.9263809710467137,1.077913129216466,0.3991484501089094,0.0267522288201536,0,0
9.8,3.7803970481938105,2.9334165449645675,1.0784160657327315,0.3991995516737495,0.025146825813268325,0,0
9.82,3.7841684229817663,2.940454768450724,1.0788880273116082,0.3992488498177234,0.023598078943827705,0,0
9.84,3.7879371348659654,2.9474954971382066,1.079330104960616,0.39929641156929935,0.022103882450400736,0,0
9.86,3.7917033696803175,2.954538591970777,1.079743349134491,0.3993423014702389,0.020662208693743356,0,0
9.88,3.795467306960255,2.9615839189894135,1.080128771239077,0.3993865816687827,0.019271105229297092,0,0
9.9,3.799229120161367,2.968631349127899,1.080487345078881,0.39942931200931764,0.017928691990197088,0,0
9.92,3.8029889768711147,2.97568075801709,1.080820008250412,0.39947055011866217,0.016633158576550677,0,0
9.94,3.806747039013792,2.982732025797465,1.0811276634833502,0.3995103514890979,0.015382761646911991,0,0
9.96,3.8105034630489105,2.9897850369395655,1.081411179931512,0.39954876955827184,0.014175822408093008,0,0
9.98,3.8142584001631765,2.9968396800719734,1.0816713944155028,0.39958585578608785,0.013010724199532753,0,0
10.0,3.818011996456229,3.003895847816473,1.0819091126188753,0.3996216597287033,0.011885910168630167,0,0
10.02,3.82176439312031,3.010953436630075,1.0821251102395468,0.3996562291097403,0.010799881033579426,0,0
10.040000000000001,3.8255157266140363,3.01801234665359,1.0823201340981545,0.3996896098888174,0.009751192930382846,0,0
10.06,3.8292661288304313,3.0250724815664545,1.0824949032049709,0.39972184632750407,0.00873845534082296,0,0
10.08,3.83301572725939,3.032133748447531,1.0826501097869377,0.39975298105279583,0.00776032909834079,0,0
10.1,3.836764645144732,3.0391960576416137,1.0827864202763144,0.39978305511820406,0.006815524468840373,0,0
10.120000000000001,3.840513001636001,3.0462593226313848,1.0829044762623863,0.3998121080625509,0.005902799303589834,0,0
10.14,3.8442609119351743,3.053323459914584,1.0830048954076157,0.3998401779665568,0.005020957261469672,0,0
10.16,3.848008487438421,3.0603883888861563,1.0830882723295747,0.3998673015073042,0.004168846097956536,0,0
10.18,3.8517558358730764,3.0674540317251626,1.0831551794499406,0.3998935140106575,0.0033453560182872266,0,0
10.200000000000001,3.8555030614299675,3.074520313286245,1.0832061678117886,0.3999188495017174,0.002549418092396838,0,0
10.22,3.859250264891236,3.0815871609954466,1.0832417678663742,0.3999433407533838,0.0017800027292755871,0,0
10.24,3.8629975437538024,3.0886545047501994,1.0832624902305443,0.3999670193330978,0.0010361182085039111,0,0
10.26,3.8667449923486084,3.095722276823298,1.08326882641588,0.3999899156478348,0.0003168092667835687,0,0
10.28,3.8704924759946637,3.102789985610787,1.0832612495306284,0.3999879410125896,-0.00037884426258338877,0,0
10.3,3.8742399076277394,3.1098572371122746,1.0832402149608078,0.3999665224423724,-0.0010517284910309677,0,0
10.32,3.877987385771716,3.116923994870397,1.0832061610321986,0.3999458014893013,-0.0017026964304664993,0,0
10.34,3.8817350057061653,3.1239902235442494,1.083159509636257,0.39992575199733754,-0.0023325697970824066,0,0
10.36,3.8854828595870905,3.131055888863316,1.0831006668314673,0.39990634876752346,-0.002942140239479585,0,0
10.38,3.889231036563292,3.1381209575833404,1.0830300234223356,0.39988756752239807,-0.003532170456590933,0,0
10.4,3.892979622888514,3.14518539744404,1.0829479555168537,0.39986938487173385,-0.004103395274086541,0,0
10.42,3.896728702029527,3.152249177128582,1.0828548250632377,0.39985177827954616,-0.004656522680802411,0,0
10.44,3.900478354770293,3.1593122662247355,1.082750980366704,0.39983472603232767,-0.005192234826691067,0,0
10.46,3.904228659312358,3.1663746351876205,1.0826367565870292,0.39981820720846123,-0.00571118898373868,0,0
10.48,3.907979691371605,3.1734362553039803,1.082512476217605,0.3998022016487686,-0.006214018471206728,0,0
10.5,3.911731524271506,3.180497098657908,1.082378449546674,0.3997866899281516,-0.006701333546557997,0,0
10.52,3.915484229032993,3.1875571380979566,1.0822349751014073,0.39977165332828446,-0.007173722263332572,0,0
10.540000000000001,3.9192378744610816,3.194616347205574,1.0820823400754631,0.3997570738113202,-0.007631751297211053,0,0
10.56,3.9229925272283532,3.201674700264798,1.0819208207406343,0.3997429339945708,-0.008075966741441842,0,0
10.58,3.9267482519554244,3.208732172233157,1.081750682843178,0.39972921712612575,-0.008506894872814197,0,0
10.6,3.930505111288504,3.2157887387137207,1.0815721819853934,0.39971590706137455,-0.008925042889225132,0,0
10.620000000000001,3.9342631659741465,3.2228443759282492,1.0813855639929948,0.3997029882403986,-0.009330899619934385,0,0
10.64,3.93802247493131,3.229899060691393,1.0811910652688042,0.39969044566620004,-0.009724936209528412,0,0
10.66,3.9417830953208086,3.2369527703858925,1.080988913133273,0.39967826488373626,-0.010107606776559754,0,0
10.68,3.9455450826122624,3.244005482938741,1.0807793261523166,0.39966643195973095,-0.010479349047815221,0,0
10.700000000000001,3.9493084906486353,3.251057176798259,1.080562514452934,0.39965493346323105,-0.010840584969130429,0,0
10.72,3.9530733717084456,3.2581078309120466,1.0803386800270618,0.39964375644688277,-0.01119172129361834,0,0
10.74,3.9568397765657415,3.265157424705773,1.0801080170240986,0.39963288842890005,-0.01153315014815437,0,0
10.76,3.9606077545479166,3.272205938062768,1.0798707120325197,0.3996223173756985,-0.011865249578943525,0,0
10.78,3.964377353591451,3.279253351304377,1.079626944350981,0.3996120316851705,-0.012188384076940563,0,0
10.8,3.9681486202956533,3.2862996451710518,1.0793768862493034,0.39960202017057833,-0.012502905083881632,0,0
10.82,3.971921599974473,3.293344800804142,1.0791207032197105,0.39959227204504044,-0.012809151479641567,0,0
10.84,3.9756963367064593,3.300388799728357,1.0788585542186777,0.39958277690659016,-0.01310745005164371,0,0
10.86,3.9794728733829356,3.3074316238348715,1.0785905918997385,0.3995735247237846,-0.013398115946959166,0,0
10.88,3.9832512517544507,3.3144732553650447,1.0783169628375833,0.39956450582184383,-0.013681453107766027,0,0
10.9,3.9870315124755726,3.3215136768947295,1.0780378077437676,0.39955571086929953,-0.013957754690783641,0,0
10.92,3.9908136951480913,3.328552871319145,1.0777532616743417,0.39954713086513527,-0.014227303471288087,0,0
10.94,3.994597838362681,3.3355908218382893,1.0774634542296961,0.39953875712639836,-0.01449037223227645,0,0
10.96,3.9983839797390845,3.342627511942867,1.0771685097469093,0.3995305812762679,-0.014747224139343375,0,0
10.98,4.002172155964877,3.349662925400716,1.076868547484873,0.3995225952325591,-0.01499811310181176,0,0
11.0,4.0059624028328535,3.356697046243704,1.0765636818024606,0.3995147911966501,-0.015243284120612264,0,0
11.02,4.009754755277096,3.363729858755083,1.076254022329992,0.3995071616428138,-0.015482973623435205,0,0
11.040000000000001,4.013549247407778,3.3707613474572744,1.0759396741342395,0.39949969930794,-0.01571740978761671,0,0
11.06,4.017345912544735,3.3777914971000764,1.0756207378772151,0.39949239718163354,-0.01594681285121613,0,0
11.08,4.021144783249863,3.3848202926492656,1.0752973099689602,0.39948524849667366,-0.016171395412743372,0,0
11.1,4.024945891358383,3.3918477192755834,1.074969482714561,0.39947824671982146,-0.01639136271995323,0,0
11.120000000000001,4.0287492680090145,3.3988737623440874,1.0746373444555986,0.3994713855429619,-0.016606912948123664,0,0
11.14,4.0325549436730945,3.4058984074038565,1.0743009797062348,0.3994646588745689,-0.01681823746818978,0,0
11.16,4.036362948182691,3.412921640178028,1.0739604692841314,0.3994580608314793,-0.01702552110517308,0,0
11.18,4.040173310757741,3.4199434465541576,1.0736158904363873,0.39945158573096623,-0.01722894238720274,0,0
11.200000000000001,4.043986060032251,3.426963812574891,1.0732673169606768,0.3994452280830995,-0.017428673785526257,0,0
11.22,4.0478012240796,3.433982724428926,1.0729148193217597,0.3994389825833814,-0.01762488194584977,0,0
11.24,4.051618830436973,3.44100016844226,1.0725584647635333,0.3994328441056496,-0.017817727911314307,0,0
11.26,4.05543890612896,3.4480161310697066,1.0721983174167844,0.399426807695235,-0.018007367337441682,0,0
11.28,4.059261477690355,3.455030598886673,1.0718344384027974,0.3994208685623657,-0.018193950699349593,0,0
11.3,4.063086571188181,3.4620435585811826,1.0714668859329668,0.3994150220758082,-0.018377623491531825,0,0
11.32,4.066914212242973,3.469054996946137,1.0710957154045573,0.399409263756736,-0.018558526420474397,0,0
11.34,4.0707444260493455,3.476064900871804,1.0707209794927492,0.399403589272817,-0.01873679559040342,0,0
11.36,4.074577237395877,3.4830732573385217,1.0703427282391011,0.39939799443251195,-0.018912562682405817,0,0
11.38,4.078412670684329,3.490080053409613,1.0699610091365577,0.3993924751795759,-0.0190859551271787,0,0
11.4,4.0822507499482334,3.4970852762244946,1.0695758672111244,0.3993870275877536,-0.019257096271667606,0,0
11.42,4.086091498870869,3.5040889129919774,1.0691873451003282,0.39938164785566294,-0.019426105539809058,0,0
11.44,4.089934940802648,3.511090950983748,1.068795483128576,0.3993763323018589,-0.01959309858761271,0,0
11.46,4.093781098777941,3.5180913775280223,1.06840031937952,0.3993710773600702,-0.019758187452798115,0,0
11.48,4.097629995531363,3.5250901800033647,1.068001889765536,0.3993658795746023,-0.019921480699207628,0,0
11.5,4.101481653513528,3.532087345832663,1.0676002280944124,0.39936073559590124,-0.020083083556181602,0,0
11.52,4.105336094906317,3.5390828624772555,1.0671953661333504,0.3993556421762712,-0.02024309805309743,0,0
11.540000000000001,4.109193341637653,3.5460767174311973,1.066787333670365,0.39935059616573915,-0.020401623149269632,0,0
11.56,4.113053415395822,3.5530688982156664,1.0663761585731772,0.39934559450806284,-0.020558754859386408,0,0
11.58,4.116916337643348,3.5600593923734962,1.0659618668456843,0.39934063423687405,-0.02071458637465229,0,0
11.6,4.120782129630443,3.5670481874638322,1.0655444826820881,0.3993357124719538,-0.020869208179813192,0,0
11.620000000000001,4.124650812408049,3.574035271056904,1.0651240285187635,0.3993308264156331,-0.02102270816623486,0,0
11.64,4.128522406840487,3.5810206307289087,1.06470052508394,0.3993259733493145,-0.021175171741173223,0,0
11.66,4.132396933617729,3.5880042540569996,1.0642739914452721,0.3993211506301102,-0.021326681933400593,0,0
11.68,4.136274413267317,3.5949861286143716,1.0638444450553652,0.3993163556875904,-0.021477319495346148,0,0
11.700000000000001,4.140154866165925,3.6019662419654432,1.063411901795328,0.3993115860206399,-0.02162716300186318,0,0
11.72,4.1440383125506015,3.6089445816611243,1.0629763760164124,0.3993068391944161,-0.021776288945787755,0,0
11.74,4.147924772529686,3.615921135234167,1.0625378805798043,0.3993021128374057,-0.02192477183040964,0,0
11.76,4.151814266093428,3.622895890194598,1.0620964268946245,0.39929740463857505,-0.02207268425898956,0,0
11.78,4.1557068131243105,3.6298688340252174,1.061652024954196,0.39929271234461194,-0.022220097021419694,0,0
11.8,4.159602433407101,3.6368399541771734,1.061204683370632,0.3992880337572521,-0.022367079178208904,0,0
11.82,4.163501146638631,3.643809238065595,1.0607544094077952,0.39928336673068965,-0.022513698141836347,0,0
11.84,4.167402972437327,3.6507766730652857,1.0603012090126827,0.3992787091690665,-0.022660019755624372,0,0
11.86,4.171307930352494,3.6577422465064737,1.0598450868452776,0.399274059024037,-0.022806108370251987,0,0
11.88,4.175216039873372,3.6647059456706095,1.059386046306918,0.39926941429240514,-0.022952026917978596,0,0
11.9,4.179127320437966,3.6716677577862114,1.058924089567224,0.39926477301383095,-0.023097836984697917,0,0
11.92,4.183041791441673,3.678627670024753,1.0584592175896255,0.39926013326860266,-0.02324359887993399,0,0
11.94,4.186959472245703,3.685585669496588,1.0579914301555284,0.3992554931754719,-0.02338937170485078,0,0
11.96,4.190880382185309,3.692541743246909,1.0575207258871608,0.3992508508895485,-0.023535213418378387,0,0
11.98,4.1948045405778425,3.6994958782517386,1.0570471022691297,0.39924620460025273,-0.023681180901558907,0,0
12.0,4.198731966730628,3.706448061413942,1.056570555668726,0.3992415525293212,-0.023827330020182558,0,0
12.02,4.202662679948684,3.7133982795592666,1.05609108135501,0.39923689292886505,-0.023973715685799757,0,0
12.040000000000001,4.2065966995422786,3.7203465194323995,1.0556086735167056,0.39923222407947606,-0.024120391915213087,0,0
12.06,4.2105340448343505,3.727292767693037,1.0551233252789354,0.39922754428837937,-0.02426741188850956,0,0
12.08,4.214474735167785,3.7342370109119694,1.054635028718821,0.3992228518876304,-0.02441482800571615,0,0
12.1,4.2184187899125645,3.741179235567171,1.0541437748799778,0.3992181452323524,-0.024562691942159542,0,0
12.120000000000001,4.22236622847279,3.748119428039896,1.0536495537859254,0.39921342269901294,-0.02471105470261614,0,0
12.14,4.226317070293598,3.755057574610774,1.0531523544524393,0.3992086826837368,-0.02485996667430834,0,0
12.16,4.2302713348679655,3.761993661455903,1.052652164898863,0.3992039236006538,-0.025009477678822115,0,0
12.18,4.234229041743412,3.7689276746429354,1.0521489721584023,0.39919914388027755,-0.02515963702302626,0,0
12.200000000000001,4.238190210528616,3.7758596001271574,1.051642762287421,0.3991943419679142,-0.02531049354906445,0,0
12.22,4.242154860899941,3.7827894237475497,1.0511335203737513,0.39918951632209915,-0.025462095683478125,0,0
12.24,4.246123012607881,3.7897171312228366,1.0506212305440408,0.39918466541305875,-0.025614491485524304,0,0
12.26,4.25009468548344,3.7966427081475125,1.0501058759701452,0.3991797877211949,-0.025767728694782388,0,0
12.280000000000001,4.254069899444439,3.8035661399878444,1.0495874388745836,0.39917488173559174,-0.025921854778079293,0,0
12.3,4.258048674501769,3.810487412077849,1.0490659005350673,0.3991699459525404,-0.026076916975817266,0,0
12.32,4.2620310307655815,3.8174065096152368,1.0485412412881117,0.3991649788740814,-0.026232962347782163,0,0
12.34,4.2660169884514465,3.824323417657325,1.0480134405317425,0.399159979006562,-0.026390037818460943,0,0
12.36,4.270006567886455,3.831238121116909,1.0474824767273034,0.39915494485920644,-0.026548190221954645,0,0
12.38,4.273999789515293,3.8381506047580967,1.0469483274003721,0.3991498749426967,-0.02670746634656584,0,0
12.4,4.277996673906288,3.8450608531920945,1.0464109691407903,0.3991447677677632,-0.026867912979084526,0,0
12.42,4.281997241757428,3.8519688508729466,1.0458703776018135,0.3991396218437817,-0.027029576948846664,0,0
12.44,4.286001513902365,3.8588745820932218,1.0453265274983798,0.3991344356773751,-0.02719250517167904,0,0
12.46,4.290009511316404,3.8657780309796426,1.0447793926045057,0.39912920777101885,-0.027356744693703305,0,0
12.48,4.294021255122491,3.8726791814886568,1.0442289457498029,0.3991239366216466,-0.027522342735140978,0,0
12.5,4.2980367665971935,3.8795780174019447,1.0436751588151199,0.3991186207192551,-0.02768934673414591,0,0
12.52,4.30205606717669,3.886474522321857,1.043118002727305,0.3991132585455054,-0.027857804390738927,0,0
12.540000000000001,4.306079178462773,3.8933686796667835,1.042557447453087,0.3991078485723197,-0.02802776371090143,0,0
12.56,4.3101061222288575,3.900260472666443,1.041993461992069,0.39910238926047015,-0.02819927305090486,0,0
12.58,4.314136920426024,3.9071498843570964,1.04142601436883,0.3990968790581577,-0.028372381161948294,0,0
12.6,4.318171595189077,3.9140368975766715,1.0408550716241274,0.39909131639958095,-0.02854713723514024,0,0
12.620000000000001,4.322210168842646,3.9209214949598037,1.0402805998051885,0.39908569970348884,-0.028723590946944988,0,0
12.64,4.326252663907316,3.9278036589327794,1.039702563955086,0.39908002737171877,-0.028901792505120486,0,0
12.66,4.33029910310581,3.9346833717083824,1.0391209281011813,0.3990742977877159,-0.02908179269523581,0,0
12.68,4.334349509369214,3.9415606152806393,1.0385356552426241,0.39906850931503113,-0.029263642927856545,0,0
12.700000000000001,4.338403905843261,3.9484353714194547,1.037946707336895,0.39906266029579596,-0.02944739528645535,0,0
12.72,4.342462315894675,3.9553076216651353,1.0373540452853725,0.3990567490491719,-0.02963310257613294,0,0
12.74,4.346524763117582,3.962177347322796,1.0367576289179077,0.39905077386977084,-0.029820818373233582,0,0
12.76,4.350591271339992,3.9690445294566414,1.0361574169763887,0.39904473302604493,-0.030010597075943668,0,0
12.780000000000001,4.354661864630361,3.9759091488841194,1.0355533670972699,0.39903862475864155,-0.030202493955948206,0,0
12.8,4.358736567304239,3.9827711861699404,1.034945435793045,0.3990324472787232,-0.030396565211240564,0,0
12.82,4.362815403931002,3.9896306216199546,1.0343335784326413,0.399026198766246,-0.030592868020181463,0,0
12.84,4.366898399340691,3.9964874352748843,1.033717749220703,0.3990198773681965,-0.030791460596911065,0,0
12.86,4.370985578630947,4.003341606903901,1.033097901175739,0.3990134811967815,-0.030992402248195553,0,0
12.88,4.375076967174054,4.010193115998045,1.0324739861071026,0.39900700832756986,-0.03119575343182346,0,0
12.9,4.379172590624107,4.017041941763478,1.031845954590769,0.39900045679758,-0.0314015758166839,0,0
12.92,4.383272474924294,4.0238880631145575,1.031213755943877,0.39899382460331145,-0.03160993234459663,0,0
12.94,4.387376646314317,4.030731458666739,1.0305773381979961,0.39898710969871654,-0.03182088729404597,0,0
12.96,4.39148513133794,4.03757210672928,1.0299366480710772,0.39898030999310663,-0.03203450634595084,0,0
12.98,4.395597956850687,4.044409985297755,1.0292916309380458,0.39897342334899094,-0.03225085665157046,0,0
13.0,4.399715150027697,4.0512450720463615,1.0286422307999916,0.3989664475798412,-0.03247000690270996,0,0
13.02,4.403836738371729,4.058077344320009,1.0279883902519042,0.39895938044777973,-0.03269202740437249,0,0
13.040000000000001,4.4079627497213405,4.064906779126193,1.0273300504489042,0.3989522196611841,-0.032916990149999936,0,0
13.06,4.412093212259239,4.071733353126631,1.0266671510709156,0.3989449628722055,-0.033144968899436744,0,0
13.08,4.416228154520824,4.078557042628659,1.0259996302857177,0.3989376076741919,-0.03337603925989052,0,0
13.1,4.420367605402913,4.085377823576373,1.0253274247103195,0.3989301515990144,-0.03361027876991285,0,0
13.120000000000001,4.424511594172678,4.092195671541511,1.024650469370585,0.39892259211428804,-0.0338477669867241,0,0
13.14,4.428660150476788,4.099010561714057,1.0239686976590445,0.39891492662048117,-0.034088585577022545,0,0
13.16,4.432813304350777,4.1058224688925655,1.0232820412908148,0.39890715244790703,-0.034332818411489274,0,0
13.18,4.436971086228639,4.112631367474176,1.0225904302575504,0.39889926685359056,-0.03458055166322671,0,0
13.200000000000001,4.44113352695267,4.119437231444329,1.021893792779343,0.39889126701800215,-0.03483187391037257,0,0
13.22,4.445300657783555,4.12624003436615,1.0211920552544804,0.39888315004165054,-0.03508687624312934,0,0
13.24,4.449472510410732,4.133039749369498,1.020485142206971,0.3988749129415271,-0.03534565237547538,0,0
13.26,4.453649116963017,4.139836349139658,1.0197729762317338,0.39886655264739146,-0.035608298761858226,0,0
13.280000000000001,4.457830510019523,4.1466298059056665,1.0190554779373504,0.398858065997889,-0.03587491471916459,0,0
13.3,4.462016722620888,4.15342009142825,1.018332565886265,0.3988494497364907,-0.0361456025542668,0,0
13.32,4.4662077882808005,4.160207176987365,1.0176041565323142,0.39884070050724374,-0.03642046769753504,0,0
13.34,4.470403740997867,4.16699103336931,1.0168701641554614,0.39883181485032126,-0.036699618842634285,0,0
13.36,4.474604615267814,4.173771630853409,1.016130500793601,0.3988227891973595,-0.03698316809302016,0,0
13.38,4.478810446096048,4.180548939198224,1.0153850761712904,0.39881361986656844,-0.037271231115534986,0,0
13.4,4.483021269010596,4.187322927627298,1.0146337976252593,0.3988043030576025,-0.037563927301559115,0,0
13.42,4.487237120075421,4.194093564814388,1.0138765700265358,0.3987948348461754,-0.037861379936179995,0,0
13.44,4.49145803590416,4.200860818868178,1.0131132956990179,0.39878521117840404,-0.03816371637588989,0,0
13.46,4.495684053674278,4.207624657316439,1.0123438743343112,0.3987754278648641,-0.03847106823533841,0,0
13.48,4.499915211141666,4.214385047089613,1.0115682029026363,0.3987654805743377,-0.038783571583747456,0,0
13.5,4.504151546655703,4.221141954503801,1.0107861755596046,0.39875536482723506,-0.03910136715157897,0,0
13.52,4.508393099174812,4.227895345243105,1.009997683548642,0.39874507598866843,-0.039424600548127575,0,0
13.540000000000001,4.512639908282504,4.2346451843413275,1.0092026150988267,0.39873460926115506,-0.03975342249075897,0,0
13.56,4.516892014203968,4.2413914361629566,1.0084008553178956,0.3987239596769254,-0.04008798904655575,0,0
13.58,4.521149457823206,4.248134064383439,1.0075922860801523,0.39871312208981097,-0.0404284618871693,0,0
13.6,4.52541228070075,4.254873031968684,1.0067767859089962,0.3987020911666823,-0.040775008557800696,0,0
13.620000000000001,4.529680525091981,4.261608301153756,1.0059542298537716,0.39869086137840815,-0.04112780276123629,0,0
13.64,4.533954233966088,4.268339833420744,1.0051244893606133,0.39867942699030356,-0.041487024657913985,0,0
13.66,4.538233451025683,4.275067589475729,1.0042874321369482,0.39866778205202924,-0.04185286118325493,0,0
13.68,4.542518220727116,4.281791529224827,1.0034429220092826,0.39865592038690867,-0.04222550638327705,0,0
13.700000000000001,4.546808588301513,4.288511611749255,1.002590818773885,0.39864383558061867,-0.04260516176988283,0,0
13.72,4.551104599776579,4.295227795279371,1.0017309780399413,0.39863152096921106,-0.042992036697181435,0,0
13.74,4.5554063019992,4.301940037167616,1.0008632510647348,0.39861896962641713,-0.04338634876032387,0,0
13.76,4.559713742658879,4.308648293860333,0.9999874845803659,0.39860617435018475,-0.04378832421844692,0,0
13.780000000000001,4.564026970312052,4.315352520868371,0.9991035206114952,0.39859312764839094,-0.044198198443535786,0,0
13.8,4.568346034407329,4.322052672736427,0.9982111962835548,0.3985798217236713,-0.044616216397021624,0,0
13.82,4.572670985311692,4.328748703011042,0.9973103436208304,0.3985662484572991,-0.045042633136223025,0,0
13.84,4.577001874337726,4.3354405642072,0.9964007893337737,0.39855239939204523,-0.04547771435282977,0,0
13.86,4.581338753771896,4.342128207773419,0.9954823545948568,0.39853826571394046,-0.045921736945849334,0,0
13.88,4.585681676903962,4.3488115840552775,0.994554854802224,0.398523838232858,-0.046374989631635666,0,0
13.9,4.590030698057565,4.355490642257273,0.9936180993303462,0.39850910736182266,-0.04683777359389141,0,0
13.92,4.5943858726220554,4.362165330402916,0.9926718912668122,0.3984940630949516,-0.04731040317669821,0,0
13.94,4.598747257085628,4.368835595292959,0.9917160271343319,0.3984786949839152,-0.04779320662401476,0,0
13.96,4.603114909069828,4.3755013824616515,0.990750296596946,0.39846299211280245,-0.048286526869295354,0,0
13.98,4.607488887365511,4.3821626361308965,0.9897744821493593,0.3984469430712609,-0.04879072237933601,0,0
14.0,4.611869251970321,4.388819299162189,0.988788358788226,0.3984305359257725,-0.04930616805666443,0,0
14.02,4.616256064127786,4.395471313006192,0.9877916936641181,0.3984137581889093,-0.049833256205396026,0,0
14.040000000000001,4.6206493863681075,4.402118617649812,0.9867842457128029,0.3983965967864038,-0.050372397565761055,0,0
14.06,4.625049282550745,4.4087611515606095,0.9857657652643391,0.3983790380218455,-0.05092402242318528,0,0
14.08,4.629455817908892,4.415398851628379,0.9847359936283749,0.39836106753880474,-0.0514885817982087,0,0
14.1,4.633869059095956,4.422031653103711,0.9836946626538895,0.39834267028015935,-0.05206654872427441,0,0
14.120000000000001,4.638289074234158,4.428659489533348,0.982641494261468,0.39832383044437963,-0.05265841962107909,0,0
14.14,4.642715932965364,4.435282292692111,0.9815761999460291,0.3983045314385021,-0.05326471577194236,0,0
14.16,4.647149706504297,4.441899992511179,0.9804984802477384,0.3982847558274955,-0.05388598491452967,0,0
14.18,4.651590467694259,4.448512517002458,0.979408024188633,0.3982644852796887,-0.05452280295526979,0,0
14.200000000000001,4.656038291065521,4.455119792178788,0.9783045086722568,0.39824370050790125,-0.05517577581881006,0,0
14.22,4.66049325289653,4.461721741969687,0.9771875978433537,0.39822238120587206,-0.05584554144515619,0,0
14.24,4.664955431278135,4.468318288132315,0.9760569424043839,0.39820050597954215,-0.05653277194849182,0,0
14.26,4.669424906180982,4.474909350157322,0.9749121788853216,0.39817805227269965,-0.057238175953115526,0,0
14.280000000000001,4.673901759526317,4.481494845169203,0.9737529288628457,0.3981549962864358,-0.057962501123792975,0,0
14.3,4.678386075260383,4.488074687820755,0.9725787981246518,0.398131312891803,-0.05870653690969707,0,0
14.32,4.682877939432665,4.494648790181201,0.9713893757741865,0.39810697553499486,-0.059471117523261174,0,0
14.34,4.687377440278226,4.501217061617483,0.9701842332706304,0.39808195613428915,-0.060257125177802795,0,0
14.36,4.691884668304405,4.5077794086682195,0.9689629233984175,0.3980562249679038,-0.06106549361064717,0,0
14.38,4.6963997163821745,4.514335734909733,0.9677249791599875,0.3980297505518172,-0.06189721192150421,0,0
14.4,4.700922679842476,4.520885940813531,0.9664699125847955,0.39800249950648786,-0.06275332875959827,0,0
14.42,4.705453656577867,4.5274299235945366,0.965197213446852,0.3979744364112751,-0.06363495689717125,0,0
14.44,4.709992747149866,4.533967577049324,0.96390634788222,0.39794552364521696,-0.06454327823160468,0,0
14.46,4.714540054902389,4.540498791383514,0.9625967568969429,0.3979157212126458,-0.06547954926385179,0,0
14.48,4.719095686081718,4.547023453027408,0.9612678547548023,0.39788498655192917,-0.06644510710703,0,0
14.5,4.7236597499634785,4.553541444438862,0.9599190272330815,0.3978532743253975,-0.06744137608603774,0,0
14.52,4.728232358987147,4.560052643892258,0.9585496297331366,0.39782053618826085,-0.0684698749972461,0,0
14.540000000000001,4.732813628898643,4.566556925252356,0.9571589852310034,0.3977867205340193,-0.06953222510666057,0,0
14.56,4.7374036789016305,4.573054157731625,0.9557463820514873,0.3977517722135268,-0.07063015897580671,0,0
14.58,4.742002631818201,4.579544205629557,0.9543110714471463,0.39771563222446915,-0.07176553021705079,0,0
14.6,4.746610614259655,4.58602692805224,0.952852264961251,0.3976782373675524,-0.07294032429476682,0,0
14.620000000000001,4.751227756808212,4.592502178610307,0.9513691315511394,0.3976395198651601,-0.07415667050557741,0,0
14.64,4.755854194210496,4.598969805093152,0.9498607944453252,0.3975994069376074,-0.07541685529071128,0,0
14.66,4.760490065583795,4.605429649117033,0.948326327704191,0.39755782033138376,-0.07672333705671264,0,0
14.68,4.765135514636121,4.611881545744424,0.9467647524500363,0.397514675792913,-0.0780787627077344,0,0
14.700000000000001,4.7697906899012565,4.618325323071618,0.9451750327275399,0.3974698824803402,-0.07948598612482138,0,0
14.72,4.774455744990055,4.624760801781234,0.9435560709502403,0.3974233423046593,-0.08094808886498006,0,0
14.74,4.779130838859421,4.631187794655832,0.9419067028822855,0.39737494919007066,-0.08246840339774009,0,0
14.76,4.78381613610051,4.637606106048344,0.9402256920972908,0.3973245882417731,-0.08405053924973638,0,0
14.780000000000001,4.7885118072478825,4.644015531304442,0.9385117238474698,0.3972721348073843,-0.08569841249104782,0,0
14.8,4.793218029111513,4.6504158561313185,0.936763398266019,0.39721745341578085,-0.0874162790725419,0,0
14.82,4.79793498513376,4.656806855906549,0.9349792228137358,0.3971603965742591,-0.08920877261416038,0,0
14.84,4.79793498513376,4.656806855906549,0.9349792228137358,0.0,0.0,0,0
14.86,4.79793498513376,4.656806855906549,0.9349792228137358,0.0,0.0,0,0
14.88,4.79793498513376,4.656806855906549,0.9349792228137358,0.0,0.0,0,0
14.9,4.79793498513376,4.656806855906549,0.9349792228137358,0.0,0.0,0,0
14.92,4.79793498513376,4.656806855906549,0.9349792228137358,0.0,0.0,0,0
14.94,4.802659005290791,4.663178993945667,0.9328506345203152,0.39661224651294574,-0.10642941467102962,0,0
14.96,4.802659005290791,4.663178993945667,0.9328506345203152,0.0,0.0,0,0
14.98,4.802659005290791,4.663178993945667,0.9328506345203152,0.0,0.0,0,0
15.0,4.802659005290791,4.663178993945667,0.9328506345203152,0.0,0.0,0,0
15.02,4.802659005290791,4.663178993945667,0.9328506345203152,0.0,0.0,0,0
15.040000000000001,4.802659005290791,4.663178993945667,0.9328506345203152,0.0,0.0,0,0
15.06,4.802659005290791,4.663178993945667,0.9328506345203152,0.0,0.0,0,0
15.08,4.807391610905382,4.669529188265485,0.9303296725053308,0.3959877643396832,-0.12604810074922335,0,0
15.1,4.807391610905382,4.669529188265485,0.9303296725053308,0.0,0.0,0,0
15.120000000000001,4.807391610905382,4.669529188265485,0.9303296725053308,0.0,0.0,0,0
15.14,4.807391610905382,4.669529188265485,0.9303296725053308,0.0,0.0,0,0
15.16,4.807391610905382,4.669529188265485,0.9303296725053308,0.0,0.0,0,0
15.18,4.807391610905382,4.669529188265485,0.9303296725053308,0.0,0.0,0,0
15.200000000000001,4.807391610905382,4.669529188265485,0.9303296725053308,0.0,0.0,0,0
15.22,4.807391610905382,4.669529188265485,0.9303296725053308,0.0,0.0,0,0
15.24,4.812134680357657,4.675854336413413,0.927375325530662,0.39529801075372883,-0.147717348733438,0,0
15.26,4.812134680357657,4.675854336413413,0.927375325530662,0.0,0.0,0,0
15.280000000000001,4.812134680357657,4.675854336413413,0.927375325530662,0.0,0.0,0,0
15.3,4.812134680357657,4.675854336413413,0.927375325530662,0.0,0.0,0,0
15.32,4.812134680357657,4.675854336413413,0.927375325530662,0.0,0.0,0,0
15.34,4.812134680357657,4.675854336413413,0.927375325530662,0.0,0.0,0,0
15.36,4.812134680357657,4.675854336413413,0.927375325530662,0.0,0.0,0,0
15.38,4.812134680357657,4.675854336413413,0.927375325530662,0.0,0.0,0,0
15.4,4.816891118919729,4.682153031423761,0.9240094781863277,0.39464308757456457,-0.16829236721671825,0,0
15.42,4.816891118919729,4.682153031423761,0.9240094781863277,0.0,0.0,0,0
15.44,4.816891118919729,4.682153031423761,0.9240094781863277,0.0,0.0,0,0
15.46,4.816891118919729,4.682153031423761,0.9240094781863277,0.0,0.0,0,0
15.48,4.816891118919729,4.682153031423761,0.9240094781863277,0.0,0.0,0,0
15.5,4.816891118919729,4.682153031423761,0.9240094781863277,0.0,0.0,0,0
15.52,4.816891118919729,4.682153031423761,0.9240094781863277,0.0,0.0,0,0
15.540000000000001,4.821664358553786,4.688425549921064,0.9203071436889829,0.39410755163767924,-0.18511672486724184,0,0
15.56,4.821664358553786,4.688425549921064,0.9203071436889829,0.0,0.0,0,0
15.58,4.821664358553786,4.688425549921064,0.9203071436889829,0.0,0.0,0,0
15.6,4.821664358553786,4.688425549921064,0.9203071436889829,0.0,0.0,0,0
15.620000000000001,4.821664358553786,4.688425549921064,0.9203071436889829,0.0,0.0,0,0
15.64,4.821664358553786,4.688425549921064,0.9203071436889829,0.0,0.0,0,0
15.66,4.821664358553786,4.688425549921064,0.9203071436889829,0.0,0.0,0,0
15.68,4.821664358553786,4.688425549921064,0.9203071436889829,0.0,0.0,0,0
15.700000000000001,4.826455898182161,4.694669157471891,0.9162322289143222,0.3935145717093455,-0.20374573873303636,0,0
15.72,4.826455898182161,4.694669157471891,0.9162322289143222,0.0,0.0,0,0
15.74,4.826455898182161,4.694669157471891,0.9162322289143222,0.0,0.0,0,0
15.76,4.826455898182161,4.694669157471891,0.9162322289143222,0.0,0.0,0,0
15.780000000000001,4.826455898182161,4.694669157471891,0.9162322289143222,0.0,0.0,0,0
15.8,4.826455898182161,4.694669157471891,0.9162322289143222,0.0,0.0,0,0
15.82,4.826455898182161,4.694669157471891,0.9162322289143222,0.0,0.0,0,0
15.84,4.8312688409989795,4.700884149110264,0.9118558607247418,0.39303479369838146,-0.21881840947902198,0,0
15.860000000000001,4.8312688409989795,4.700884149110264,0.9118558607247418,0.0,0.0,0,0
15.88,4.8312688409989795,4.700884149110264,0.9118558607247418,0.0,0.0,0,0
15.9,4.8312688409989795,4.700884149110264,0.9118558607247418,0.0,0.0,0,0
15.92,4.8312688409989795,4.700884149110264,0.9118558607247418,0.0,0.0,0,0
15.94,4.8312688409989795,4.700884149110264,0.9118558607247418,0.0,0.0,0,0
15.96,4.8312688409989795,4.700884149110264,0.9118558607247418,0.0,0.0,0,0
15.98,4.8312688409989795,4.700884149110264,0.9118558607247418,0.0,0.0,0,0
16.0,4.836104449895478,4.707068012091711,0.9071450220718444,0.3925024674228303,-0.23554193264486623,0,0
16.02,4.836104449895478,4.707068012091711,0.9071450220718444,0.0,0.0,0,0
16.04,4.836104449895478,4.707068012091711,0.9071450220718444,0.0,0.0,0,0
16.06,4.836104449895478,4.707068012091711,0.9071450220718444,0.0,0.0,0,0
16.080000000000002,4.836104449895478,4.707068012091711,0.9071450220718444,0.0,0.0,0,0
16.1,4.836104449895478,4.707068012091711,0.9071450220718444,0.0,0.0,0,0
16.12,4.836104449895478,4.707068012091711,0.9071450220718444,0.0,0.0,0,0
16.14,4.840965507953961,4.71322104889735,0.9021668499618,0.3920769930112422,-0.2489086055022225,0,0
16.16,4.840965507953961,4.71322104889735,0.9021668499618,0.0,0.0,0,0
16.18,4.840965507953961,4.71322104889735,0.9021668499618,0.0,0.0,0,0
16.2,4.840965507953961,4.71322104889735,0.9021668499618,0.0,0.0,0,0
16.22,4.840965507953961,4.71322104889735,0.9021668499618,0.0,0.0,0,0
16.240000000000002,4.840965507953961,4.71322104889735,0.9021668499618,0.0,0.0,0,0
16.26,4.840965507953961,4.71322104889735,0.9021668499618,0.0,0.0,0,0
16.28,4.845853669647138,4.719342296931694,0.896936258584979,0.3916752552708511,-0.26152956884104506,0,0
16.3,4.845853669647138,4.719342296931694,0.896936258584979,0.0,0.0,0,0
16.32,4.845853669647138,4.719342296931694,0.896936258584979,0.0,0.0,0,0
16.34,4.845853669647138,4.719342296931694,0.896936258584979,0.0,0.0,0,0
16.36,4.845853669647138,4.719342296931694,0.896936258584979,0.0,0.0,0,0
16.38,4.845853669647138,4.719342296931694,0.896936258584979,0.0,0.0,0,0
16.4,4.845853669647138,4.719342296931694,0.896936258584979,0.0,0.0,0,0
16.42,4.845853669647138,4.719342296931694,0.896936258584979,0.0,0.0,0,0
16.44,4.85076987307817,4.725429548219448,0.8914245384654519,0.391227824980382,-0.27558600597635774,0,0
16.46,4.85076987307817,4.725429548219448,0.8914245384654519,0.0,0.0,0,0
16.48,4.85076987307817,4.725429548219448,0.8914245384654519,0.0,0.0,0,0
16.5,4.85076987307817,4.725429548219448,0.8914245384654519,0.0,0.0,0,0
16.52,4.85076987307817,4.725429548219448,0.8914245384654519,0.0,0.0,0,0
16.54,4.85076987307817,4.725429548219448,0.8914245384654519,0.0,0.0,0,0
16.56,4.85076987307817,4.725429548219448,0.8914245384654519,0.0,0.0,0,0
16.580000000000002,4.855716456611917,4.73148310224731,0.8856929378037495,0.39087787422861275,-0.28658003308512314,0,0
16.6,4.855716456611917,4.73148310224731,0.8856929378037495,0.0,0.0,0,0
16.62,4.855716456611917,4.73148310224731,0.8856929378037495,0.0,0.0,0,0
16.64,4.855716456611917,4.73148310224731,0.8856929378037495,0.0,0.0,0,0
16.66,4.855716456611917,4.73148310224731,0.8856929378037495,0.0,0.0,0,0
16.68,4.855716456611917,4.73148310224731,0.8856929378037495,0.0,0.0,0,0
16.7,4.855716456611917,4.73148310224731,0.8856929378037495,0.0,0.0,0,0
16.72,4.8606947210353315,4.737502134037418,0.8797556079415269,0.3905504460366015,-0.29686649311113095,0,0
16.740000000000002,4.8606947210353315,4.737502134037418,0.8797556079415269,0.0,0.0,0,0
16.76,4.8606947210353315,4.737502134037418,0.8797556079415269,0.0,0.0,0,0
16.78,4.8606947210353315,4.737502134037418,0.8797556079415269,0.0,0.0,0,0
16.8,4.8606947210353315,4.737502134037418,0.8797556079415269,0.0,0.0,0,0
16.82,4.8606947210353315,4.737502134037418,0.8797556079415269,0.0,0.0,0,0
16.84,4.8606947210353315,4.737502134037418,0.8797556079415269,0.0,0.0,0,0
16.86,4.8657058628714305,4.743485859022352,0.8736264475911587,0.3902451383323605,-0.30645801751840973,0,0
16.88,4.8657058628714305,4.743485859022352,0.8736264475911587,0.0,0.0,0,0
16.9,4.8657058628714305,4.743485859022352,0.8736264475911587,0.0,0.0,0,0
16.92,4.8657058628714305,4.743485859022352,0.8736264475911587,0.0,0.0,0,0
16.94,4.8657058628714305,4.743485859022352,0.8736264475911587,0.0,0.0,0,0
16.96,4.8657058628714305,4.743485859022352,0.8736264475911587,0.0,0.0,0,0
16.98,4.8657058628714305,4.743485859022352,0.8736264475911587,0.0,0.0,0,0
17.0,4.87075097708185,4.749433532529675,0.8673190900522328,0.3899615286983201,-0.31536787694629465,0,0
17.02,4.87075097708185,4.749433532529675,0.8673190900522328,0.0,0.0,0,0
17.04,4.87075097708185,4.749433532529675,0.8673190900522328,0.0,0.0,0,0
17.06,4.87075097708185,4.749433532529675,0.8673190900522328,0.0,0.0,0,0
17.080000000000002,4.87075097708185,4.749433532529675,0.8673190900522328,0.0,0.0,0,0
17.1,4.87075097708185,4.749433532529675,0.8673190900522328,0.0,0.0,0,0
17.12,4.87075097708185,4.749433532529675,0.8673190900522328,0.0,0.0,0,0
17.14,4.875831059871892,4.755344449369414,0.8608468913101901,0.38969917577530755,-0.32360993710213615,0,0
17.16,4.875831059871892,4.755344449369414,0.8608468913101901,0.0,0.0,0,0
17.18,4.875831059871892,4.755344449369414,0.8608468913101901,0.0,0.0,0,0
17.2,4.875831059871892,4.755344449369414,0.8608468913101901,0.0,0.0,0,0
17.22,4.875831059871892,4.755344449369414,0.8608468913101901,0.0,0.0,0,0
17.240000000000002,4.875831059871892,4.755344449369414,0.8608468913101901,0.0,0.0,0,0
17.26,4.875831059871892,4.755344449369414,0.8608468913101901,0.0,0.0,0,0
17.28,4.880947011586188,4.761217943508205,0.8542229190641571,0.3894576207414034,-0.3311986123016457,0,0
17.3,4.880947011586188,4.761217943508205,0.8542229190641571,0.0,0.0,0,0
17.32,4.880947011586188,4.761217943508205,0.8542229190641571,0.0,0.0,0,0
17.34,4.880947011586188,4.761217943508205,0.8542229190641571,0.0,0.0,0,0
17.36,4.880947011586188,4.761217943508205,0.8542229190641571,0.0,0.0,0,0
17.38,4.880947011586188,4.761217943508205,0.8542229190641571,0.0,0.0,0,0
17.400000000000002,4.880947011586188,4.761217943508205,0.8542229190641571,0.0,0.0,0,0
17.42,4.880947011586188,4.761217943508205,0.8542229190641571,0.0,0.0,0,0
17.44,4.886099142543042,4.76705244103007,0.8474273091453073,0.3891844509009074,-0.3397804959424906,0,0
17.46,4.886099142543042,4.76705244103007,0.8474273091453073,0.0,0.0,0,0
17.48,4.886099142543042,4.76705244103007,0.8474273091453073,0.0,0.0,0,0
17.5,4.886099142543042,4.76705244103007,0.8474273091453073,0.0,0.0,0,0
17.52,4.886099142543042,4.76705244103007,0.8474273091453073,0.0,0.0,0,0
17.54,4.886099142543042,4.76705244103007,0.8474273091453073,0.0,0.0,0,0
17.56,4.886099142543042,4.76705244103007,0.8474273091453073,0.0,0.0,0,0
17.580000000000002,4.891288893240671,4.772848215380424,0.8405079564971925,0.38898750823056527,-0.34596763240574213,0,0
17.6,4.891288893240671,4.772848215380424,0.8405079564971925,0.0,0.0,0,0
17.62,4.891288893240671,4.772848215380424,0.8405079564971925,0.0,0.0,0,0
17.64,4.891288893240671,4.772848215380424,0.8405079564971925,0.0,0.0,0,0
17.66,4.891288893240671,4.772848215380424,0.8405079564971925,0.0,0.0,0,0
17.68,4.891288893240671,4.772848215380424,0.8405079564971925,0.0,0.0,0,0
17.7,4.891288893240671,4.772848215380424,0.8405079564971925,0.0,0.0,0,0
17.72,4.8965168753498425,4.778604725359763,0.8334769057628065,0.38880973520492584,-0.35155253671929526,0,0
17.740000000000002,4.8965168753498425,4.778604725359763,0.8334769057628065,0.0,0.0,0,0
17.76,4.8965168753498425,4.778604725359763,0.8334769057628065,0.0,0.0,0,0
17.78,4.8965168753498425,4.778604725359763,0.8334769057628065,0.0,0.0,0,0
17.8,4.8965168753498425,4.778604725359763,0.8334769057628065,0.0,0.0,0,0
17.82,4.8965168753498425,4.778604725359763,0.8334769057628065,0.0,0.0,0,0
17.84,4.8965168753498425,4.778604725359763,0.8334769057628065,0.0,0.0,0,0
17.86,4.901783617763138,4.7843214679266985,0.826345878893399,0.38865061824412683,-0.3565513434703722,0,0
17.88,4.901783617763138,4.7843214679266985,0.826345878893399,0.0,0.0,0,0
17.900000000000002,4.901783617763138,4.7843214679266985,0.826345878893399,0.0,0.0,0,0
17.92,4.901783617763138,4.7843214679266985,0.826345878893399,0.0,0.0,0,0
17.94,4.901783617763138,4.7843214679266985,0.826345878893399,0.0,0.0,0,0
17.96,4.901783617763138,4.7843214679266985,0.826345878893399,0.0,0.0,0,0
17.98,4.901783617763138,4.7843214679266985,0.826345878893399,0.0,0.0,0,0
18.0,4.907089569768266,4.789997978105256,0.8191262694225787,0.3885096346552588,-0.3609804735410189,0,0
18.02,4.907089569768266,4.789997978105256,0.8191262694225787,0.0,0.0,0,0
18.04,4.907089569768266,4.789997978105256,0.8191262694225787,0.0,0.0,0,0
18.06,4.907089569768266,4.789997978105256,0.8191262694225787,0.0,0.0,0,0
18.080000000000002,4.907089569768266,4.789997978105256,0.8191262694225787,0.0,0.0,0,0
18.1,4.907089569768266,4.789997978105256,0.8191262694225787,0.0,0.0,0,0
18.12,4.9124355217705755,4.795634558821475,0.8118548022536595,0.3884271005653608,-0.3635733584459613,0,0
18.14,4.9124355217705755,4.795634558821475,0.8118548022536595,0.0,0.0,0,0
18.16,4.9124355217705755,4.795634558821475,0.8118548022536595,0.0,0.0,0,0
18.18,4.9124355217705755,4.795634558821475,0.8118548022536595,0.0,0.0,0,0
18.2,4.9124355217705755,4.795634558821475,0.8118548022536595,0.0,0.0,0,0
18.22,4.9124355217705755,4.795634558821475,0.8118548022536595,0.0,0.0,0,0
18.240000000000002,4.9124355217705755,4.795634558821475,0.8118548022536595,0.0,0.0,0,0
18.26,4.917821178226737,4.801230158285735,0.8045141403401938,0.38831697370905516,-0.3670330956732879,0,0
18.28,4.917821178226737,4.801230158285735,0.8045141403401938,0.0,0.0,0,0
18.3,4.917821178226737,4.801230158285735,0.8045141403401938,0.0,0.0,0,0
18.32,4.917821178226737,4.801230158285735,0.8045141403401938,0.0,0.0,0,0
18.34,4.917821178226737,4.801230158285735,0.8045141403401938,0.0,0.0,0,0
18.36,4.917821178226737,4.801230158285735,0.8045141403401938,0.0,0.0,0,0
18.38,4.917821178226737,4.801230158285735,0.8045141403401938,0.0,0.0,0,0
18.400000000000002,4.9232467848886685,4.806784417562141,0.7971147661366959,0.3882235301972666,-0.3699687101748934,0,0
18.42,4.9232467848886685,4.806784417562141,0.7971147661366959,0.0,0.0,0,0
18.44,4.9232467848886685,4.806784417562141,0.7971147661366959,0.0,0.0,0,0
18.46,4.9232467848886685,4.806784417562141,0.7971147661366959,0.0,0.0,0,0
18.48,4.9232467848886685,4.806784417562141,0.7971147661366959,0.0,0.0,0,0
18.5,4.9232467848886685,4.806784417562141,0.7971147661366959,0.0,0.0,0,0
18.52,4.9232467848886685,4.806784417562141,0.7971147661366959,0.0,0.0,0,0
18.54,4.9287125199267425,4.812297015615169,0.789666819661374,0.38814622502568663,-0.3723973237660956,0,0
18.56,4.9287125199267425,4.812297015615169,0.789666819661374,0.0,0.0,0,0
18.580000000000002,4.9287125199267425,4.812297015615169,0.789666819661374,0.0,0.0,0,0
18.6,4.9287125199267425,4.812297015615169,0.789666819661374,0.0,0.0,0,0
18.62,4.9287125199267425,4.812297015615169,0.789666819661374,0.0,0.0,0,0
18.64,4.9287125199267425,4.812297015615169,0.789666819661374,0.0,0.0,0,0
18.66,4.9287125199267425,4.812297015615169,0.789666819661374,0.0,0.0,0,0
18.68,4.93421849712092,4.817767669162855,0.7821800971815555,0.38808451109779674,-0.374336123990926,0,0
18.7,4.93421849712092,4.817767669162855,0.7821800971815555,0.0,0.0,0,0
18.72,4.93421849712092,4.817767669162855,0.7821800971815555,0.0,0.0,0,0
18.740000000000002,4.93421849712092,4.817767669162855,0.7821800971815555,0.0,0.0,0,0
18.76,4.93421849712092,4.817767669162855,0.7821800971815555,0.0,0.0,0,0
18.78,4.93421849712092,4.817767669162855,0.7821800971815555,0.0,0.0,0,0
18.8,4.93421849712092,4.817767669162855,0.7821800971815555,0.0,0.0,0,0
18.82,4.939764769028193,4.823196132500858,0.7746640507357092,0.388037840556353,-0.37580232229231214,0,0
18.84,4.939764769028193,4.823196132500858,0.7746640507357092,0.0,0.0,0,0
18.86,4.939764769028193,4.823196132500858,0.7746640507357092,0.0,0.0,0,0
18.88,4.939764769028193,4.823196132500858,0.7746640507357092,0.0,0.0,0,0
18.900000000000002,4.939764769028193,4.823196132500858,0.7746640507357092,0.0,0.0,0,0
18.92,4.939764769028193,4.823196132500858,0.7746640507357092,0.0,0.0,0,0
18.94,4.939764769028193,4.823196132500858,0.7746640507357092,0.0,0.0,0,0
18.96,4.945351330118353,4.8285821972925,0.7671277884494502,0.38800566604704856,-0.37681311431295034,0,0
18.98,4.945351330118353,4.8285821972925,0.7671277884494502,0.0,0.0,0,0
19.0,4.945351330118353,4.8285821972925,0.7671277884494502,0.0,0.0,0,0
19.02,4.945351330118353,4.8285821972925,0.7671277884494502,0.0,0.0,0,0
19.04,4.945351330118353,4.8285821972925,0.7671277884494502,0.0,0.0,0,0
19.06,4.945351330118353,4.8285821972925,0.7671277884494502,0.0,0.0,0,0
19.080000000000002,4.945351330118353,4.8285821972925,0.7671277884494502,0.0,0.0,0,0
19.1,4.950978119870575,4.833925692320707,0.7595800756006627,0.38798744191077256,-0.37738564243937556,0,0
19.12,4.950978119870575,4.833925692320707,0.7595800756006627,0.0,0.0,0,0
19.14,4.950978119870575,4.833925692320707,0.7595800756006627,0.0,0.0,0,0
19.16,4.950978119870575,4.833925692320707,0.7595800756006627,0.0,0.0,0,0
19.18,4.950978119870575,4.833925692320707,0.7595800756006627,0.0,0.0,0,0
19.2,4.950978119870575,4.833925692320707,0.7595800756006627,0.0,0.0,0,0
19.22,4.950978119870575,4.833925692320707,0.7595800756006627,0.0,0.0,0,0
19.240000000000002,4.956645025823885,4.839226483198567,0.7520293363872851,0.38798262530193145,-0.3775369606688803,0,0
19.26,4.956645025823885,4.839226483198567,0.7520293363872851,0.0,0.0,0,0
19.28,4.956645025823885,4.839226483198567,0.7520293363872851,0.0,0.0,0,0
19.3,4.956645025823885,4.839226483198567,0.7520293363872851,0.0,0.0,0,0
19.32,4.956645025823885,4.839226483198567,0.7520293363872851,0.0,0.0,0,0
19.34,4.956645025823885,4.839226483198567,0.7520293363872851,0.0,0.0,0,0
19.36,4.962352155999306,4.844484876893013,0.744498499546875,0.3880143009123018,-0.3765418420205042,0,0
19.38,4.962352155999306,4.844484876893013,0.744498499546875,0.0,0.0,0,0
19.400000000000002,4.962352155999306,4.844484876893013,0.744498499546875,0.0,0.0,0,0
19.42,4.962352155999306,4.844484876893013,0.744498499546875,0.0,0.0,0,0
19.44,4.962352155999306,4.844484876893013,0.744498499546875,0.0,0.0,0,0
19.46,4.962352155999306,4.844484876893013,0.744498499546875,0.0,0.0,0,0
19.48,4.962352155999306,4.844484876893013,0.744498499546875,0.0,0.0,0,0
19.5,4.96809892798331,4.849700443901116,0.7369787717178472,0.38803198145304546,-0.37598639145138857,0,0
19.52,4.96809892798331,4.849700443901116,0.7369787717178472,0.0,0.0,0,0
19.54,4.96809892798331,4.849700443901116,0.7369787717178472,0.0,0.0,0,0
19.56,4.96809892798331,4.849700443901116,0.7369787717178472,0.0,0.0,0,0
19.580000000000002,4.96809892798331,4.849700443901116,0.7369787717178472,0.0,0.0,0,0
19.6,4.96809892798331,4.849700443901116,0.7369787717178472,0.0,0.0,0,0
19.62,4.96809892798331,4.849700443901116,0.7369787717178472,0.0,0.0,0,0
19.64,4.973885102177442,4.854873152234506,0.7294776560968709,0.3880616037021778,-0.37505578104881865,0,0
19.66,4.973885102177442,4.854873152234506,0.7294776560968709,0.0,0.0,0,0
19.68,4.973885102177442,4.854873152234506,0.7294776560968709,0.0,0.0,0,0
19.7,4.973885102177442,4.854873152234506,0.7294776560968709,0.0,0.0,0,0
19.72,4.973885102177442,4.854873152234506,0.7294776560968709,0.0,0.0,0,0
19.740000000000002,4.973885102177442,4.854873152234506,0.7294776560968709,0.0,0.0,0,0
19.76,4.973885102177442,4.854873152234506,0.7294776560968709,0.0,0.0,0,0
19.78,4.9797103980328705,4.860003005332192,0.7220023262386891,0.3881026430182794,-0.37376649290908714,0,0
19.8,4.9797103980328705,4.860003005332192,0.7220023262386891,0.0,0.0,0,0
19.82,4.9797103980328705,4.860003005332192,0.7220023262386891,0.0,0.0,0,0
19.84,4.9797103980328705,4.860003005332192,0.7220023262386891,0.0,0.0,0,0
19.86,4.9797103980328705,4.860003005332192,0.7220023262386891,0.0,0.0,0,0
19.88,4.9797103980328705,4.860003005332192,0.7220023262386891,0.0,0.0,0,0
19.900000000000002,4.9797103980328705,4.860003005332192,0.7220023262386891,0.0,0.0,0,0
19.92,4.985574496803313,4.865090041540512,0.7145596305307678,0.3881545818815548,-0.3721347853960677,0,0
19.94,4.985574496803313,4.865090041540512,0.7145596305307678,0.0,0.0,0,0
19.96,4.985574496803313,4.865090041540512,0.7145596305307678,0.0,0.0,0,0
19.98,4.985574496803313,4.865090041540512,0.7145596305307678,0.0,0.0,0,0
20.0,4.985574496803313,4.865090041540512,0.7145596305307678,0.0,0.0,0,0
20.02,4.985574496803313,4.865090041540512,0.7145596305307678,0.0,0.0,0,0
20.04,4.985574496803313,4.865090041540512,0.7145596305307678,0.0,0.0,0,0
20.06,4.991477044221888,4.870134333545958,0.7071560971003402,0.38821691058201363,-0.3701766715213777,0,0
20.080000000000002,4.991477044221888,4.870134333545958,0.7071560971003402,0.0,0.0,0,0
20.1,4.991477044221888,4.870134333545958,0.7071560971003402,0.0,0.0,0,0
20.12,4.991477044221888,4.870134333545958,0.7071560971003402,0.0,0.0,0,0
20.14,4.991477044221888,4.870134333545958,0.7071560971003402,0.0,0.0,0,0
20.16,4.991477044221888,4.870134333545958,0.7071560971003402,0.0,0.0,0,0
20.18,4.991477044221888,4.870134333545958,0.7071560971003402,0.0,0.0,0,0
20.2,4.9974176530985295,4.875135987761642,0.6997979391093115,0.3882891278367666,-0.3679078995514322,0,0
20.22,4.9974176530985295,4.875135987761642,0.6997979391093115,0.0,0.0,0,0
20.240000000000002,4.9974176530985295,4.875135987761642,0.6997979391093115,0.0,0.0,0,0
20.26,4.9974176530985295,4.875135987761642,0.6997979391093115,0.0,0.0,0,0
20.28,4.9974176530985295,4.875135987761642,0.6997979391093115,0.0,0.0,0,0
20.3,4.9974176530985295,4.875135987761642,0.6997979391093115,0.0,0.0,0,0
20.32,5.00339606149188,4.880095353188845,0.6924990266031821,0.3883834199545425,-0.36494562530647046,0,0
20.34,5.00339606149188,4.880095353188845,0.6924990266031821,0.0,0.0,0,0
20.36,5.00339606149188,4.880095353188845,0.6924990266031821,0.0,0.0,0,0
20.38,5.00339606149188,4.880095353188845,0.6924990266031821,0.0,0.0,0,0
20.400000000000002,5.00339606149188,4.880095353188845,0.6924990266031821,0.0,0.0,0,0
20.42,5.00339606149188,4.880095353188845,0.6924990266031821,0.0,0.0,0,0
20.44,5.00339606149188,4.880095353188845,0.6924990266031821,0.0,0.0,0,0
20.46,5.0094116065780545,4.88501240722464,0.6852557810156366,0.3884720166071358,-0.36216227937727363,0,0
20.48,5.0094116065780545,4.88501240722464,0.6852557810156366,0.0,0.0,0,0
20.5,5.0094116065780545,4.88501240722464,0.6852557810156366,0.0,0.0,0,0
20.52,5.0094116065780545,4.88501240722464,0.6852557810156366,0.0,0.0,0,0
20.54,5.0094116065780545,4.88501240722464,0.6852557810156366,0.0,0.0,0,0
20.56,5.0094116065780545,4.88501240722464,0.6852557810156366,0.0,0.0,0,0
20.580000000000002,5.0094116065780545,4.88501240722464,0.6852557810156366,0.0,0.0,0,0
20.6,5.015463824679331,4.889887348781158,0.6780735770377733,0.3885691673462879,-0.35911019889316376,0,0
20.62,5.015463824679331,4.889887348781158,0.6780735770377733,0.0,0.0,0,0
20.64,5.015463824679331,4.889887348781158,0.6780735770377733,0.0,0.0,0,0
20.66,5.015463824679331,4.889887348781158,0.6780735770377733,0.0,0.0,0,0
20.68,5.015463824679331,4.889887348781158,0.6780735770377733,0.0,0.0,0,0
20.7,5.015463824679331,4.889887348781158,0.6780735770377733,0.0,0.0,0,0
20.72,5.015463824679331,4.889887348781158,0.6780735770377733,0.0,0.0,0,0
20.740000000000002,5.021552228245215,4.894720407817647,0.6709574966168147,0.38867440625565,-0.3558040210479263,0,0
20.76,5.021552228245215,4.894720407817647,0.6709574966168147,0.0,0.0,0,0
20.78,5.021552228245215,4.894720407817647,0.6709574966168147,0.0,0.0,0,0
20.8,5.021552228245215,4.894720407817647,0.6709574966168147,0.0,0.0,0,0
20.82,5.021552228245215,4.894720407817647,0.6709574966168147,0.0,0.0,0,0
20.84,5.021552228245215,4.894720407817647,0.6709574966168147,0.0,0.0,0,0
20.86,5.021552228245215,4.894720407817647,0.6709574966168147,0.0,0.0,0,0
20.88,5.027676308038791,4.899511844519892,0.6639123355556442,0.38878727792236173,-0.35225805305852564,0,0
20.900000000000002,5.027676308038791,4.899511844519892,0.6639123355556442,0.0,0.0,0,0
20.92,5.027676308038791,4.899511844519892,0.6639123355556442,0.0,0.0,0,0
20.94,5.027676308038791,4.899511844519892,0.6639123355556442,0.0,0.0,0,0
20.96,5.027676308038791,4.899511844519892,0.6639123355556442,0.0,0.0,0,0
20.98,5.027676308038791,4.899511844519892,0.6639123355556442,0.0,0.0,0,0
21.0,5.027676308038791,4.899511844519892,0.6639123355556442,0.0,0.0,0,0
21.02,5.033835535233303,4.90426194844445,0.65694261027947,0.38890733770304353,-0.3484862638087098,0,0
21.04,5.033835535233303,4.90426194844445,0.65694261027947,0.0,0.0,0,0
21.06,5.033835535233303,4.90426194844445,0.65694261027947,0.0,0.0,0,0
21.080000000000002,5.033835535233303,4.90426194844445,0.65694261027947,0.0,0.0,0,0
21.1,5.033835535233303,4.90426194844445,0.65694261027947,0.0,0.0,0,0
21.12,5.033835535233303,4.90426194844445,0.65694261027947,0.0,0.0,0,0
21.14,5.033835535233303,4.90426194844445,0.65694261027947,0.0,0.0,0,0
21.16,5.04002936341865,4.908971037630333,0.6500525647381915,0.38903415193977264,-0.3445022770639222,0,0
21.18,5.04002936341865,4.908971037630333,0.6500525647381915,0.0,0.0,0,0
21.2,5.04002936341865,4.908971037630333,0.6500525647381915,0.0,0.0,0,0
21.22,5.04002936341865,4.908971037630333,0.6500525647381915,0.0,0.0,0,0
21.240000000000002,5.04002936341865,4.908971037630333,0.6500525647381915,0.0,0.0,0,0
21.26,5.04002936341865,4.908971037630333,0.6500525647381915,0.0,0.0,0,0
21.28,5.046257280871958,4.9136395189738815,0.6432485981483006,0.3891711508458676,-0.3401983294945443,0,0
21.3,5.046257280871958,4.9136395189738815,0.6432485981483006,0.0,0.0,0,0
21.32,5.046257280871958,4.9136395189738815,0.6432485981483006,0.0,0.0,0,0
21.34,5.046257280871958,4.9136395189738815,0.6432485981483006,0.0,0.0,0,0
21.36,5.046257280871958,4.9136395189738815,0.6432485981483006,0.0,0.0,0,0
21.38,5.046257280871958,4.9136395189738815,0.6432485981483006,0.0,0.0,0,0
21.400000000000002,5.046257280871958,4.9136395189738815,0.6432485981483006,0.0,0.0,0,0
21.42,5.052518633947721,4.918267698319473,0.6365312193208238,0.3893089595498622,-0.3358689413738424,0,0
21.44,5.052518633947721,4.918267698319473,0.6365312193208238,0.0,0.0,0,0
21.46,5.052518633947721,4.918267698319473,0.6365312193208238,0.0,0.0,0,0
21.48,5.052518633947721,4.918267698319473,0.6365312193208238,0.0,0.0,0,0
21.5,5.052518633947721,4.918267698319473,0.6365312193208238,0.0,0.0,0,0
21.52,5.052518633947721,4.918267698319473,0.6365312193208238,0.0,0.0,0,0
21.54,5.052518633947721,4.918267698319473,0.6365312193208238,0.0,0.0,0,0
21.56,5.058812839384759,4.9228559703710575,0.6299039541954916,0.3894523799612285,-0.33136325626661034,0,0
21.580000000000002,5.058812839384759,4.9228559703710575,0.6299039541954916,0.0,0.0,0,0
21.6,5.058812839384759,4.9228559703710575,0.6299039541954916,0.0,0.0,0,0
21.62,5.058812839384759,4.9228559703710575,0.6299039541954916,0.0,0.0,0,0
21.64,5.058812839384759,4.9228559703710575,0.6299039541954916,0.0,0.0,0,0
21.66,5.058812839384759,4.9228559703710575,0.6299039541954916,0.0,0.0,0,0
21.68,5.058812839384759,4.9228559703710575,0.6299039541954916,0.0,0.0,0,0
21.7,5.065139303105453,4.927404754696572,0.6233700826336642,0.38960102043407613,-0.3266935780913679,0,0
21.72,5.065139303105453,4.927404754696572,0.6233700826336642,0.0,0.0,0,0
21.740000000000002,5.065139303105453,4.927404754696572,0.6233700826336642,0.0,0.0,0,0
21.76,5.065139303105453,4.927404754696572,0.6233700826336642,0.0,0.0,0,0
21.78,5.065139303105453,4.927404754696572,0.6233700826336642,0.0,0.0,0,0
21.8,5.065139303105453,4.927404754696572,0.6233700826336642,0.0,0.0,0,0
21.82,5.065139303105453,4.927404754696572,0.6233700826336642,0.0,0.0,0,0
21.84,5.071497421796611,4.931914494717734,0.6169326456132824,0.3897545007736347,-0.32187185101909144,0,0
21.86,5.071497421796611,4.931914494717734,0.6169326456132824,0.0,0.0,0,0
21.88,5.071497421796611,4.931914494717734,0.6169326456132824,0.0,0.0,0,0
21.900000000000002,5.071497421796611,4.931914494717734,0.6169326456132824,0.0,0.0,0,0
21.92,5.071497421796611,4.931914494717734,0.6169326456132824,0.0,0.0,0,0
21.94,5.071497421796611,4.931914494717734,0.6169326456132824,0.0,0.0,0,0
21.96,5.071497421796611,4.931914494717734,0.6169326456132824,0.0,0.0,0,0
21.98,5.077886584404648,4.936385656684066,0.6105944524188912,0.3899124522284123,-0.3169096597195603,0,0
22.0,5.077886584404648,4.936385656684066,0.6105944524188912,0.0,0.0,0,0
22.02,5.077886584404648,4.936385656684066,0.6105944524188912,0.0,0.0,0,0
22.04,5.077886584404648,4.936385656684066,0.6105944524188912,0.0,0.0,0,0
22.06,5.077886584404648,4.936385656684066,0.6105944524188912,0.0,0.0,0,0
22.080000000000002,5.077886584404648,4.936385656684066,0.6105944524188912,0.0,0.0,0,0
22.1,5.077886584404648,4.936385656684066,0.6105944524188912,0.0,0.0,0,0
22.12,5.084306173546757,4.940818728633999,0.6043580878088907,0.3900745174539505,-0.3118182305000291,0,0
22.14,5.084306173546757,4.940818728633999,0.6043580878088907,0.0,0.0,0,0
22.16,5.084306173546757,4.940818728633999,0.6043580878088907,0.0,0.0,0,0
22.18,5.084306173546757,4.940818728633999,0.6043580878088907,0.0,0.0,0,0
22.2,5.084306173546757,4.940818728633999,0.6043580878088907,0.0,0.0,0,0
22.22,5.084306173546757,4.940818728633999,0.6043580878088907,0.0,0.0,0,0
22.240000000000002,5.084306173546757,4.940818728633999,0.6043580878088907,0.0,0.0,0,0
22.26,5.09075556683992,4.9452142193458695,0.5982259191439012,0.39024035045093697,-0.3066084332494742,0,0
22.28,5.09075556683992,4.9452142193458695,0.5982259191439012,0.0,0.0,0,0
22.3,5.09075556683992,4.9452142193458695,0.5982259191439012,0.0,0.0,0,0
22.32,5.09075556683992,4.9452142193458695,0.5982259191439012,0.0,0.0,0,0
22.34,5.09075556683992,4.9452142193458695,0.5982259191439012,0.0,0.0,0,0
22.36,5.09075556683992,4.9452142193458695,0.5982259191439012,0.0,0.0,0,0
22.38,5.097234085337117,4.949572599214649,0.5921977085737926,0.3904058048976841,-0.30141052850542877,0,0
22.400000000000002,5.097234085337117,4.949572599214649,0.5921977085737926,0.0,0.0,0,0
22.42,5.097234085337117,4.949572599214649,0.5921977085737926,0.0,0.0,0,0
22.44,5.097234085337117,4.949572599214649,0.5921977085737926,0.0,0.0,0,0
22.46,5.097234085337117,4.949572599214649,0.5921977085737926,0.0,0.0,0,0
22.48,5.097234085337117,4.949572599214649,0.5921977085737926,0.0,0.0,0,0
22.5,5.097234085337117,4.949572599214649,0.5921977085737926,0.0,0.0,0,0
22.52,5.103741154408552,4.953894448616637,0.5862774109028562,0.39057755361095037,-0.2960148835468217,0,0
22.54,5.103741154408552,4.953894448616637,0.5862774109028562,0.0,0.0,0,0
22.56,5.103741154408552,4.953894448616637,0.5862774109028562,0.0,0.0,0,0
22.580000000000002,5.103741154408552,4.953894448616637,0.5862774109028562,0.0,0.0,0,0
22.6,5.103741154408552,4.953894448616637,0.5862774109028562,0.0,0.0,0,0
22.62,5.103741154408552,4.953894448616637,0.5862774109028562,0.0,0.0,0,0
22.64,5.103741154408552,4.953894448616637,0.5862774109028562,0.0,0.0,0,0
22.66,5.11027614620364,4.958180330587094,0.5804668252971585,0.39075216578594607,-0.290529280284883,0,0
22.68,5.11027614620364,4.958180330587094,0.5804668252971585,0.0,0.0,0,0
22.7,5.11027614620364,4.958180330587094,0.5804668252971585,0.0,0.0,0,0
22.72,5.11027614620364,4.958180330587094,0.5804668252971585,0.0,0.0,0,0
22.740000000000002,5.11027614620364,4.958180330587094,0.5804668252971585,0.0,0.0,0,0
22.76,5.11027614620364,4.958180330587094,0.5804668252971585,0.0,0.0,0,0
22.78,5.11027614620364,4.958180330587094,0.5804668252971585,0.0,0.0,0,0
22.8,5.116838432172922,4.962430824842533,0.5747675595423698,0.3909293368313101,-0.2849632877394378,0,0
22.82,5.116838432172922,4.962430824842533,0.5747675595423698,0.0,0.0,0,0
22.84,5.116838432172922,4.962430824842533,0.5747675595423698,0.0,0.0,0,0
22.86,5.116838432172922,4.962430824842533,0.5747675595423698,0.0,0.0,0,0
22.88,5.116838432172922,4.962430824842533,0.5747675595423698,0.0,0.0,0,0
22.900000000000002,5.116838432172922,4.962430824842533,0.5747675595423698,0.0,0.0,0,0
22.92,5.116838432172922,4.962430824842533,0.5747675595423698,0.0,0.0,0,0
22.94,5.123427384033519,4.9666465267164055,0.5691810368245401,0.3911087729476224,-0.27932613589148225,0,0
22.96,5.123427384033519,4.9666465267164055,0.5691810368245401,0.0,0.0,0,0
22.98,5.123427384033519,4.9666465267164055,0.5691810368245401,0.0,0.0,0,0
23.0,5.123427384033519,4.9666465267164055,0.5691810368245401,0.0,0.0,0,0
23.02,5.123427384033519,4.9666465267164055,0.5691810368245401,0.0,0.0,0,0
23.04,5.123427384033519,4.9666465267164055,0.5691810368245401,0.0,0.0,0,0
23.06,5.123427384033519,4.9666465267164055,0.5691810368245401,0.0,0.0,0,0
23.080000000000002,5.130042374665931,4.970828046099465,0.5637085024080878,0.3912901909638109,-0.27362672082261696,0,0
23.1,5.130042374665931,4.970828046099465,0.5637085024080878,0.0,0.0,0,0
23.12,5.130042374665931,4.970828046099465,0.5637085024080878,0.0,0.0,0,0
23.14,5.130042374665931,4.970828046099465,0.5637085024080878,0.0,0.0,0,0
23.16,5.130042374665931,4.970828046099465,0.5637085024080878,0.0,0.0,0,0
23.18,5.130042374665931,4.970828046099465,0.5637085024080878,0.0,0.0,0,0
23.2,5.130042374665931,4.970828046099465,0.5637085024080878,0.0,0.0,0,0
23.22,5.136682778944799,4.974976006386947,0.558351030204199,0.39147331816273667,-0.2678736101944402,0,0
23.240000000000002,5.136682778944799,4.974976006386947,0.558351030204199,0.0,0.0,0,0
23.26,5.136682778944799,4.974976006386947,0.558351030204199,0.0,0.0,0,0
23.28,5.136682778944799,4.974976006386947,0.558351030204199,0.0,0.0,0,0
23.3,5.136682778944799,4.974976006386947,0.558351030204199,0.0,0.0,0,0
23.32,5.136682778944799,4.974976006386947,0.558351030204199,0.0,0.0,0,0
23.34,5.136682778944799,4.974976006386947,0.558351030204199,0.0,0.0,0,0
23.36,5.143347974506325,4.979091043434599,0.5531095292238692,0.39165789209759505,-0.2620750490164869,0,0
23.38,5.143347974506325,4.979091043434599,0.5531095292238692,0.0,0.0,0,0
23.400000000000002,5.143347974506325,4.979091043434599,0.5531095292238692,0.0,0.0,0,0
23.42,5.143347974506325,4.979091043434599,0.5531095292238692,0.0,0.0,0,0
23.44,5.143347974506325,4.979091043434599,0.5531095292238692,0.0,0.0,0,0
23.46,5.143347974506325,4.979091043434599,0.5531095292238692,0.0,0.0,0,0
23.48,5.143347974506325,4.979091043434599,0.5531095292238692,0.0,0.0,0,0
23.5,5.150037342455047,4.983173804525465,0.5479847499107524,0.3918436604006237,-0.2562389656558417,0,0
23.52,5.150037342455047,4.983173804525465,0.5479847499107524,0.0,0.0,0,0
23.54,5.150037342455047,4.983173804525465,0.5479847499107524,0.0,0.0,0,0
23.56,5.150037342455047,4.983173804525465,0.5479847499107524,0.0,0.0,0,0
23.580000000000002,5.150037342455047,4.983173804525465,0.5479847499107524,0.0,0.0,0,0
23.6,5.150037342455047,4.983173804525465,0.5479847499107524,0.0,0.0,0,0
23.62,5.150037342455047,4.983173804525465,0.5479847499107524,0.0,0.0,0,0
23.64,5.156750268012692,4.987224947349203,0.5429772903498516,0.39203038058549877,-0.2503729780450368,0,0
23.66,5.156750268012692,4.987224947349203,0.5429772903498516,0.0,0.0,0,0
23.68,5.156750268012692,4.987224947349203,0.5429772903498516,0.0,0.0,0,0
23.7,5.156750268012692,4.987224947349203,0.5429772903498516,0.0,0.0,0,0
23.72,5.156750268012692,4.987224947349203,0.5429772903498516,0.0,0.0,0,0
23.740000000000002,5.156750268012692,4.987224947349203,0.5429772903498516,0.0,0.0,0,0
23.76,5.156750268012692,4.987224947349203,0.5429772903498516,0.0,0.0,0,0
23.78,5.163486141111826,4.991245138995609,0.5380876023488668,0.3922178198446613,-0.24448440004924465,0,0
23.8,5.163486141111826,4.991245138995609,0.5380876023488668,0.0,0.0,0,0
23.82,5.163486141111826,4.991245138995609,0.5380876023488668,0.0,0.0,0,0
23.84,5.163486141111826,4.991245138995609,0.5380876023488668,0.0,0.0,0,0
23.86,5.163486141111826,4.991245138995609,0.5380876023488668,0.0,0.0,0,0
23.88,5.163486141111826,4.991245138995609,0.5380876023488668,0.0,0.0,0,0
23.900000000000002,5.163486141111826,4.991245138995609,0.5380876023488668,0.0,0.0,0,0
23.92,5.170244356937008,4.995235054963864,0.533315997389729,0.3924057548427142,-0.23858024795688992,0,0
23.94,5.170244356937008,4.995235054963864,0.533315997389729,0.0,0.0,0,0
23.96,5.170244356937008,4.995235054963864,0.533315997389729,0.0,0.0,0,0
23.98,5.170244356937008,4.995235054963864,0.533315997389729,0.0,0.0,0,0
24.0,5.170244356937008,4.995235054963864,0.533315997389729,0.0,0.0,0,0
24.02,5.170244356937008,4.995235054963864,0.533315997389729,0.0,0.0,0,0
24.04,5.170244356937008,4.995235054963864,0.533315997389729,0.0,0.0,0,0
24.060000000000002,5.177024316416123,4.9991953781889285,0.5286626524484989,0.39259397150691566,-0.23266724706150496,0,0
24.080000000000002,5.177024316416123,4.9991953781889285,0.5286626524484989,0.0,0.0,0,0
24.1,5.177024316416123,4.9991953781889285,0.5286626524484989,0.0,0.0,0,0
24.12,5.177024316416123,4.9991953781889285,0.5286626524484989,0.0,0.0,0,0
24.14,5.177024316416123,4.9991953781889285,0.5286626524484989,0.0,0.0,0,0
24.16,5.177024316416123,4.9991953781889285,0.5286626524484989,0.0,0.0,0,0
24.18,5.177024316416123,4.9991953781889285,0.5286626524484989,0.0,0.0,0,0
24.2,5.183825426664558,5.003126798086387,0.5241276156823823,0.3927822648156908,-0.22675183830582524,0,0
24.22,5.183825426664558,5.003126798086387,0.5241276156823823,0.0,0.0,0,0
24.240000000000002,5.183825426664558,5.003126798086387,0.5241276156823823,0.0,0.0,0,0
24.26,5.183825426664558,5.003126798086387,0.5241276156823823,0.0,0.0,0,0
24.28,5.183825426664558,5.003126798086387,0.5241276156823823,0.0,0.0,0,0
24.3,5.183825426664558,5.003126798086387,0.5241276156823823,0.0,0.0,0,0
24.32,5.183825426664558,5.003126798086387,0.5241276156823823,0.0,0.0,0,0
24.34,5.190647101384816,5.007030009616905,0.5197108119831428,0.39297043858599473,-0.2208401849619731,0,0
24.36,5.190647101384816,5.007030009616905,0.5197108119831428,0.0,0.0,0,0
24.38,5.190647101384816,5.007030009616905,0.5197108119831428,0.0,0.0,0,0
24.400000000000002,5.190647101384816,5.007030009616905,0.5197108119831428,0.0,0.0,0,0
24.42,5.190647101384816,5.007030009616905,0.5197108119831428,0.0,0.0,0,0
24.44,5.190647101384816,5.007030009616905,0.5197108119831428,0.0,0.0,0,0
24.46,5.190647101384816,5.007030009616905,0.5197108119831428,0.0,0.0,0,0
24.48,5.197488761224139,5.010905712371382,0.5154120483966499,0.3931583052602621,-0.2149381793246479,0,0
24.5,5.197488761224139,5.010905712371382,0.5154120483966499,0.0,0.0,0,0
24.52,5.197488761224139,5.010905712371382,0.5154120483966499,0.0,0.0,0,0
24.54,5.197488761224139,5.010905712371382,0.5154120483966499,0.0,0.0,0,0
24.560000000000002,5.197488761224139,5.010905712371382,0.5154120483966499,0.0,0.0,0,0
24.580000000000002,5.197488761224139,5.010905712371382,0.5154120483966499,0.0,0.0,0,0
24.6,5.197488761224139,5.010905712371382,0.5154120483966499,0.0,0.0,0,0
24.62,5.204349834092619,5.014754609677744,0.5112310194087172,0.3933456856936,-0.2090514493966369,0,0
24.64,5.204349834092619,5.014754609677744,0.5112310194087172,0.0,0.0,0,0
24.66,5.204349834092619,5.014754609677744,0.5112310194087172,0.0,0.0,0,0
24.68,5.204349834092619,5.014754609677744,0.5112310194087172,0.0,0.0,0,0
24.7,5.204349834092619,5.014754609677744,0.5112310194087172,0.0,0.0,0,0
24.72,5.204349834092619,5.014754609677744,0.5112310194087172,0.0,0.0,0,0
24.740000000000002,5.204349834092619,5.014754609677744,0.5112310194087172,0.0,0.0,0,0
24.76,5.211229755444266,5.01857740773024,0.5071673120977483,0.3935324089418064,-0.20318536554844058,0,0
24.78,5.211229755444266,5.01857740773024,0.5071673120977483,0.0,0.0,0,0
24.8,5.211229755444266,5.01857740773024,0.5071673120977483,0.0,0.0,0,0
24.82,5.211229755444266,5.01857740773024,0.5071673120977483,0.0,0.0,0,0
24.84,5.211229755444266,5.01857740773024,0.5071673120977483,0.0,0.0,0,0
24.86,5.211229755444266,5.01857740773024,0.5071673120977483,0.0,0.0,0,0
24.88,5.211229755444266,5.01857740773024,0.5071673120977483,0.0,0.0,0,0
24.900000000000002,5.218127968523374,5.022374814741984,0.5032204111550244,0.39371831205071417,-0.19734504713619905,0,0
24.92,5.218127968523374,5.022374814741984,0.5032204111550244,0.0,0.0,0,0
24.94,5.218127968523374,5.022374814741984,0.5032204111550244,0.0,0.0,0,0
24.96,5.218127968523374,5.022374814741984,0.5032204111550244,0.0,0.0,0,0
24.98,5.218127968523374,5.022374814741984,0.5032204111550244,0.0,0.0,0,0
25.0,5.218127968523374,5.022374814741984,0.5032204111550244,0.0,0.0,0,0
25.02,5.218127968523374,5.022374814741984,0.5032204111550244,0.0,0.0,0,0
25.04,5.225043924578499,5.026147540121397,0.49938970377374703,0.393903239847311,-0.19153536906386726,0,0
25.060000000000002,5.225043924578499,5.026147540121397,0.49938970377374703,0.0,0.0,0,0
25.080000000000002,5.225043924578499,5.026147540121397,0.49938970377374703,0.0,0.0,0,0
25.1,5.225043924578499,5.026147540121397,0.49938970377374703,0.0,0.0,0,0
25.12,5.225043924578499,5.026147540121397,0.49938970377374703,0.0,0.0,0,0
25.14,5.225043924578499,5.026147540121397,0.49938970377374703,0.0,0.0,0,0
25.16,5.225043924578499,5.026147540121397,0.49938970377374703,0.0,0.0,0,0
25.18,5.231977083046256,5.029896293673118,0.49567448440818995,0.39408704473300854,-0.18576096827785415,0,0
25.2,5.231977083046256,5.029896293673118,0.49567448440818995,0.0,0.0,0,0
25.22,5.231977083046256,5.029896293673118,0.49567448440818995,0.0,0.0,0,0
25.240000000000002,5.231977083046256,5.029896293673118,0.49567448440818995,0.0,0.0,0,0
25.26,5.231977083046256,5.029896293673118,0.49567448440818995,0.0,0.0,0,0
25.28,5.231977083046256,5.029896293673118,0.49567448440818995,0.0,0.0,0,0
25.3,5.231977083046256,5.029896293673118,0.49567448440818995,0.0,0.0,0,0
25.32,5.238926911707084,5.03362178482385,0.49207395940451515,0.3942695864793919,-0.18002625018373997,0,0
25.34,5.238926911707084,5.03362178482385,0.49207395940451515,0.0,0.0,0,0
25.36,5.238926911707084,5.03362178482385,0.49207395940451515,0.0,0.0,0,0
25.38,5.238926911707084,5.03362178482385,0.49207395940451515,0.0,0.0,0,0
25.400000000000002,5.238926911707084,5.03362178482385,0.49207395940451515,0.0,0.0,0,0
25.42,5.238926911707084,5.03362178482385,0.49207395940451515,0.0,0.0,0,0
25.44,5.238926911707084,5.03362178482385,0.49207395940451515,0.0,0.0,0,0
25.46,5.245892886815037,5.037324721873538,0.488587251504985,0.3944507320267222,-0.17433539497650674,0,0
25.48,5.245892886815037,5.037324721873538,0.488587251504985,0.0,0.0,0,0
25.5,5.245892886815037,5.037324721873538,0.488587251504985,0.0,0.0,0,0
25.52,5.245892886815037,5.037324721873538,0.488587251504985,0.0,0.0,0,0
25.54,5.245892886815037,5.037324721873538,0.488587251504985,0.0,0.0,0,0
25.560000000000002,5.245892886815037,5.037324721873538,0.488587251504985,0.0,0.0,0,0
25.580000000000002,5.245892886815037,5.037324721873538,0.488587251504985,0.0,0.0,0,0
25.6,5.252874493203556,5.04100581127219,0.48521340422744424,0.3946303552854226,-0.16869236387703634,0,0
25.62,5.252874493203556,5.04100581127219,0.48521340422744424,0.0,0.0,0,0
25.64,5.252874493203556,5.04100581127219,0.48521340422744424,0.0,0.0,0,0
25.66,5.252874493203556,5.04100581127219,0.48521340422744424,0.0,0.0,0,0
25.68,5.252874493203556,5.04100581127219,0.48521340422744424,0.0,0.0,0,0
25.7,5.252874493203556,5.04100581127219,0.48521340422744424,0.0,0.0,0,0
25.72,5.252874493203556,5.04100581127219,0.48521340422744424,0.0,0.0,0,0
25.740000000000002,5.259871224369135,5.044665756922575,0.4819513861220656,0.39480833694073736,-0.16310090526893162,0,0
25.76,5.259871224369135,5.044665756922575,0.4819513861220656,0.0,0.0,0,0
25.78,5.259871224369135,5.044665756922575,0.4819513861220656,0.0,0.0,0,0
25.8,5.259871224369135,5.044665756922575,0.4819513861220656,0.0,0.0,0,0
25.82,5.259871224369135,5.044665756922575,0.4819513861220656,0.0,0.0,0,0
25.84,5.259871224369135,5.044665756922575,0.4819513861220656,0.0,0.0,0,0
25.86,5.259871224369135,5.044665756922575,0.4819513861220656,0.0,0.0,0,0
25.88,5.266882582534663,5.04830525950897,0.4788000949074454,0.39498456426071127,-0.1575645607310111,0,0
25.900000000000002,5.266882582534663,5.04830525950897,0.4788000949074454,0.0,0.0,0,0
25.92,5.266882582534663,5.04830525950897,0.4788000949074454,0.0,0.0,0,0
25.94,5.266882582534663,5.04830525950897,0.4788000949074454,0.0,0.0,0,0
25.96,5.266882582534663,5.04830525950897,0.4788000949074454,0.0,0.0,0,0
25.98,5.266882582534663,5.04830525950897,0.4788000949074454,0.0,0.0,0,0
26.0,5.266882582534663,5.04830525950897,0.4788000949074454,0.0,0.0,0,0
26.02,5.273908078694153,5.051925015852069,0.4757583614882121,0.39515893090761206,-0.1520866709616655,0,0
26.04,5.273908078694153,5.051925015852069,0.4757583614882121,0.0,0.0,0,0
26.060000000000002,5.273908078694153,5.051925015852069,0.4757583614882121,0.0,0.0,0,0
26.080000000000002,5.273908078694153,5.051925015852069,0.4757583614882121,0.0,0.0,0,0
26.1,5.273908078694153,5.051925015852069,0.4757583614882121,0.0,0.0,0,0
26.12,5.273908078694153,5.051925015852069,0.4757583614882121,0.0,0.0,0,0
26.14,5.273908078694153,5.051925015852069,0.4757583614882121,0.0,0.0,0,0
26.16,5.280947232640506,5.055525718290075,0.472824953856363,0.39533133675287724,-0.1466703815924555,0,0
26.18,5.280947232640506,5.055525718290075,0.472824953856363,0.0,0.0,0,0
26.2,5.280947232640506,5.055525718290075,0.472824953856363,0.0,0.0,0,0
26.22,5.280947232640506,5.055525718290075,0.472824953856363,0.0,0.0,0,0
26.240000000000002,5.280947232640506,5.055525718290075,0.472824953856363,0.0,0.0,0,0
26.26,5.280947232640506,5.055525718290075,0.472824953856363,0.0,0.0,0,0
26.28,5.280947232640506,5.055525718290075,0.472824953856363,0.0,0.0,0,0
26.3,5.287999572977826,5.059108054085984,0.4699985808785838,0.3955016876956509,-0.14131864888895726,0,0
26.32,5.287999572977826,5.059108054085984,0.4699985808785838,0.0,0.0,0,0
26.34,5.287999572977826,5.059108054085984,0.4699985808785838,0.0,0.0,0,0
26.36,5.287999572977826,5.059108054085984,0.4699985808785838,0.0,0.0,0,0
26.38,5.287999572977826,5.059108054085984,0.4699985808785838,0.0,0.0,0,0
26.400000000000002,5.287999572977826,5.059108054085984,0.4699985808785838,0.0,0.0,0,0
26.42,5.287999572977826,5.059108054085984,0.4699985808785838,0.0,0.0,0,0
26.44,5.295064637119753,5.062672704860981,0.46727789597183,0.3956698954849462,-0.13603424533769182,0,0
26.46,5.295064637119753,5.062672704860981,0.46727789597183,0.0,0.0,0,0
26.48,5.295064637119753,5.062672704860981,0.46727789597183,0.0,0.0,0,0
26.5,5.295064637119753,5.062672704860981,0.46727789597183,0.0,0.0,0,0
26.52,5.295064637119753,5.062672704860981,0.46727789597183,0.0,0.0,0,0
26.54,5.295064637119753,5.062672704860981,0.46727789597183,0.0,0.0,0,0
26.560000000000002,5.295064637119753,5.062672704860981,0.46727789597183,0.0,0.0,0,0
26.580000000000002,5.302141971275185,5.066220346053833,0.46466150066945505,0.3958358775454461,-0.13081976511874893,0,0
26.6,5.302141971275185,5.066220346053833,0.46466150066945505,0.0,0.0,0,0
26.62,5.302141971275185,5.066220346053833,0.46466150066945505,0.0,0.0,0,0
26.64,5.302141971275185,5.066220346053833,0.46466150066945505,0.0,0.0,0,0
26.66,5.302141971275185,5.066220346053833,0.46466150066945505,0.0,0.0,0,0
26.68,5.302141971275185,5.066220346053833,0.46466150066945505,0.0,0.0,0,0
26.7,5.302141971275185,5.066220346053833,0.46466150066945505,0.0,0.0,0,0
26.72,5.302141971275185,5.066220346053833,0.46466150066945505,0.0,0.0,0,0
26.740000000000002,5.309231359481357,5.0697518417083876,0.46215712498026656,0.3960141622970649,-0.12521878445942303,0,0
26.76,5.309231359481357,5.0697518417083876,0.46215712498026656,0.0,0.0,0,0
26.78,5.309231359481357,5.0697518417083876,0.46215712498026656,0.0,0.0,0,0
26.8,5.309231359481357,5.0697518417083876,0.46215712498026656,0.0,0.0,0,0
26.82,5.309231359481357,5.0697518417083876,0.46215712498026656,0.0,0.0,0,0
26.84,5.309231359481357,5.0697518417083876,0.46215712498026656,0.0,0.0,0,0
26.86,5.309231359481357,5.0697518417083876,0.46215712498026656,0.0,0.0,0,0
26.88,5.31633209510178,5.073267714666127,0.4597537208712804,0.39617486355807485,-0.12017020544930736,0,0
26.900000000000002,5.31633209510178,5.073267714666127,0.4597537208712804,0.0,0.0,0,0
26.92,5.31633209510178,5.073267714666127,0.4597537208712804,0.0,0.0,0,0
26.94,5.31633209510178,5.073267714666127,0.4597537208712804,0.0,0.0,0,0
26.96,5.31633209510178,5.073267714666127,0.4597537208712804,0.0,0.0,0,0
26.98,5.31633209510178,5.073267714666127,0.4597537208712804,0.0,0.0,0,0
27.0,5.31633209510178,5.073267714666127,0.4597537208712804,0.0,0.0,0,0
27.02,5.323443752006252,5.076768616333622,0.457449751442195,0.39633311876628446,-0.11519847145426998,0,0
27.04,5.323443752006252,5.076768616333622,0.457449751442195,0.0,0.0,0,0
27.060000000000002,5.323443752006252,5.076768616333622,0.457449751442195,0.0,0.0,0,0
27.080000000000002,5.323443752006252,5.076768616333622,0.457449751442195,0.0,0.0,0,0
27.1,5.323443752006252,5.076768616333622,0.457449751442195,0.0,0.0,0,0
27.12,5.323443752006252,5.076768616333622,0.457449751442195,0.0,0.0,0,0
27.14,5.323443752006252,5.076768616333622,0.457449751442195,0.0,0.0,0,0
27.16,5.330565912702029,5.080255189998839,0.4552436419848837,0.39648886774867126,-0.11030547286556669,0,0
27.18,5.330565912702029,5.080255189998839,0.4552436419848837,0.0,0.0,0,0
27.2,5.330565912702029,5.080255189998839,0.4552436419848837,0.0,0.0,0,0
27.22,5.330565912702029,5.080255189998839,0.4552436419848837,0.0,0.0,0,0
27.240000000000002,5.330565912702029,5.080255189998839,0.4552436419848837,0.0,0.0,0,0
27.26,5.330565912702029,5.080255189998839,0.4552436419848837,0.0,0.0,0,0
27.28,5.330565912702029,5.080255189998839,0.4552436419848837,0.0,0.0,0,0
27.3,5.337698168271958,5.083728070423584,0.4531337829984424,0.3966420551308102,-0.1054929493220631,0,0
27.32,5.337698168271958,5.083728070423584,0.4531337829984424,0.0,0.0,0,0
27.34,5.337698168271958,5.083728070423584,0.4531337829984424,0.0,0.0,0,0
27.36,5.337698168271958,5.083728070423584,0.4531337829984424,0.0,0.0,0,0
27.38,5.337698168271958,5.083728070423584,0.4531337829984424,0.0,0.0,0,0
27.400000000000002,5.337698168271958,5.083728070423584,0.4531337829984424,0.0,0.0,0,0
27.42,5.337698168271958,5.083728070423584,0.4531337829984424,0.0,0.0,0,0
27.44,5.344840118306742,5.087187883460208,0.4511185331090082,0.39679263018531147,-0.10076249447171204,0,0
27.46,5.344840118306742,5.087187883460208,0.4511185331090082,0.0,0.0,0,0
27.48,5.344840118306742,5.087187883460208,0.4511185331090082,0.0,0.0,0,0
27.5,5.344840118306742,5.087187883460208,0.4511185331090082,0.0,0.0,0,0
27.52,5.344840118306742,5.087187883460208,0.4511185331090082,0.0,0.0,0,0
27.54,5.344840118306742,5.087187883460208,0.4511185331090082,0.0,0.0,0,0
27.560000000000002,5.344840118306742,5.087187883460208,0.4511185331090082,0.0,0.0,0,0
27.580000000000002,5.351991370832137,5.090635245692208,0.4491962218964595,0.3969405466836191,-0.09611556062743298,0,0
27.6,5.351991370832137,5.090635245692208,0.4491962218964595,0.0,0.0,0,0
27.62,5.351991370832137,5.090635245692208,0.4491962218964595,0.0,0.0,0,0
27.64,5.351991370832137,5.090635245692208,0.4491962218964595,0.0,0.0,0,0
27.66,5.351991370832137,5.090635245692208,0.4491962218964595,0.0,0.0,0,0
27.68,5.351991370832137,5.090635245692208,0.4491962218964595,0.0,0.0,0,0
27.7,5.351991370832137,5.090635245692208,0.4491962218964595,0.0,0.0,0,0
27.72,5.359151542231841,5.0940707640983165,0.44736515263006765,0.39708576275110086,-0.09155346331959391,0,0
27.740000000000002,5.359151542231841,5.0940707640983165,0.44736515263006765,0.0,0.0,0,0
27.76,5.359151542231841,5.0940707640983165,0.44736515263006765,0.0,0.0,0,0
27.78,5.359151542231841,5.0940707640983165,0.44736515263006765,0.0,0.0,0,0
27.8,5.359151542231841,5.0940707640983165,0.44736515263006765,0.0,0.0,0,0
27.82,5.359151542231841,5.0940707640983165,0.44736515263006765,0.0,0.0,0,0
27.84,5.359151542231841,5.0940707640983165,0.44736515263006765,0.0,0.0,0,0
27.86,5.3663202571667545,5.097495035739682,0.44562360491511577,0.3972282407253502,-0.08707738574759305,0,0
27.88,5.3663202571667545,5.097495035739682,0.44562360491511577,0.0,0.0,0,0
27.900000000000002,5.3663202571667545,5.097495035739682,0.44562360491511577,0.0,0.0,0,0
27.92,5.3663202571667545,5.097495035739682,0.44562360491511577,0.0,0.0,0,0
27.94,5.3663202571667545,5.097495035739682,0.44562360491511577,0.0,0.0,0,0
27.96,5.3663202571667545,5.097495035739682,0.44562360491511577,0.0,0.0,0,0
27.98,5.3663202571667545,5.097495035739682,0.44562360491511577,0.0,0.0,0,0
28.0,5.37349714849125,5.100908647469681,0.44396983725246125,0.39736794701763,-0.08268838313272676,0,0
28.02,5.37349714849125,5.100908647469681,0.44396983725246125,0.0,0.0,0,0
28.04,5.37349714849125,5.100908647469681,0.44396983725246125,0.0,0.0,0,0
28.060000000000002,5.37349714849125,5.100908647469681,0.44396983725246125,0.0,0.0,0,0
28.080000000000002,5.37349714849125,5.100908647469681,0.44396983725246125,0.0,0.0,0,0
28.1,5.37349714849125,5.100908647469681,0.44396983725246125,0.0,0.0,0,0
28.12,5.37349714849125,5.100908647469681,0.44396983725246125,0.0,0.0,0,0
28.14,5.37349714849125,5.100908647469681,0.44396983725246125,0.0,0.0,0,0
28.16,5.380682078819129,5.104312357548727,0.4424108287698883,0.3975187609367632,-0.07795042412864739,0,0
28.18,5.380682078819129,5.104312357548727,0.4424108287698883,0.0,0.0,0,0
28.2,5.380682078819129,5.104312357548727,0.4424108287698883,0.0,0.0,0,0
28.22,5.380682078819129,5.104312357548727,0.4424108287698883,0.0,0.0,0,0
28.240000000000002,5.380682078819129,5.104312357548727,0.4424108287698883,0.0,0.0,0,0
28.26,5.380682078819129,5.104312357548727,0.4424108287698883,0.0,0.0,0,0
28.28,5.380682078819129,5.104312357548727,0.4424108287698883,0.0,0.0,0,0
28.3,5.387874434999828,5.107706603234843,0.4409356276470078,0.3976521444923885,-0.07376005614402703,0,0
28.32,5.387874434999828,5.107706603234843,0.4409356276470078,0.0,0.0,0,0
28.34,5.387874434999828,5.107706603234843,0.4409356276470078,0.0,0.0,0,0
28.36,5.387874434999828,5.107706603234843,0.4409356276470078,0.0,0.0,0,0
28.38,5.387874434999828,5.107706603234843,0.4409356276470078,0.0,0.0,0,0
28.400000000000002,5.387874434999828,5.107706603234843,0.4409356276470078,0.0,0.0,0,0
28.42,5.387874434999828,5.107706603234843,0.4409356276470078,0.0,0.0,0,0
28.44,5.395073875613036,5.111091936328478,0.43954244656403424,0.39778268344022644,-0.06965905414867657,0,0
28.46,5.395073875613036,5.111091936328478,0.43954244656403424,0.0,0.0,0,0
28.48,5.395073875613036,5.111091936328478,0.43954244656403424,0.0,0.0,0,0
28.5,5.395073875613036,5.111091936328478,0.43954244656403424,0.0,0.0,0,0
28.52,5.395073875613036,5.111091936328478,0.43954244656403424,0.0,0.0,0,0
28.54,5.395073875613036,5.111091936328478,0.43954244656403424,0.0,0.0,0,0
28.560000000000002,5.395073875613036,5.111091936328478,0.43954244656403424,0.0,0.0,0,0
28.580000000000002,5.40228006706061,5.114468897491933,0.4382294871093007,0.3979103601269992,-0.06564797273667722,0,0
28.6,5.40228006706061,5.114468897491933,0.4382294871093007,0.0,0.0,0,0
28.62,5.40228006706061,5.114468897491933,0.4382294871093007,0.0,0.0,0,0
28.64,5.40228006706061,5.114468897491933,0.4382294871093007,0.0,0.0,0,0
28.66,5.40228006706061,5.114468897491933,0.4382294871093007,0.0,0.0,0,0
28.68,5.40228006706061,5.114468897491933,0.4382294871093007,0.0,0.0,0,0
28.7,5.40228006706061,5.114468897491933,0.4382294871093007,0.0,0.0,0,0
28.72,5.409492683474267,5.117838016070234,0.43699494189852744,0.3980351602723501,-0.06172726053866396,0,0
28.740000000000002,5.409492683474267,5.117838016070234,0.43699494189852744,0.0,0.0,0,0
28.76,5.409492683474267,5.117838016070234,0.43699494189852744,0.0,0.0,0,0
28.78,5.409492683474267,5.117838016070234,0.43699494189852744,0.0,0.0,0,0
28.8,5.409492683474267,5.117838016070234,0.43699494189852744,0.0,0.0,0,0
28.82,5.409492683474267,5.117838016070234,0.43699494189852744,0.0,0.0,0,0
28.84,5.409492683474267,5.117838016070234,0.43699494189852744,0.0,0.0,0,0
28.86,5.416711406623009,5.121199809931492,0.43583699661861586,0.3981570728487215,-0.05789726399557893,0,0
28.88,5.416711406623009,5.121199809931492,0.43583699661861586,0.0,0.0,0,0
28.900000000000002,5.416711406623009,5.121199809931492,0.43583699661861586,0.0,0.0,0,0
28.92,5.416711406623009,5.121199809931492,0.43583699661861586,0.0,0.0,0,0
28.94,5.416711406623009,5.121199809931492,0.43583699661861586,0.0,0.0,0,0
28.96,5.416711406623009,5.121199809931492,0.43583699661861586,0.0,0.0,0,0
28.98,5.416711406623009,5.121199809931492,0.43583699661861586,0.0,0.0,0,0
29.0,5.423935925820536,5.124554785326232,0.4347538319975928,0.39827608996381925,-0.05415823105115214,0,0
29.02,5.423935925820536,5.124554785326232,0.4347538319975928,0.0,0.0,0,0
29.04,5.423935925820536,5.124554785326232,0.4347538319975928,0.0,0.0,0,0
29.060000000000002,5.423935925820536,5.124554785326232,0.4347538319975928,0.0,0.0,0,0
29.080000000000002,5.423935925820536,5.124554785326232,0.4347538319975928,0.0,0.0,0,0
29.1,5.423935925820536,5.124554785326232,0.4347538319975928,0.0,0.0,0,0
29.12,5.423935925820536,5.124554785326232,0.4347538319975928,0.0,0.0,0,0
29.14,5.431165937832892,5.127903436765161,0.43374362570228425,0.3983922067455909,-0.050510314765429214,0,0
29.16,5.431165937832892,5.127903436765161,0.43374362570228425,0.0,0.0,0,0
29.18,5.431165937832892,5.127903436765161,0.43374362570228425,0.0,0.0,0,0
29.2,5.431165937832892,5.127903436765161,0.43374362570228425,0.0,0.0,0,0
29.22,5.431165937832892,5.127903436765161,0.43374362570228425,0.0,0.0,0,0
29.240000000000002,5.431165937832892,5.127903436765161,0.43374362570228425,0.0,0.0,0,0
29.26,5.431165937832892,5.127903436765161,0.43374362570228425,0.0,0.0,0,0
29.28,5.431165937832892,5.127903436765161,0.43374362570228425,0.0,0.0,0,0
29.3,5.43840134930555,5.131246410067535,0.43281247961306657,0.3985180349716032,-0.04655730446088424,0,0
29.32,5.43840134930555,5.131246410067535,0.43281247961306657,0.0,0.0,0,0
29.34,5.43840134930555,5.131246410067535,0.43281247961306657,0.0,0.0,0,0
29.36,5.43840134930555,5.131246410067535,0.43281247961306657,0.0,0.0,0,0
29.38,5.43840134930555,5.131246410067535,0.43281247961306657,0.0,0.0,0,0
29.400000000000002,5.43840134930555,5.131246410067535,0.43281247961306657,0.0,0.0,0,0
29.42,5.43840134930555,5.131246410067535,0.43281247961306657,0.0,0.0,0,0
29.44,5.4456416315491305,5.134584060991379,0.4319502053344058,0.39862764786250143,-0.04311371393303842,0,0
29.46,5.4456416315491305,5.134584060991379,0.4319502053344058,0.0,0.0,0,0
29.48,5.4456416315491305,5.134584060991379,0.4319502053344058,0.0,0.0,0,0
29.5,5.4456416315491305,5.134584060991379,0.4319502053344058,0.0,0.0,0,0
29.52,5.4456416315491305,5.134584060991379,0.4319502053344058,0.0,0.0,0,0
29.54,5.4456416315491305,5.134584060991379,0.4319502053344058,0.0,0.0,0,0
29.560000000000002,5.4456416315491305,5.134584060991379,0.4319502053344058,0.0,0.0,0,0
29.580000000000002,5.452886504814557,5.13791684531318,0.43115498820696735,0.3987343726333683,-0.03976085637192339,0,0
29.6,5.452886504814557,5.13791684531318,0.43115498820696735,0.0,0.0,0,0
29.62,5.452886504814557,5.13791684531318,0.43115498820696735,0.0,0.0,0,0
29.64,5.452886504814557,5.13791684531318,0.43115498820696735,0.0,0.0,0,0
29.66,5.452886504814557,5.13791684531318,0.43115498820696735,0.0,0.0,0,0
29.68,5.452886504814557,5.13791684531318,0.43115498820696735,0.0,0.0,0,0
29.7,5.452886504814557,5.13791684531318,0.43115498820696735,0.0,0.0,0,0
29.72,5.46013569641791,5.141245206793015,0.4304250178418084,0.39883821608074366,-0.03649851825794603,0,0
29.740000000000002,5.46013569641791,5.141245206793015,0.4304250178418084,0.0,0.0,0,0
29.76,5.46013569641791,5.141245206793015,0.4304250178418084,0.0,0.0,0,0
29.78,5.46013569641791,5.141245206793015,0.4304250178418084,0.0,0.0,0,0
29.8,5.46013569641791,5.141245206793015,0.4304250178418084,0.0,0.0,0,0
29.82,5.46013569641791,5.141245206793015,0.4304250178418084,0.0,0.0,0,0
29.84,5.46013569641791,5.141245206793015,0.4304250178418084,0.0,0.0,0,0
29.86,5.46738894065093,5.144569577140171,0.42975848965031727,0.3989391874361408,-0.03332640957455757,0,0
29.88,5.46738894065093,5.144569577140171,0.42975848965031727,0.0,0.0,0,0
29.900000000000002,5.46738894065093,5.144569577140171,0.42975848965031727,0.0,0.0,0,0
29.92,5.46738894065093,5.144569577140171,0.42975848965031727,0.0,0.0,0,0
29.94,5.46738894065093,5.144569577140171,0.42975848965031727,0.0,0.0,0,0
29.96,5.46738894065093,5.144569577140171,0.42975848965031727,0.0,0.0,0,0
29.98,5.46738894065093,5.144569577140171,0.42975848965031727,0.0,0.0,0,0
