timestamp_s,robot_x,robot_y,robot_heading,linear_vel_mps,angular_vel_radps,yielding_state,active_tether_count
0.0,0.5074083912865862,1.0001374110708292,0.018545904360032246,0.37048327646991336,0.9272952180016122,0,3
0.02,0.5148363018293822,1.0004076405934075,0.03636425035900641,0.3716412215654157,0.8909172999487079,0,3
0.04,0.5222807137242388,1.000806175130492,0.053483668980449456,0.37275359903537897,0.8559709310721525,0,3
0.06,0.529738883906565,1.0013285892203634,0.06993165727396808,0.3738222135916889,0.8223994146759315,0,3
0.08,0.5372083237464285,1.0019705525082168,0.08573462389673905,0.3748487974646977,0.7901483311385483,0,3
0.1,0.544686779838291,1.002727835415881,0.10091793276955358,0.3758350134040054,0.7591654436407262,0,3
0.12,0.5521722159572419,1.0035963135302997,0.11550594493038793,0.37678245754718537,0.7294006080417176,0,3
0.14,0.5596627961464543,1.0045719708726346,0.1295220586644338,0.377692662162884,0.7008056867022938,0,3
0.16,0.5671568688952734,1.005650902192858,0.1429887479857026,0.3785670982743723,0.6733344660634404,0,3
0.18,0.574652952363553,1.0068293144191784,0.1559275995417054,0.3794071781692989,0.6469425778001404,0,3
0.2,0.5821497206053226,1.0081035273775516,0.1683593480092938,0.3802142578010821,0.621587423379421,0,3
0.22,0.5896459907433593,1.0094699738837347,0.18030391004651528,0.38098963908708405,0.5972281018610731,0,3
0.24,0.5971407110455786,1.010925199298791,0.19178041686227862,0.3817345721084344,0.5738253407881668,0,3
0.26,0.6046329498541683,1.0124658606285224,0.202807245462732,0.38245025721610765,0.5513414300226684,0,3
0.28,0.6121218853189487,1.0140887252379296,0.21340204863051593,0.38313784704761517,0.5297401583891974,0,3
0.3,0.6196067958874153,1.0157906692433833,0.22358178369045992,0.38379844845844047,0.5089867529972001,0,3
0.32,0.6270870515052264,1.0175686756376388,0.2333627401128331,0.3844331243721289,0.48904782111865824,0,3
0.34,0.6345621054824488,1.0194198321960817,0.24276056600293014,0.3850428955527406,0.469891294504853,0,3
0.36,0.6420314869826014,1.0213413292065692,0.2517902935235651,0.3856287423031802,0.45148637603174796,0,3
0.38,0.6494947940933841,1.0233304570598596,0.26046636329494954,0.38619160609273995,0.43380348856922274,0,3
0.4,0.6569516874399116,1.0253846037328478,0.26880264781444413,0.38673239111701996,0.41681422597472984,0,3
0.42,0.6644018843032301,1.0275012521925806,0.27681247393678343,0.3872519657932311,0.4004913061169655,0,3
0.44,0.6718451532088755,1.0296779777452612,0.2845086444535809,0.3877511641937359,0.38480852583987124,0,3
0.46,0.6792813089521896,1.0319124453511228,0.2919034588092156,0.38823078742053835,0.3697407177817347,0,3
0.48,0.6867102080290381,1.034202406923102,0.2990087329885825,0.3886916049233055,0.35526370896834547,0,3
0.5,0.6941317444424534,1.0365456986246406,0.30583581861064485,0.38913435576337174,0.3413542811031168,0,3
0.52,0.7015458458575449,1.0389402381796609,0.31239562126026094,0.3895597498260629,0.3279901324808048,0,3
0.54,0.7089524700787734,1.0413840222057287,0.31869861808936045,0.38996846898356274,0.31514984145497615,0,3
0.56,0.7163516018253648,1.0438751235796657,0.3247548747172142,0.39036116821044026,0.302812831392687,0,3
0.58,0.7237432497822431,1.0464116888433022,0.3305740614582737,0.3907384766538556,0.2909593370529767,0,3
0.6,0.7311274439053872,1.0489919356557176,0.3361654689048485,0.39110099866036796,0.2795703723287378,0,3
0.62,0.7385042329619625,1.0516141502971208,0.3415380228907351,0.3914493147611809,0.2686276992943285,0,3
0.64,0.7458736822869457,1.0542766852284937,0.34670029886081394,0.39178398261757447,0.25811379850394145,0,3
0.66,0.7532358717392474,1.0569779567102224,0.35166053567057914,0.392105537928195,0.24801184048825953,0,3
0.68,0.7605908938415561,1.0597164424821608,0.3564266488385652,0.39241449529979655,0.23830565839930118,0,3
0.7000000000000001,0.7679388520892592,1.0624906795069002,0.36100624327367753,0.3927113490829573,0.22897972175561876,0,3
0.72,0.7752798594148708,1.0652992617774395,0.36540662549852054,0.39299657417422523,0.22001911124215012,0,3
0.74,0.7826140367953928,1.0681408381899484,0.3696348153889416,0.3932706267860831,0.21140949452105362,0,3
0.76,0.7899415119909695,1.0710141104818989,0.3736975574491774,0.39353394518606133,0.20313710301178833,0,3
0.78,0.7972624184040711,1.0739178312354696,0.377601331641188,0.39378695040626943,0.1951887096005296,0,3
0.8,0.8045768940492505,1.076850801945829,0.38135236378600307,0.39403004692456084,0.18755160724075526,0,3
0.8200000000000001,0.8118850806242797,1.079811871153641,0.3849566355541729,0.3942636233184921,0.18021358840849133,0,3
0.84,0.8191871226741719,1.082799932640925,0.38841989406171873,0.3944880528931903,0.17316292537728917,0,3
0.86,0.826483166840254,1.085813923689222,0.3917476610873087,0.3947036942841915,0.16638835127949736,0,3
0.88,0.8337733611870606,1.0888528233988772,0.39494524192574537,0.3949108920362688,0.159879041921833,0,3
0.9,0.8410578546003846,1.0919156510681307,0.39801773389223755,0.39510997715922636,0.15362459832460917,0,3
0.92,0.8483367962503456,1.095001464630614,0.4009700344913432,0.3953012676615917,0.14761502995528322,0,3
0.9400000000000001,0.8556103351138183,1.0981093591497848,0.40380684926390764,0.3954850690631026,0.14184073862822222,0,3
0.96,0.8628786195510156,1.1012384653687712,0.40653269932478303,0.3956616748868434,0.13629250304376983,0,3
0.98,0.8701417969314361,1.1043879483140715,0.4091519286035995,0.3958313671318534,0.13096146394082284,0,3
1.0,0.8774000133047695,1.1075570059515176,0.4116687108003636,0.3959944167269931,0.125839109838206,0,3
1.02,0.88465341311271,1.1107448678929142,0.41408705606718677,0.3961510839668221,0.12091726334115882,0,3
1.04,0.8919021389379562,1.1139507941517497,0.4164108174269915,0.3963016189302114,0.11618806799023486,0,3
1.06,0.8991463312869801,1.1171740739463922,0.4186436969396085,0.3964462618823838,0.11164397563085149,0,3
1.08,0.906386128403426,1.120414024549191,0.42078925162526104,0.3965852436610443,0.10727773428262521,0,3
1.1,0.913621666109264,1.123669990179924,0.42285089915503077,0.39671878604723954,0.10308237648848617,0,3
1.12,0.9208530776710536,1.1269413409420597,0.42483192331751857,0.39684710212155583,0.09905120812439061,0,3
1.1400000000000001,0.928080493688902,1.1302274718003238,0.42673547927054317,0.3969703966062414,0.09517779765122913,0,3
1.16,0.9353040420058966,1.1335278015980987,0.42856459858636886,0.3970888661938148,0.09145596579128557,0,3
1.18,0.9425238476359843,1.136841772113212,0.4303221940986152,0.39720269986269857,0.08787977561231919,0,3
1.2,0.9497400327084391,1.1401688471507097,0.43201106455867583,0.3973120791803948,0.08444352300302949,0,3
1.22,0.956952716427218,1.143508511671246,0.4336338991091624,0.39741717859469755,0.08114172752432734,0,3
1.24,0.9641620150436542,1.1468602709537596,0.43519328158159165,0.3975181657134203,0.07796912362146169,0,3
1.26,0.9713680418410671,1.1502236497911449,0.4366916946252449,0.3976152015730922,0.07492065218266086,0,3
1.28,0.9785709071299958,1.1535981917176668,0.4381315236738554,0.3977084408970634,0.07199145243052485,0,3
1.3,0.9857707182528737,1.1569834582669078,0.4395150607565146,0.3977980323434385,0.06917685413295926,0,3
1.32,0.9929675795970662,1.1603790282590745,0.44084450815893417,0.3978841187432425,0.06647237012097817,0,3
1.34,1.0001615926152942,1.1637844971165283,0.44212198194095825,0.3979668373292057,0.06387368910120439,0,3
1.36,1.007352855852547,1.1671994762064488,0.44334951531598615,0.3980463199555403,0.061376668751396024,0,3
1.3800000000000001,1.0145414649786744,1.1706235922095691,0.4445290618977419,0.3981226933090643,0.05897732908778608,0,3
1.4000000000000001,1.0217275128259198,1.1740564865139678,0.44566249881961145,0.39819607911201604,0.05667184609347742,0,3
1.42,1.0289110894307276,1.1774978146329311,0.44675162973156274,0.3982665943168877,0.05445654559756485,0,3
1.44,1.0360922820792142,1.1809472456459413,0.4477981876794641,0.3983343512935939,0.052327897395067935,0,3
1.46,1.0432711753557566,1.1844044616618778,0.4488038378714272,0.3983994580092776,0.050282509598154834,0,3
1.48,1.0504478511941993,1.1878691573035545,0.4497701803356176,0.398462018201045,0.0483171232095203,0,3
1.5,1.0576223889312324,1.191341039212746,0.45069875247380037,0.3985221315419081,0.04642860690913864,0,3
1.52,1.0647948653615353,1.194819825574893,0.4515910315147198,0.3985798938002038,0.04461395204597107,0,3
1.54,1.0719653547943224,1.1983052456627037,0.4524484368712505,0.39863539699274675,0.042870267826535476,0,3
1.56,1.0791339291109616,1.2017970393978983,0.4532723324051019,0.39868872953196216,0.04119477669256966,0,3
1.58,1.0863006578233738,1.2052949569303775,0.45406402860270856,0.39873997636723846,0.03958480988033319,0,3
1.6,1.0934656081329488,1.2087987582341173,0.4548247846657962,0.3987892191207248,0.03803780315437988,0,3
1.62,1.1006288449897432,1.2123082127191258,0.45555581051997474,0.3988365362177951,0.036551292708927874,0,3
1.6400000000000001,1.1077904311517515,1.2158230988588181,0.4562582687445791,0.3988820030123866,0.035122911230218934,0,3
1.6600000000000001,1.114950427244063,1.2193432038321974,0.4569332764268496,0.39892569190741645,0.0337503841135256,0,3
1.68,1.122108891817741,1.2228683231802473,0.4575819069434239,0.3989676724704696,0.03243152582871223,0,3
1.7,1.1292658814082805,1.2263982604759696,0.4582051916719939,0.3990080115449439,0.031164236428502745,0,3
1.72,1.1364214505935113,1.2299328270075227,0.4588041216358706,0.3990467733568318,0.029946498193832993,0,3
1.74,1.1435756520508429,1.2334718414739354,0.45937964908408846,0.3990840196173106,0.02877637241089459,0,3
1.76,1.1507285366137476,1.2370151296928948,0.4599326890095822,0.39911980962130506,0.027651996274684953,0,3
1.78,1.157880153327402,1.2405625243201255,0.4604641206078639,0.3991542003421824,0.02657157991408632,0,3
1.8,1.1650305495034112,1.2441138645798966,0.4609747886785378,0.3991872465227305,0.025533403533693932,0,3
1.82,1.172179770773561,1.2476689960062128,0.4614655049718938,0.39921900076256667,0.02453581466779986,0,3
1.84,1.1793278611425402,1.2512277701942613,0.46193704948273623,0.3992495136021158,0.02357722554212161,0,3
1.86,1.1864748630395938,1.2547900445617064,0.46239017169351704,0.3992788336032951,0.022656110539040597,0,3
1.8800000000000001,1.1936208173690748,1.2583556821194377,0.46282559176876265,0.39930700742703223,0.02177100376227925,0,3
1.9000000000000001,1.2007657635598634,1.2619245512513955,0.4632440017027048,0.39933407990774356,0.020920496697108045,0,3
1.92,1.2079097396136356,1.2654965255031092,0.46364606642195144,0.3993600941248905,0.020103235962331212,0,3
1.94,1.2150527821519654,1.2690714833786043,0.4640324248449602,0.3993850914717297,0.019317921150438403,0,3
1.96,1.2221949264622511,1.2726493081453407,0.4644036909000095,0.3994091117213668,0.018563302752465094,0,3
1.98,1.2293362065424613,1.2762298876468654,0.46476045450329406,0.3994321930902199,0.017838180164227557,0,3
2.0,1.2364766551446975,1.2798131141228697,0.46510328249870886,0.3994543722989945,0.01714139977074114,0,3
2.02,1.2436163038175785,1.2833988840363577,0.4654327195608238,0.39947568463126737,0.01647185310574728,0,3
2.04,1.2507551829474517,1.286987097907642,0.46574928906249186,0.399496163989774,0.015828475083401572,0,3
2.06,1.257893321798439,1.2905776601548955,0.4660534939084776,0.3995158429504886,0.015210242299289023,0,3
2.08,1.2650307485513295,1.2941704789409973,0.4663458173364385,0.3995347528145846,0.014616171398043278,0,3
2.1,1.272167490341333,1.2977654660264253,0.4666267236865376,0.3995529236583582,0.014045317504957298,0,3
2.12,1.2793035732947085,1.3013625366279507,0.46689665914091905,0.3995703843811944,0.013496772719070682,0,3
2.14,1.2864390225642854,1.3049616092829077,0.46715605243422553,0.3995871627516539,0.01296966466532301,0,3
2.16,1.2935738623638962,1.3085626057188162,0.4674053155362946,0.3996032854517529,0.012463155103453749,0,3
2.18,1.3007081160017382,1.3121654507281428,0.46764484430812303,0.39961877811950774,0.011976438591421723,0,3
2.2,1.3078418059126886,1.315770072047999,0.46787501913214713,0.3996336653898126,0.01150874120120482,0,3
2.22,1.3149749536895907,1.3193764002445796,0.46809620551784564,0.39964797093371457,0.011059319284925428,0,3
2.24,1.3221075801135347,1.3229843686021525,0.46830875468363214,0.3996617174961502,0.010627458289326097,0,3
2.2600000000000002,1.3292397051831566,1.326593913016421,0.46851300411596614,0.39967492693220336,0.01021247161669847,0,3
2.2800000000000002,1.336371348142977,1.3302049718920848,0.46870927810657503,0.39968762024194227,0.009813699530444198,0,3
2.3000000000000003,1.343502527510804,1.333817486044433,0.46889788826864537,0.39969981760389145,0.009430508103517199,0,3
2.32,1.350633261104221,1.3374313986048096,0.46907913403280665,0.3997115384071927,0.009062288208063096,0,3
2.34,1.3577635660661898,1.3410466549297995,0.4692533031236995,0.3997228012825058,0.008708454544642641,0,3
2.36,1.3648934588897814,1.3446632025139853,0.46942067201788923,0.3997336241316989,0.008368444709485834,0,3
2.38,1.372022955442071,1.3482809909061362,0.46958150638385493,0.3997440241563751,0.008041718298285148,0,3
2.4,1.3791520709872096,1.3518999716286926,0.46973606150475683,0.399754017885283,0.00772775604509468,0,3
2.42,1.3862808202087014,1.3555200981004145,0.46988458268465605,0.39976362120065206,0.007426058994959628,0,3
2.44,1.3934092172309092,1.359141325562072,0.47002730563883516,0.3997728493634972,0.0071361477089541,0,3
2.46,1.4005372756398087,1.3627636110050532,0.47016445686884223,0.3997817170379324,0.006857561500353659,0,3
2.48,1.4076650085030156,1.3663869131027806,0.47029625402285674,0.3997902383145315,0.006589857700726176,0,3
2.5,1.4147924283891067,1.3700111921448181,0.47042290624195204,0.3997984267327743,0.0063326109547646725,0,3
2.52,1.4219195473862578,1.3736364099735683,0.47054461449280677,0.399806295302614,0.006085412542737533,0,3
2.54,1.4290463771202184,1.3772625299234533,0.4706615718873962,0.3998138565251994,0.005847869729473598,0,3
2.56,1.4361729287716447,1.3808895167624866,0.470773963990173,0.39982112241278583,0.005619605138839301,0,3
2.58,1.4432992130928113,1.3845173366361347,0.47088196911322727,0.39982810450786666,0.005400256152713112,0,3
2.6,1.4504252404237215,1.3881459570133852,0.47098575859989716,0.3998348139015552,0.0051894743334942595,0,3
2.62,1.4575510207076359,1.3917753466349292,0.4710854970972816,0.3998412612512471,0.0049869248692224755,0,3
2.64,1.4646765635060381,1.3954054754633785,0.47118134281809015,0.39984745679759115,0.004792286040427808,0,3
2.66,1.4718018780130566,1.399036314635434,0.47127344779224717,0.3998534103807956,0.004605248707851173,0,3
2.68,1.4789269730693602,1.4026678364159324,0.47136195810865167,0.399859131456296,0.004425515820225878,0,3
2.7,1.4860518571755452,1.4063000141536925,0.47144701414747825,0.39986462910980936,0.004252801941328155,0,3
2.72,1.4931765385050328,1.4099328222390963,0.47152875080338913,0.39986991207179984,0.004086832795544892,0,3
2.74,1.5003010249164899,1.41356623606333,0.47160729770001375,0.3998749887313766,0.003927344831231472,0,3
2.7600000000000002,1.5074253239657933,1.4172002319792254,0.47168277939603703,0.3998798671496494,0.003774084801163702,0,3
2.7800000000000002,1.514549442917552,1.4208347872636342,0.4717553155832253,0.3998845550725595,0.0036268093594138406,0,3
2.8000000000000003,1.521673388756201,1.4244698800812796,0.47182502127670545,0.3998890599432099,0.0034852846740069943,0,3
2.82,1.5287971681966854,1.4281054894500222,0.47189200699780026,0.3998933889137119,0.0033492860547399417,0,3
2.84,1.535920787694744,1.431741595207488,0.47195637894971165,0.39989754885656836,0.0032185975955689727,0,3
2.86,1.543044253456812,1.4353781779790036,0.47201823918633157,0.3999015463756111,0.003093011830995085,0,3
2.88,1.5501675714495529,1.4390152191467889,0.47207768577444953,0.3999053878165108,0.002972329405898977,0,3
2.9,1.5572907474090323,1.4426527008203547,0.4721348129496155,0.39990907927687463,0.0028563587582981498,0,3
2.92,1.56441378684955,1.4462906058080607,0.472189711265906,0.39991262661594956,0.0027449158145222974,0,3
2.94,1.571536695072139,1.4499289175897878,0.4722424677398323,0.3999160354639453,0.002637823696316155,0,3
2.96,1.5786594771727445,1.4535676202906804,0.4722931659886205,0.3999193112309926,0.00253491243940962,0,3
2.98,1.5857821380500954,1.4572066986559167,0.47234188636308244,0.3999224591157509,0.0024360187230975106,0,3
3.0,1.5929046824132789,1.4608461380264661,0.47238870607529054,0.39992548411367945,0.0023409856104050775,0,3
3.02,1.6000271147890284,1.4644859243157982,0.47243369932125895,0.3999283910249838,0.002249662298420829,0,3
3.04,1.6071494395287351,1.4681260439875004,0.47247693739882696,0.3999311844622526,0.0021619038784006506,0,3
3.06,1.6142716608151957,1.471766484033774,0.4725184888209321,0.3999338688577947,0.002077571105257303,0,3
3.08,1.621393782669102,1.4754072319547715,0.4725584194244536,0.39993644847068915,0.0019965301760732634,0,3
3.1,1.6285158089552862,1.4790482757387413,0.47259679247479913,0.39993892739355996,0.001918652517276631,0,3
3.12,1.6356377433887266,1.4826896038429516,0.4726336687664021,0.3999413095590849,0.0018438145801478178,0,3
3.14,1.642759589540326,1.4863312051753588,0.47266910671928863,0.3999435987462505,0.0017718976443260592,0,3
3.16,1.64988135084247,1.4899730690769948,0.4727031624718687,0.3999457985863617,0.00170278762900411,0,3
3.18,1.6570030305943722,1.4936151853050421,0.47273588997009897,0.39994791256881634,0.0016363749115111403,0,3
3.2,1.6641246319672174,1.497257544016572,0.4727673410531588,0.39994994404665435,0.0015725541529919562,0,3
3.22,1.6712461580091054,1.500900135752919,0.472797565535777,0.39995189624188926,0.0015112241309086503,0,3
3.24,1.6783676116498083,1.5045429514246655,0.4728266112873389,0.3999537722506311,0.0014522875780930145,0,3
3.2600000000000002,1.6854889957053447,1.5081859822972148,0.4728545243079008,0.3999555750480095,0.0013956510280964671,0,3
3.2800000000000002,1.692610312882378,1.5118292199769279,0.47288134880123267,0.39995730749290304,0.0013412246665917005,0,3
3.3000000000000003,1.699731565782447,1.5154726563978034,0.47290712724500433,0.39995897233248523,0.0012889221885838964,0,3
3.3200000000000003,1.7068527569060343,1.519116283808677,0.4729319004582286,0.399960572206591,0.0012386606612116993,0,3
3.34,1.7139738886564784,1.5227600947609221,0.4729557076660668,0.39996210965191326,0.0011903603919127814,0,3
3.36,1.7210949633437342,1.5264040820966323,0.47297858656210173,0.3999635871060356,0.0011439448017466214,0,3
3.38,1.728215983187991,1.530048238937264,0.4730005733681752,0.3999650069113061,0.001099340303673646,0,3
3.4,1.7353369503231504,1.533692558672726,0.47302170289188705,0.3999663713185608,0.001056476185594235,0,3
3.42,1.7424578668001691,1.5373370349508921,0.4730420085818463,0.3999676824907009,0.001015284497964064,0,3
3.44,1.749578734590276,1.540981661667527,0.4730615225807624,0.3999689425061302,0.0009756999458035986,0,3
3.46,1.756699555588062,1.5446264329566037,0.47308027577646106,0.39997015336205793,0.0009376597849322099,0,3
3.48,1.763820331614453,1.5482713431810013,0.4730982978509063,0.39997131697767274,0.000901103722261376,0,3
3.5,1.7709410644195671,1.5519163869235644,0.473115617327306,0.3999724351971922,0.0008659738199868762,0,3
3.52,1.7780617556854628,1.555561558978514,0.4731322616153766,0.3999735097927933,0.0008322144035275425,0,3
3.54,1.7851824070287785,1.5592068543431923,0.4731482570548379,0.3999745424674281,0.0007997719730651333,0,3
3.56,1.7923030200032737,1.562852268210132,0.47316362895720876,0.3999755348575295,0.0007685951185443242,0,3
3.58,1.7994235961022689,1.566497795959434,0.47317840164596864,0.3999764885356111,0.0007386344379951559,0,3
3.6,1.8065441367609925,1.5701434331514432,0.47319259849514966,0.39997740501276513,0.0007098424590510355,0,3
3.62,1.8136646433588373,1.5737891755197122,0.47320624196642036,0.39997828574106337,0.0006821735635357262,0,3
3.64,1.8207851172215292,1.577435018964237,0.47321935364472034,0.39997913211586333,0.0006555839149984255,0,3
3.66,1.8279055596232117,1.5810809595449602,0.473231954272502,0.3999799454780249,0.0006300313890827969,0,3
3.68,1.83502597178845,1.5847269934755257,0.4732440637826344,0.3999807271160401,0.0006054755066200457,0,3
3.7,1.8421463548941586,1.5883731171172784,0.4732557013300211,0.3999814782680794,0.0005818773693361257,0,3
3.72,1.8492667100714517,1.5920193269734981,0.4732668853219826,0.39998220012395835,0.000559199598074489,0,3
3.74,1.8563870384074248,1.5956656196838597,0.4732776334474513,0.3999828938270269,0.0005374062734339048,0,3
3.7600000000000002,1.8635073409468648,1.5993119920191077,0.4732879627050258,0.39998356047598543,0.0005164628787264203,0,3
3.7800000000000002,1.8706276186938957,1.6029584408759407,0.4732978894299292,0.39998420112662925,0.0004963362451667619,0,3
3.8000000000000003,1.8777478726135592,1.6066049632720951,0.47330742931991326,0.3999848167935248,0.00047699449920468595,0,3
3.8200000000000003,1.8848681036333348,1.6102515563416204,0.4733165974601516,0.39998540845162117,0.0004584070119150186,0,3
3.84,1.8919883126446004,1.6138982173303393,0.47332540834715897,0.3999859770377976,0.00044054435036777756,0,3
3.86,1.8991085005040367,1.617544943591486,0.47333387591177695,0.399986523452351,0.0004233782308998846,0,3
3.88,1.9062286680349763,1.6211917325815135,0.47334201354126115,0.39998704856042533,0.00040688147421130694,0,3
3.9,1.9133488160287018,1.6248385818560656,0.4733498341005055,0.3999875531933852,0.0003910279622187929,0,3
3.92,1.9204689452456918,1.6284854890661056,0.47335734995243745,0.3999880381501349,0.0003757925965957032,0,3
3.94,1.9275890564168203,1.6321324519541969,0.4733645729776161,0.39998850419838744,0.0003611512589326571,0,3
3.96,1.9347091502445082,1.6357794683509281,0.4733715145930652,0.39998895207588236,0.0003470807724545999,0,3
3.98,1.94182922740383,1.6394265361714786,0.47337818577036994,0.39998938249155713,0.0003335588652362276,0,3
4.0,1.9489492885435786,1.6430736534123174,0.473384597053067,0.39998979612667207,0.00032056413485270774,0,3
4.0200000000000005,1.9560693342872884,1.6467208181480308,0.47339075857335533,0.3999901936358916,0.00030807601441473764,0,3
4.04,1.9631893652342174,1.6503680285282756,0.4733966800681539,0.39999057564832313,0.0002960747399289865,0,3
4.0600000000000005,1.9703093819602928,1.6540152827748487,0.47340237089453263,0.3999909427685155,0.00028454131893640433,0,3
4.08,1.977429385019019,1.6576625791788733,0.4734078400445401,0.399991295577418,0.0002734575003736639,0,3
4.1,1.9845493749423502,1.6613099160980942,0.47341309615945243,0.3999916346333025,0.00026280574561554637,0,3
4.12,1.9916693522415296,1.6649572919542779,0.47341814754346534,0.3999919604726489,0.00025256920064631316,0,3
4.14,1.9987893174078954,1.6686047052307158,0.47342300217685174,0.39999227361099654,0.0002427316693212056,0,3
4.16,2.005909270913656,1.6722521544698232,0.4734276677286051,0.39999257454376197,0.00023327758767011098,0,3
4.18,2.0130292132126346,1.6758996382708338,0.4734321515685893,0.3999928637470249,0.0002241919992083119,0,3
4.2,2.020149144740985,1.6795471552875825,0.47343646077921353,0.39999314167828337,0.00021546053121035413,0,3
4.22,2.0272690659178787,1.6831947042263757,0.47344060216665174,0.3999934087771795,0.00020706937191139474,0,3
4.24,2.0343889771461683,1.686842283843945,0.4734445822716237,0.39999366546619686,0.00019900524859928215,0,3
4.26,2.041508878813021,1.6904898929454795,0.473448407379755,0.3999939121513305,0.00019125540656383944,0,3
4.28,2.04862877129053,1.6941375303827364,0.4734520835315324,0.3999941492227308,0.0001838075888674906,0,3
4.3,2.055748654936301,1.6977851950522245,0.4734556165318705,0.3999943770553224,0.00017665001690669868,0,3
4.32,2.0628685300940175,1.7014328858934586,0.4734590119593052,0.3999945960093987,0.00016977137173290746,0,3
4.34,2.069988397093981,1.7050806018872828,0.47346227517482725,0.3999948064311929,0.00016316077610389892,0,3
4.36,2.0771082562536343,1.7087283420542578,0.47346541133037195,0.3999950086534276,0.00015680777723570125,0,3
4.38,2.0842281078780607,1.7123761054531128,0.47346842537697653,0.3999952029958418,0.0001507023302287358,0,3
4.4,2.091347952260466,1.7160238911792562,0.4734713220726194,0.39999538976569815,0.00014483478214133427,0,3
4.42,2.0984677896826405,1.7196716983633462,0.4734741059897531,0.3999955692582701,0.00013919585668642487,0,3
4.44,2.1055876204154047,1.7233195261699155,0.4734767815225436,0.3999957417573099,0.00013377663952440777,0,3
4.46,2.112707444719035,1.7269673737960503,0.4734793528938262,0.39999590753549846,0.00012856856413157036,0,3
4.48,2.1198272628436747,1.7306152404701216,0.47348182416179063,0.3999960668548776,0.00012356339822172657,0,3
4.5,2.12694707502973,1.734263125450565,0.47348419922640456,0.39999621996726537,0.00011875323069499011,0,3
4.5200000000000005,2.1340668815082466,1.7379110280247079,0.47348648183558656,0.39999636711465536,0.0001141304591002479,0,3
4.54,2.1411866825012775,1.741558947507644,0.4734886755911383,0.3999965085296001,0.00010968777758590953,0,3
4.5600000000000005,2.14830647822223,1.7452068832411505,0.47349078395444466,0.3999966444355796,0.00010541816531928205,0,3
4.58,2.155426268876205,1.748854834592647,0.4734928102519519,0.39999677504735554,0.00010131487536158001,0,3
4.6000000000000005,2.162546054660319,1.752502800954196,0.4734947576804314,0.3999969005713117,9.737142397581167e-05,0,3
4.62,2.169665835764014,1.7561507817415438,0.47349662931203845,0.39999702120578096,9.358158035210895e-05,0,3
4.64,2.1767856123693607,1.7597987763931948,0.47349842809917314,0.3999971371413594,8.99393567352913e-05,0,3
4.66,2.18390538465134,1.7634467843695258,0.47350015687915187,0.39999724856120866,8.643899893701068e-05,0,3
4.68,2.191025152778123,1.767094805151933,0.47350181837869626,0.39999735564134564,8.307497721959933e-05,0,3
4.7,2.198144916911334,1.770742838242013,0.47350341521824696,0.39999745855092184,7.98419775349668e-05,0,3
4.72,2.2052646772063076,1.7743908831607742,0.4735049499161091,0.39999755745249094,7.673489310611181e-05,0,3
4.74,2.212384433812332,1.7780389394478817,0.47350642489243583,0.3999976525022666,7.37488163374822e-05,0,3
4.76,2.219504186872884,1.7816870066609294,0.47350784247305666,0.3999977438503697,7.087903104141535e-05,0,3
4.78,2.2266239365258573,1.7853350843747409,0.473509204893156,0.3999978316410662,6.812100496700335e-05,0,3
4.8,2.2337436829037784,1.7889831721806984,0.4735105143008085,0.3999979160129959,6.54703826227232e-05,0,3
4.82,2.2408634261340157,1.7926312696860973,0.47351177276037604,0.39999799709939143,6.292297837762195e-05,0,3
4.84,2.2479831663389813,1.796279376513526,0.4735129822557727,0.39999807502828977,6.047476983261913e-05,0,3
4.86,2.2551029036363226,1.79992749230027,0.4735141446936017,0.39999814992273475,5.812189145060209e-05,0,3
4.88,2.2622226381391095,1.8035756166977384,0.47351526190617044,0.3999982219009721,5.586062843543349e-05,0,3
4.9,2.2693423699560107,1.8072237493709145,0.47351633565438744,0.3999982910766363,5.368741084932349e-05,0,3
4.92,2.276462099191467,1.8108718899978267,0.47351736763054664,0.3999983575589311,5.159880796079542e-05,0,3
4.94,2.2835818259458547,1.8145200382690394,0.4735183594610029,0.39999842145280184,4.959152281214241e-05,0,3
4.96,2.2907015503156436,1.8181681938871654,0.4735193127087429,0.3999984828591019,4.76623870006021e-05,0,3
4.98,2.297821272393551,1.8218163565663958,0.47352022887585615,0.3999985418747523,4.5808355662146916e-05,0,3
5.0,2.3049409922686857,1.8254645260320495,0.4735211094059092,0.3999985985928952,4.402650265078467e-05,0,3
5.0200000000000005,2.312060710026689,1.8291127020201388,0.47352195568622735,0.3999986531030413,4.231401590759632e-05,0,3
5.04,2.3191804257498703,1.8327608842769534,0.4735227690500875,0.39999870549121125,4.0668193008852604e-05,0,3
5.0600000000000005,2.3263001395173375,1.8364090725586601,0.4735235507788253,0.3999987558400723,3.908643688943503e-05,0,3
5.08,2.3334198514051194,1.8400572666309174,0.47352430210385993,0.39999880422906875,3.756625173156891e-05,0,3
5.1000000000000005,2.340539561486287,1.8437054662685062,0.47352502420864023,0.39999885073454783,3.6105239016093194e-05,0,3
5.12,2.347659269831069,1.847353671254974,0.47352571823051476,0.3999988954298806,3.4701093725275634e-05,0,3
5.14,2.354778976506962,1.8510018813822942,0.4735263852625287,0.3999989383855778,3.335160069772858e-05,0,3
5.16,2.3618986815788365,1.8546500964505366,0.47352702635515115,0.3999989796694017,3.205463112032625e-05,0,3
5.18,2.3690183851090394,1.858298316267553,0.4735276425179344,0.39999901934647303,3.080813916200853e-05,0,3
5.2,2.3761380871574924,1.8619465406486742,0.4735282347211091,0.3999990574793743,2.961015873648165e-05,0,3
5.22,2.3832577877817864,1.8655947694164179,0.47352880389711693,0.3999990941282487,2.8458800390929184e-05,0,3
5.24,2.3903774870372723,1.8692430024002091,0.47352935094208326,0.3999991293508951,2.7352248317624728e-05,0,3
5.26,2.397497184977148,1.8728912394361115,0.4735298767172329,0.39999916320285983,2.6288757481895964e-05,0,3
5.28,2.404616881652541,1.876539480366568,0.4735303820502501,0.399999195737524,2.526665086077795e-05,0,3
5.3,2.4117365771125923,1.8801877250401535,0.4735308677365859,0.3999992270061886,2.4284316791134408e-05,0,3
5.32,2.4188562714045303,1.883835973311335,0.47353133454071433,0.3999992570581551,2.3340206420363607e-05,0,3
5.34,2.4259759645737464,1.8874842250402424,0.47353178319733946,0.3999992859408036,2.2432831257246377e-05,0,3
5.36,2.4330956566638675,1.8911324800924485,0.4735322144125558,0.39999931369966785,2.1560760816718982e-05,0,3
5.38,2.4402153477168236,1.8947807383387565,0.47353262886496295,0.3999993403785072,2.0722620359459043e-05,0,3
5.4,2.4473350377729135,1.8984289996549963,0.4735330272067373,0.39999936601937575,1.991708871651454e-05,0,3
5.42,2.45445472687087,1.9020772639218293,0.4735334100646613,0.3999993906626889,1.9142896201418406e-05,0,3
5.44,2.4615744150479184,1.9057255310245598,0.47353377804111335,0.3999994143472872,1.839882260179504e-05,0,3
5.46,2.4686941023398377,1.909373800852954,0.4735341317150184,0.39999943711049774,1.7683695251347054e-05,0,3
5.48,2.4758137887810148,1.913022073301067,0.47353447164276186,0.39999945898819333,1.6996387174006422e-05,0,3
5.5,2.4829334744044997,1.9166703482670753,0.473534798359068,0.399999480014849,1.6335815304691078e-05,0,3
5.5200000000000005,2.490053159242058,1.9203186256531164,0.47353511237784346,0.39999950022359654,1.570093877534262e-05,0,3
5.54,2.497172843324219,1.9239669053651347,0.4735354141929889,0.3999995196462771,1.5090757271130073e-05,0,3
5.5600000000000005,2.504292526680326,1.9276151873127332,0.47353570427917785,0.3999995383134911,1.4504309447938013e-05,0,3
5.58,2.5114122093385816,1.931263471409031,0.47353598309260614,0.3999995562546469,1.3940671414580663e-05,0,3
5.6000000000000005,2.5185318913260915,1.934911757570527,0.47353625107171154,0.3999995734980073,1.3398955271304303e-05,0,3
5.62,2.5256515726689077,1.9385600457169674,0.47353650863786567,0.399999590070734,1.2878307707464565e-05,0,3
5.64,2.53277125339207,1.9422083357712197,0.47353675619603874,0.3999996059989306,1.2377908652605463e-05,0,3
5.66,2.5398909335196436,1.9458566276591516,0.47353699413543837,0.39999962130768396,1.1896969981495253e-05,0,3
5.68,2.547010613074759,1.9495049213095137,0.4735372228301237,0.3999996360211037,1.143473426779007e-05,0,3
5.7,2.5541302920796487,1.9531532166538275,0.47353744263959546,0.39999965016236033,1.0990473587990657e-05,0,3
5.72,2.561249970555679,1.9568015136262775,0.47353765390936287,0.3999996637537219,1.0563488371473362e-05,0,3
5.74,2.5683696485233867,1.9604498121636078,0.47353785697148876,0.3999996768165891,1.0153106295263115e-05,0,3
5.76,2.575489326002511,1.9640981122050218,0.4735380521451132,0.39999968937152913,9.758681221549992e-06,0,3
5.78,2.5826090030120223,1.9677464136920875,0.47353823973695675,0.39999970143830815,9.379592177838347e-06,0,3
5.8,2.5897286795701557,1.9713947165686445,0.47353842004180424,0.3999997130359226,9.015242375398635e-06,0,3
5.82,2.596848355694436,1.9750430207807161,0.4735385933429696,0.39999972418262897,8.665058267576242e-06,0,3
5.84,2.6039680314017084,1.9786913262764245,0.47353875991274247,0.3999997348959728,8.328488642961318e-06,0,3
5.86,2.611087706708162,1.9823396330059087,0.4735389200128176,0.39999974519281656,8.005003755862106e-06,0,3
5.88,2.6182073816293583,1.985987940921246,0.4735390738947074,0.3999997550893659,7.694094489085757e-06,0,3
5.9,2.6253270561802524,1.9896362499763771,0.4735392218001384,0.39999976460119546,7.3952715509140185e-06,0,3
5.92,2.63244673037522,1.9932845601270333,0.4735393639614324,0.39999977374327345,7.108064700944717e-06,0,3
5.94,2.639566404228077,1.9969328713306667,0.4735395006018726,0.3999997825299852,6.832022009795047e-06,0,3
5.96,2.6466860777521033,2.000581183546383,0.47353963193605547,0.39999979097515603,6.5667091438959e-06,0,3
5.98,2.6538057509600623,2.004229496734878,0.4735397581702291,0.39999979909207284,6.3117086804842515e-06,0,3
6.0,2.660925423864222,2.0078778108583757,0.47353987950261806,0.3999998068935054,6.066619448907851e-06,0,3
6.0200000000000005,2.668045096476374,2.011526125880567,0.473539996123736,0.3999998143917261,5.831055897353998e-06,0,3
6.04,2.67516476880785,2.015174441766555,0.4735401082166857,0.39999982159852976,5.6046474837812e-06,0,3
6.0600000000000005,2.682284440869544,2.018822758482799,0.4735402159574475,0.39999982852525184,5.3870380914977645e-06,0,3
6.08,2.6894041126719253,2.022471075997062,0.47354031951515685,0.39999983518278664,5.177885467610999e-06,0,3
6.1000000000000005,2.696523784225057,2.0261193942783597,0.4735404190523705,0.3999998415816043,4.97686068168246e-06,0,3
6.12,2.703643455538611,2.029767713296912,0.47354051472532266,0.39999984773176744,4.7836476082530055e-06,0,3
6.140000000000001,2.710763126621884,2.0334160330240953,0.4735406066841712,0.399999853642947,4.597942426576296e-06,0,3
6.16,2.7178827974838113,2.0370643534323998,0.47354069507323404,0.3999998593244374,4.419453142667784e-06,0,3
6.18,2.725002468132981,2.040712674495383,0.4735407800312166,0.39999986478517124,4.247899127007847e-06,0,3
6.2,2.7321221385776484,2.0443609961876317,0.47354086169143006,0.3999998700337337,4.08301067333916e-06,0,3
6.22,2.7392418088257475,2.0480093184847186,0.4735409401820015,0.3999998750783757,3.924528572674113e-06,0,3
6.24,2.7463614788849045,2.0516576413631658,0.4735410156260756,0.39999987992702685,3.7722037038445677e-06,0,3
6.26,2.753481148762449,2.055305964800408,0.4735410881420084,0.3999998845873084,3.625796641482104e-06,0,3
6.28,2.7606008184654263,2.0589542887747565,0.47354115784355394,0.3999998890665448,3.4850772777650367e-06,0,3
6.3,2.767720488000608,2.062602613265365,0.47354122484004313,0.39999989337177577,3.349824460041617e-06,0,3
6.32,2.7748401573745034,2.0662509382521974,0.473541289236556,0.3999998975097667,3.2198256411097863e-06,0,3
6.34,2.7819598265933685,2.0698992637159956,0.4735413511340869,0.3999999014870199,3.094876545373104e-06,0,3
6.36,2.789079495663216,2.0735475896382494,0.47354141062970384,0.3999999053097848,2.974780845543812e-06,0,3
6.38,2.796199164589826,2.0771959160011684,0.4735414678167009,0.39999990898406734,2.8593498543338924e-06,0,3
6.4,2.8033188333787535,2.0808442427876526,0.47354152278474543,0.3999999125156401,2.748402225360991e-06,0,3
6.42,2.8104385020353386,2.084492569981266,0.4735415756200188,0.39999991591005074,2.6417636690423407e-06,0,3
6.44,2.8175581705647135,2.0881408975662117,0.47354162640535236,0.39999991917263134,2.5392666762602545e-06,0,3
6.46,2.824677838971811,2.0917892255273056,0.47354167522035745,0.39999992230850645,2.44075025546131e-06,0,3
6.48,2.8317975072613732,2.095437553849954,0.473541722141551,0.3999999253226011,2.3460596781932352e-06,0,3
6.5,2.8389171754379574,2.0990858825201295,0.4735417672424757,0.3999999282196489,2.255046235744018e-06,0,3
6.5200000000000005,2.8460368435059444,2.1027342115243495,0.4735418105938158,0.3999999310041994,2.167567004218718e-06,0,3
6.54,2.8531565114695447,2.1063825408496553,0.4735418522635082,0.3999999336806248,2.0834846197193002e-06,0,3
6.5600000000000005,2.8602761793328058,2.1100308704835906,0.47354189231684946,0.3999999362531276,2.002667061851149e-06,0,3
6.58,2.8673958470996177,2.113679200414184,0.47354193081659834,0.3999999387257465,1.9249874457782923e-06,0,3
6.6000000000000005,2.8745155147737194,2.1173275306299275,0.4735419678230748,0.3999999411023635,1.8503238221612153e-06,0,3
6.62,2.881635182358705,2.1209758611197613,0.47354200339425445,0.3999999433867092,1.7785589845331629e-06,0,3
6.640000000000001,2.8887548498580298,2.124624191873054,0.47354203758586016,0.3999999455823694,1.709580285558232e-06,0,3
6.66,2.8958745172750135,2.128272522879588,0.47354207045144936,0.39999994769279024,1.643279459173641e-06,0,3
6.68,2.902994184612848,2.131920854129541,0.47354210204249836,0.399999949721284,1.5795524497264068e-06,0,3
6.7,2.9101138518746015,2.135569185613473,0.47354213240848336,0.3999999516710339,1.5182992488815825e-06,0,3
6.72,2.917233519063222,2.1392175173223102,0.4735421615969581,0.39999995354509965,1.4594237371934327e-06,0,3
6.74,2.924353186181545,2.142865849247331,0.47354218965362876,0.3999999553464218,1.4028335332261221e-06,0,3
6.76,2.931472853232294,2.146514181380153,0.47354221662242574,0.39999995707782654,1.3484398482255244e-06,0,3
6.78,2.9385925202180885,2.1501625137127176,0.47354224254557264,0.3999999587420303,1.2961573457870303e-06,0,3
6.8,2.9457121871414453,2.1538108462372807,0.4735422674636528,0.39999996034164376,1.2459040080736727e-06,0,3
6.82,2.952831854004784,2.157459178946398,0.47354229141567294,0.399999961879176,1.1976010060310571e-06,0,3
6.84,2.95995152081043,2.1611075118329137,0.4735423144391245,0.39999996335703886,1.1511725755974922e-06,0,3
6.86,2.9670711875606193,2.1647558448899504,0.47354233657004247,0.39999996477755007,1.1065458990211496e-06,0,3
6.88,2.9741908542575,2.1684041781108974,0.47354235784306226,0.3999999661429375,1.063650989618914e-06,0,3
6.9,2.981310520903138,2.1720525114894005,0.4735423782914739,0.39999996745534216,1.0224205808651021e-06,0,3
6.92,2.9884301874995183,2.1757008450193522,0.4735423979472743,0.39999996871682203,9.827900220304997e-07,0,3
6.94,2.9955498540485492,2.1793491786948818,0.47354241684121784,0.399999969929355,9.446971755977529e-07,0,3
6.96,3.002669520552065,2.1829975125103465,0.47354243500286425,0.3999999710948421,9.080823194507203e-07,0,3
6.98,3.009789187011829,2.1866458464603222,0.4735424524606253,0.39999997221511036,8.728880530606276e-07,0,3
7.0,3.0169088534295363,2.190294180539596,0.4735424692418095,0.39999997329191594,8.390592076690241e-07,0,3
7.0200000000000005,3.0240285198068153,2.1939425147431564,0.47354248537266463,0.3999999743269467,8.065427579140305e-07,0,3
7.04,3.031148186145232,2.1975908490661866,0.4735425008784194,0.3999999753218248,7.752877405620141e-07,0,3
7.0600000000000005,3.0382678524462916,2.201239183504057,0.47354251578332285,0.39999997627810946,7.452451724621056e-07,0,3
7.08,3.045387518711441,2.204887518052317,0.4735425301106823,0.3999999771972992,7.163679743849016e-07,0,3
7.1000000000000005,3.0525071849420713,2.208535852706689,0.47354254388290024,0.3999999780808344,6.886108974146766e-07,0,3
7.12,3.0596268511395186,2.2121841874630617,0.4735425571215092,0.3999999789300994,6.619304500077305e-07,0,3
7.140000000000001,3.0667465173050683,2.215832522317483,0.4735425698472059,0.39999997974642476,6.362848321561643e-07,0,3
7.16,3.0738661834399554,2.219480857266153,0.4735425820798832,0.39999998053108937,6.116338669981403e-07,0,3
7.18,3.0809858495453675,2.223129192305421,0.473542593838662,0.3999999812853223,5.879389399776613e-07,0,3
7.2,3.0881055156224453,2.226777527431777,0.4735426051419207,0.39999998201030507,5.651629363390143e-07,0,3
7.22,3.095225181672286,2.230425862641847,0.4735426160073244,0.39999998270717296,5.432701837282394e-07,0,3
7.24,3.1023448476959445,2.2340741979323884,0.4735426264518523,0.3999999833770176,5.222263959048234e-07,0,3
7.26,3.109464513694434,2.2377225333002833,0.47354263649182465,0.3999999840208877,5.019986185628156e-07,0,3
7.28,3.1165841796687292,2.241370868742536,0.47354264614292824,0.39999998463979164,4.825551783715909e-07,0,3
7.3,3.1237038456197666,2.245019204256266,0.4735426554202409,0.3999999852346984,4.638656316835465e-07,0,3
7.32,3.130823511548446,2.248667539838705,0.47354266433825526,0.39999998580653934,4.4590071823780164e-07,0,3
7.34,3.1379431774556337,2.252315875487192,0.4735426729109015,0.3999999863562097,4.2863231408674096e-07,0,3
7.36,3.145062843342161,2.2559642111991685,0.4735426811515693,0.3999999868845699,4.1203338851936167e-07,0,3
7.38,3.1521825092088274,2.259612546972176,0.47354268907312846,0.39999998739244697,3.9607795987439687e-07,0,3
7.4,3.1593021750564017,2.2632608828038516,0.47354269668794957,0.3999999878806358,3.807410564604652e-07,0,3
7.42,3.1664218408856226,2.266909218691923,0.4735427040079231,0.39999998834990036,3.6599867614395265e-07,0,3
7.44,3.173541506697201,2.2705575546342063,0.4735427110444781,0.3999999888009749,3.5182774948960827e-07,0,3
7.46,3.180661172491819,2.2742058906286027,0.47354271780860013,0.3999999892345654,3.3820610267909506e-07,0,3
7.48,3.187780838270133,2.2778542266730946,0.4735427243108486,0.3999999896513502,3.251124235381653e-07,0,3
7.5,3.194900504032774,2.281502562765742,0.47354273056137314,0.3999999900519813,3.125262270087248e-07,0,3
7.5200000000000005,3.202020169780348,2.285150898904681,0.4735427365699296,0.3999999904370854,3.004278242846326e-07,0,3
7.54,3.2091398355134384,2.288799235088119,0.47354274234589544,0.3999999908072649,2.887982907262554e-07,0,3
7.5600000000000005,3.216259501232605,2.292447571314334,0.47354274789828416,0.3999999911630989,2.776194366616025e-07,0,3
7.58,3.223379166938387,2.2960959075816696,0.47354275323575973,0.3999999915051438,2.6687377874257123e-07,0,3
7.6000000000000005,3.230498832631302,2.2997442438885343,0.47354275836665,0.39999999183393453,2.565445129665278e-07,0,3
7.62,3.2376184983118477,2.303392580233398,0.4735427632989597,0.3999999921499853,2.4661548692073154e-07,0,3
7.640000000000001,3.244738163980503,2.30704091661479,0.47354276804038326,0.3999999924537901,2.370711763566291e-07,0,3
7.66,3.2518578296377267,2.310689253031297,0.47354277259831645,0.39999999274582404,2.278966587665465e-07,0,3
7.68,3.258977495283962,2.3143375894815588,0.4735427769798683,0.39999999302654365,2.1907759184536246e-07,0,3
7.7,3.2660971609196334,2.3179859259642703,0.4735427811918721,0.3999999932963878,2.1060018984275786e-07,0,3
7.72,3.27321682654515,2.321634262478175,0.47354278524089616,0.3999999935557781,2.024512020248892e-07,0,3
7.74,3.2803364921609033,2.3252825990220667,0.473542789133254,0.39999999380512014,1.946178922462849e-07,0,3
7.76,3.287456157767272,2.3289309355947845,0.47354279287501433,0.3999999940448034,1.8708801852174162e-07,0,3
7.78,3.2945758233646183,2.332579272195213,0.47354279647201064,0.3999999942752026,1.7984981448559978e-07,0,3
7.8,3.3016954889532912,2.33622760882228,0.47354279992985004,0.39999999449667767,1.7289197007386292e-07,0,3
7.82,3.3088151545336264,2.3398759454749554,0.47354280325392234,0.3999999947095747,1.6620361442676312e-07,0,3
7.84,3.315934820105946,2.343524282152248,0.4735428064494083,0.3999999949142261,1.5977429890234876e-07,0,3
7.86,3.32305448567056,2.347172618853206,0.4735428095212879,0.3999999951109518,1.5359397975700517e-07,0,3
7.88,3.3301741512277663,2.3508209555769133,0.473542812474348,0.399999995300059,1.4765300360153333e-07,0,3
7.9,3.337293816777851,2.35446929232249,0.4735428153131898,0.39999999548184295,1.4194209119189338e-07,0,3
7.92,3.3444134823210896,2.358117629089091,0.4735428180422363,0.3999999956565876,1.3645232399550622e-07,0,3
7.94,3.3515331478577464,2.3617659658759025,0.4735428206657389,0.39999999582456597,1.3117512887017566e-07,0,3
7.96,3.358652813388076,2.365414302682143,0.4735428231877842,0.39999999598604025,1.261022659626576e-07,0,3
7.98,3.3657724789123233,2.3690626395070606,0.4735428256123005,0.39999999614126247,1.2122581505291663e-07,0,3
8.0,3.372892144430723,2.3727109763499334,0.47354282794306374,0.3999999962904751,1.1653816267553907e-07,0,3
8.02,3.3800118099435013,2.376359313210067,0.4735428301837036,0.39999999643391093,1.1203199190568114e-07,0,3
8.040000000000001,3.387131475450875,2.380007650086794,0.47354283233770894,0.39999999657179397,1.077002681482142e-07,0,3
8.06,3.394251140953053,2.383655986979473,0.4735428344084336,0.39999999670433944,1.0353623114411903e-07,0,3
8.08,3.4013708064502364,2.387304323887487,0.4735428363991012,0.3999999968317541,9.953338186985405e-08,0,3
8.1,3.408490471942618,2.390952660810243,0.4735428383128107,0.39999999695423677,9.568547443272735e-08,0,3
8.120000000000001,3.415610137430383,2.394600997747171,0.4735428401525408,0.39999999707197864,9.198650441355484e-08,0,3
8.14,3.4227298029137105,2.3982493346977236,0.4735428419211548,0.3999999971851634,8.843070031794298e-08,0,3
8.16,3.4298494683927716,2.4018976716613736,0.47354284362140514,0.3999999972939676,8.501251536063847e-08,0,3
8.18,3.4298494683927716,2.4018976716613736,0.47354284362140514,0.0,0.0,1,3
8.2,3.4298494683927716,2.4018976716613736,0.47354284362140514,0.0,0.0,1,3
8.22,3.4298494683927716,2.4018976716613736,0.47354284362140514,0.0,0.0,1,3
8.24,3.4298494683927716,2.4018976716613736,0.47354284362140514,0.0,0.0,1,3
8.26,3.4298494683927716,2.4018976716613736,0.47354284362140514,0.0,0.0,1,3
8.28,3.4298494683927716,2.4018976716613736,0.47354284362140514,0.0,0.0,1,3
8.3,3.4298494683927716,2.4018976716613736,0.47354284362140514,0.0,0.0,1,3
8.32,3.4298494683927716,2.4018976716613736,0.47354284362140514,0.0,0.0,1,3
8.34,3.4298494683927716,2.4018976716613736,0.47354284362140514,0.0,0.0,1,3
8.36,3.4298494683927716,2.4018976716613736,0.47354284362140514,0.0,0.0,1,3
8.38,3.4298494683927716,2.4018976716613736,0.47354284362140514,0.0,0.0,1,3
8.4,3.4298494683927716,2.4018976716613736,0.47354284362140514,0.0,0.0,1,3
8.42,3.4298494683927716,2.4018976716613736,0.47354284362140514,0.0,0.0,1,3
8.44,3.4298494683927716,2.4018976716613736,0.47354284362140514,0.0,0.0,1,3
8.46,3.4298494683927716,2.4018976716613736,0.47354284362140514,0.0,0.0,1,3
8.48,3.4298494683927716,2.4018976716613736,0.47354284362140514,0.0,0.0,1,3
8.5,3.4298494683927716,2.4018976716613736,0.47354284362140514,0.0,0.0,1,3
8.52,3.4298494683927716,2.4018976716613736,0.47354284362140514,0.0,0.0,1,3
8.540000000000001,3.4298494683927716,2.4018976716613736,0.47354284362140514,0.0,0.0,1,3
8.56,3.4298494683927716,2.4018976716613736,0.47354284362140514,0.0,0.0,1,3
8.58,3.4298494683927716,2.4018976716613736,0.47354284362140514,0.0,0.0,1,3
8.6,3.4298494683927716,2.4018976716613736,0.47354284362140514,0.0,0.0,1,3
8.620000000000001,3.4298494683927716,2.4018976716613736,0.47354284362140514,0.0,0.0,1,3
8.64,3.4298494683927716,2.4018976716613736,0.47354284362140514,0.0,0.0,1,3
8.66,3.4298494683927716,2.4018976716613736,0.47354284362140514,0.0,0.0,1,3
8.68,3.4298494683927716,2.4018976716613736,0.47354284362140514,0.0,0.0,1,3
8.700000000000001,3.4298494683927716,2.4018976716613736,0.47354284362140514,0.0,0.0,1,3
8.72,3.4298494683927716,2.4018976716613736,0.47354284362140514,0.0,0.0,1,3
8.74,3.4298494683927716,2.4018976716613736,0.47354284362140514,0.0,0.0,1,3
8.76,3.4298494683927716,2.4018976716613736,0.47354284362140514,0.0,0.0,1,3
8.78,3.4298494683927716,2.4018976716613736,0.47354284362140514,0.0,0.0,1,3
8.8,3.4298494683927716,2.4018976716613736,0.47354284362140514,0.0,0.0,1,3
8.82,3.4298494683927716,2.4018976716613736,0.47354284362140514,0.0,0.0,1,3
8.84,3.4298494683927716,2.4018976716613736,0.47354284362140514,0.0,0.0,1,3
8.86,3.4298494683927716,2.4018976716613736,0.47354284362140514,0.0,0.0,1,3
8.88,3.4298494683927716,2.4018976716613736,0.47354284362140514,0.0,0.0,1,3
8.9,3.4298494683927716,2.4018976716613736,0.47354284362140514,0.0,0.0,1,3
8.92,3.4298494683927716,2.4018976716613736,0.47354284362140514,0.0,0.0,1,3
8.94,3.4298494683927716,2.4018976716613736,0.47354284362140514,0.0,0.0,1,3
8.96,3.4298494683927716,2.4018976716613736,0.47354284362140514,0.0,0.0,1,3
8.98,3.4298494683927716,2.4018976716613736,0.47354284362140514,0.0,0.0,1,3
9.0,3.4298494683927716,2.4018976716613736,0.47354284362140514,0.0,0.0,1,3
9.02,3.4298494683927716,2.4018976716613736,0.47354284362140514,0.0,0.0,1,3
9.040000000000001,3.4298494683927716,2.4018976716613736,0.47354284362140514,0.0,0.0,1,3
9.06,3.4298494683927716,2.4018976716613736,0.47354284362140514,0.0,0.0,1,3
9.08,3.4298494683927716,2.4018976716613736,0.47354284362140514,0.0,0.0,1,3
9.1,3.4298494683927716,2.4018976716613736,0.47354284362140514,0.0,0.0,1,3
9.120000000000001,3.4298494683927716,2.4018976716613736,0.47354284362140514,0.0,0.0,1,3
9.14,3.4298494683927716,2.4018976716613736,0.47354284362140514,0.0,0.0,1,3
9.16,3.4298494683927716,2.4018976716613736,0.47354284362140514,0.0,0.0,1,3
9.18,3.4298494683927716,2.4018976716613736,0.47354284362140514,0.0,0.0,1,3
9.200000000000001,3.4298494683927716,2.4018976716613736,0.47354284362140514,0.0,0.0,1,3
9.22,3.4298494683927716,2.4018976716613736,0.47354284362140514,0.0,0.0,1,3
9.24,3.4298494683927716,2.4018976716613736,0.47354284362140514,0.0,0.0,1,3
9.26,3.4298494683927716,2.4018976716613736,0.47354284362140514,0.0,0.0,1,3
9.28,3.4298494683927716,2.4018976716613736,0.47354284362140514,0.0,0.0,1,3
9.3,3.4298494683927716,2.4018976716613736,0.47354284362140514,0.0,0.0,1,3
9.32,3.4298494683927716,2.4018976716613736,0.47354284362140514,0.0,0.0,1,3
9.34,3.4298494683927716,2.4018976716613736,0.47354284362140514,0.0,0.0,1,3
9.36,3.4298494683927716,2.4018976716613736,0.47354284362140514,0.0,0.0,1,3
9.38,3.4298494683927716,2.4018976716613736,0.47354284362140514,0.0,0.0,1,3
9.4,3.4298494683927716,2.4018976716613736,0.47354284362140514,0.0,0.0,1,3
9.42,3.4298494683927716,2.4018976716613736,0.47354284362140514,0.0,0.0,1,3
9.44,3.4298494683927716,2.4018976716613736,0.47354284362140514,0.0,0.0,1,3
9.46,3.4298494683927716,2.4018976716613736,0.47354284362140514,0.0,0.0,1,3
9.48,3.4298494683927716,2.4018976716613736,0.47354284362140514,0.0,0.0,1,3
9.5,3.4298494683927716,2.4018976716613736,0.47354284362140514,0.0,0.0,1,3
9.52,3.4298494683927716,2.4018976716613736,0.47354284362140514,0.0,0.0,1,3
9.540000000000001,3.4298494683927716,2.4018976716613736,0.47354284362140514,0.0,0.0,1,3
9.56,3.4298494683927716,2.4018976716613736,0.47354284362140514,0.0,0.0,1,3
9.58,3.4298494683927716,2.4018976716613736,0.47354284362140514,0.0,0.0,1,3
9.6,3.4298494683927716,2.4018976716613736,0.47354284362140514,0.0,0.0,1,3
9.620000000000001,3.4298494683927716,2.4018976716613736,0.47354284362140514,0.0,0.0,1,3
9.64,3.4298494683927716,2.4018976716613736,0.47354284362140514,0.0,0.0,1,3
9.66,3.4298494683927716,2.4018976716613736,0.47354284362140514,0.0,0.0,1,3
9.68,3.4298494683927716,2.4018976716613736,0.47354284362140514,0.0,0.0,1,3
9.700000000000001,3.4298494683927716,2.4018976716613736,0.47354284362140514,0.0,0.0,1,3
9.72,3.4298494683927716,2.4018976716613736,0.47354284362140514,0.0,0.0,1,3
9.74,3.4298494683927716,2.4018976716613736,0.47354284362140514,0.0,0.0,1,3
9.76,3.4298494683927716,2.4018976716613736,0.47354284362140514,0.0,0.0,1,3
9.78,3.4298494683927716,2.4018976716613736,0.47354284362140514,0.0,0.0,1,3
9.8,3.4298494683927716,2.4018976716613736,0.47354284362140514,0.0,0.0,1,3
9.82,3.4298494683927716,2.4018976716613736,0.47354284362140514,0.0,0.0,1,3
9.84,3.4298494683927716,2.4018976716613736,0.47354284362140514,0.0,0.0,1,3
9.86,3.4298494683927716,2.4018976716613736,0.47354284362140514,0.0,0.0,1,3
9.88,3.4298494683927716,2.4018976716613736,0.47354284362140514,0.0,0.0,1,3
9.9,3.4298494683927716,2.4018976716613736,0.47354284362140514,0.0,0.0,1,3
9.92,3.4298494683927716,2.4018976716613736,0.47354284362140514,0.0,0.0,1,3
9.94,3.4298494683927716,2.4018976716613736,0.47354284362140514,0.0,0.0,1,3
9.96,3.4298494683927716,2.4018976716613736,0.47354284362140514,0.0,0.0,1,3
9.98,3.4298494683927716,2.4018976716613736,0.47354284362140514,0.0,0.0,1,3
10.0,3.4298494683927716,2.4018976716613736,0.47354284362140514,0.0,0.0,1,3
10.02,3.4298494683927716,2.4018976716613736,0.47354284362140514,0.0,0.0,1,3
10.040000000000001,3.4298494683927716,2.4018976716613736,0.47354284362140514,0.0,0.0,1,3
10.06,3.4298494683927716,2.4018976716613736,0.47354284362140514,0.0,0.0,1,3
10.08,3.4298494683927716,2.4018976716613736,0.47354284362140514,0.0,0.0,1,3
10.1,3.4298494683927716,2.4018976716613736,0.47354284362140514,0.0,0.0,1,3
10.120000000000001,3.4298494683927716,2.4018976716613736,0.47354284362140514,0.0,0.0,1,3
10.14,3.4298494683927716,2.4018976716613736,0.47354284362140514,0.0,0.0,1,3
10.16,3.4298494683927716,2.4018976716613736,0.47354284362140514,0.0,0.0,1,3
10.18,3.4298494683927716,2.4018976716613736,0.47354284362140514,0.0,0.0,1,3
10.200000000000001,3.4298494683927716,2.4018976716613736,0.47354284362140514,0.0,0.0,1,3
10.22,3.4298494683927716,2.4018976716613736,0.47354284362140514,0.0,0.0,1,3
10.24,3.4298494683927716,2.4018976716613736,0.47354284362140514,0.0,0.0,1,3
10.26,3.4298494683927716,2.4018976716613736,0.47354284362140514,0.0,0.0,1,3
10.28,3.4298494683927716,2.4018976716613736,0.47354284362140514,0.0,0.0,1,3
10.3,3.4298494683927716,2.4018976716613736,0.47354284362140514,0.0,0.0,1,3
10.32,3.4298494683927716,2.4018976716613736,0.47354284362140514,0.0,0.0,1,3
10.34,3.4298494683927716,2.4018976716613736,0.47354284362140514,0.0,0.0,1,3
10.36,3.4298494683927716,2.4018976716613736,0.47354284362140514,0.0,0.0,1,3
10.38,3.4298494683927716,2.4018976716613736,0.47354284362140514,0.0,0.0,1,3
10.4,3.4298494683927716,2.4018976716613736,0.47354284362140514,0.0,0.0,1,3
10.42,3.4298494683927716,2.4018976716613736,0.47354284362140514,0.0,0.0,1,3
10.44,3.4298494683927716,2.4018976716613736,0.47354284362140514,0.0,0.0,1,3
10.46,3.4298494683927716,2.4018976716613736,0.47354284362140514,0.0,0.0,1,3
10.48,3.4298494683927716,2.4018976716613736,0.47354284362140514,0.0,0.0,1,3
10.5,3.4298494683927716,2.4018976716613736,0.47354284362140514,0.0,0.0,1,3
10.52,3.4298494683927716,2.4018976716613736,0.47354284362140514,0.0,0.0,1,3
10.540000000000001,3.4298494683927716,2.4018976716613736,0.47354284362140514,0.0,0.0,1,3
10.56,3.4298494683927716,2.4018976716613736,0.47354284362140514,0.0,0.0,1,3
10.58,3.4298494683927716,2.4018976716613736,0.47354284362140514,0.0,0.0,1,3
10.6,3.4298494683927716,2.4018976716613736,0.47354284362140514,0.0,0.0,1,3
10.620000000000001,3.4298494683927716,2.4018976716613736,0.47354284362140514,0.0,0.0,1,3
10.64,3.4298494683927716,2.4018976716613736,0.47354284362140514,0.0,0.0,1,3
10.66,3.4298494683927716,2.4018976716613736,0.47354284362140514,0.0,0.0,1,3
10.68,3.4298494683927716,2.4018976716613736,0.47354284362140514,0.0,0.0,2,3
10.700000000000001,3.4299918617022707,2.4019706384008983,0.4735428452559375,0.00799999994797176,8.172661680738713e-08,2,3
10.72,3.4302766483211142,2.4021165718804327,0.4735428468251326,0.015999999900102306,7.845975569242825e-08,2,3
10.74,3.430703828249156,2.4023354721004324,0.4735428483316445,0.023999999856138907,7.532559664902294e-08,2,3
10.76,3.4312734014862594,2.402627339061326,0.47354284977801786,0.031999999815842055,7.231866638868212e-08,2,3
10.78,3.4319853680322954,2.4029921727635153,0.47354285116669226,0.03999999977898547,6.943372110601587e-08,2,3
10.8,3.432839727887143,2.403429973207378,0.473542852500007,0.04799999974535605,6.666573637570394e-08,2,3
10.82,3.4338364810506885,2.4039407403932684,0.47354285378020494,0.05599999971475046,6.400989771560006e-08,2,3
10.84,3.434975627522826,2.4045244743215193,0.47354285500943677,0.06399999968697874,6.14615917049477e-08,2,3
10.86,3.436257167303454,2.4051811749924417,0.4735428561897647,0.07199999966186084,5.90163982128189e-08,2,3
10.88,3.43768110039248,2.405910842406328,0.4735428573231663,0.07999999963922749,5.667008073917402e-08,2,3
10.9,3.439247426789816,2.4067134765634512,0.4735428584115379,0.08799999961891689,5.4418580086590396e-08,2,3
10.92,3.440956146495379,2.407589077464068,0.47354285945669805,0.09599999960077835,5.225800592256746e-08,2,3
10.94,3.442807259509092,2.408537645108417,0.4735428604603907,0.10399999958466907,5.018463011818852e-08,2,3
10.96,3.444800765830884,2.409559179496722,0.47354286142428825,0.11199999957045509,4.819487919860421e-08,2,3
10.98,3.446936665460686,2.4106536806291925,0.4735428623499948,0.11999999955800794,4.628532945805119e-08,2,3
11.0,3.449214958398436,2.4118211485060232,0.47354286323904876,0.12799999954720864,4.445269830011255e-08,2,3
11.02,3.4516356446440755,2.413061583127397,0.47354286409292556,0.1359999995379443,4.269383990784803e-08,2,3
11.040000000000001,3.454198724197549,2.4143749844934828,0.4735428649130404,0.14399999953010933,4.100573913756734e-08,2,3
11.06,3.4569041970588055,2.415761352604439,0.4735428657007505,0.15199999952360208,3.9385505745670464e-08,2,3
11.08,3.459752063227797,2.417220687460412,0.4735428664573579,0.15999999951832894,3.7830369392644065e-08,2,3
11.1,3.46274232270448,2.418752989061539,0.47354286718411137,0.16799999951420105,3.633767464705784e-08,2,3
11.120000000000001,3.465874975488813,2.4203582574079467,0.4735428678822089,0.17599999951113557,3.4904875989560935e-08,2,3
11.14,3.469150021580758,2.422036492499753,0.47354286855279953,0.1839999995090524,3.352953270585601e-08,2,3
11.16,3.472567460980279,2.4237876943370664,0.4735428691969856,0.19199999950787824,3.220930577807479e-08,2,3
11.18,3.4761272936873437,2.4256118629199883,0.47354286981582466,0.19999999950754355,3.094195244468523e-08,2,3
11.200000000000001,3.4798295197019216,2.4275089982486118,0.4735428704103311,0.20799999950798365,2.972532220368862e-08,2,3
11.22,3.4836741390239845,2.4294791003230225,0.4735428709814782,0.21599999950913562,2.8557353926039752e-08,2,3
11.24,3.4876611516535068,2.4315221691433,0.4735428715301996,0.22399999951094252,2.743607130373249e-08,2,3
11.26,3.4917905575904644,2.433638204709517,0.47354287205739115,0.2319999995133502,2.6359579408108402e-08,2,3
11.28,3.4960623568348357,2.435827207021741,0.47354287256391236,0.23999999951630774,2.5326061137143085e-08,2,3
11.3,3.5004765493866,2.438089176080032,0.47354287305058784,0.2479999995197682,2.43337744398886e-08,2,3
11.32,3.5050331352457396,2.440424111884447,0.47354287351820884,0.2559999995236854,2.3381048985804398e-08,2,3
11.34,3.5097321144122375,2.442832014435037,0.4735428739675345,0.2639999995280182,2.2466282723065945e-08,2,3
11.36,3.5145734868860785,2.4453128837318476,0.47354287439929327,0.27199999953272735,2.1587940213230183e-08,2,3
11.38,3.5195572526672483,2.4478667197749213,0.4735428748141842,0.2799999995377768,2.074454830136574e-08,2,3
11.4,3.524683411755735,2.4504935225642956,0.47354287521287813,0.2879999995431307,1.9934694228673777e-08,2,3
11.42,3.5299519641515262,2.4531932921000053,0.4735428755960186,0.2959999995487577,1.9157024078175766e-08,2,3
11.44,3.5353629098546127,2.4559660283820803,0.47354287596422334,0.3039999995546277,1.8410238444843685e-08,2,3
11.46,3.5409162488649852,2.458811731410548,0.47354287631808517,0.31199999956071334,1.76930914363993e-08,2,3
11.48,3.5466119811826355,2.461730401185432,0.47354287665817296,0.3199999995669871,1.7004388563890416e-08,2,3
11.5,3.5524501068075565,2.4647220377067542,0.4735428769850326,0.32799999957342524,1.6342983855111015e-08,2,3
11.52,3.558430625739742,2.4677866409745324,0.47354287729918815,0.3359999995800049,1.570777785619981e-08,2,3
11.540000000000001,3.564553537979186,2.4709242109887826,0.4735428776011425,0.3439999995867058,1.509771674346183e-08,2,3
11.56,3.5708188435258847,2.4741347477495186,0.4735428778913783,0.3519999995935067,1.451178910372164e-08,2,3
11.58,3.577226542379834,2.4774182512567515,0.4735428781703588,0.35999999960039003,1.3949025046144925e-08,2,3
11.6,3.5837766345410302,2.4807747215104903,0.47354287843852866,0.36799999960733887,1.3408494314859354e-08,2,3
11.620000000000001,3.5904691200094714,2.4842041585107424,0.47354287869631473,0.375999999614338,1.2889304623620035e-08,2,3
11.64,3.5973039987851547,2.4877065622575136,0.4735428789441267,0.3839999996213715,1.2390600101497284e-08,2,3
11.66,3.604281270868079,2.491281932750808,0.4735428791823579,0.39199999962842663,1.1911558850385973e-08,2,3
11.68,3.611400936258243,2.4949302699906273,0.47354287941138573,0.3999999996354908,1.1451393500117035e-08,0,3
11.700000000000001,3.6185206016478544,2.4985786072321425,0.4735428796315727,0.39999999964956157,1.1009348432899912e-08,0,3
11.72,3.625640267036934,2.5022269444752885,0.4735428798432605,0.39999999966308847,1.0584389475987166e-08,0,3
11.74,3.632759932425503,2.505875281720002,0.4735428800467776,0.3999999996760925,1.0175855269523026e-08,0,3
11.76,3.6398795978135805,2.509523618966223,0.4735428802424398,0.3999999996885939,9.783110765937408e-09,0,3
11.78,3.646999263201186,2.5131719562138923,0.4735428804305507,0.3999999997006123,9.405544454388348e-09,0,3
11.8,3.654118928588337,2.516820293462955,0.4735428806114021,0.3999999997121661,9.042569359962727e-09,0,3
11.82,3.6612385939750514,2.520468630713357,0.4735428807852745,0.3999999997232735,8.693620712207917e-09,0,3
11.84,3.6683582593613457,2.524116967965046,0.47354288095243763,0.39999999973395167,8.35815572308718e-09,0,3
11.86,3.675477924747237,2.527765305217973,0.4735428811131507,0.39999999974421724,8.03565303186815e-09,0,3
11.88,3.68259759013274,2.5314136424720903,0.4735428812676629,0.3999999997540862,7.725611039788305e-09,0,3
11.9,3.68971725551787,2.535061979727352,0.47354288141621387,0.39999999976357387,7.42754768801035e-09,0,3
11.92,3.696836920902641,2.5387103169837135,0.47354288155903385,0.39999999977269496,7.140999347399202e-09,0,3
11.94,3.703956586287067,2.5423586542411325,0.4735428816963443,0.3999999997814637,6.865520929544289e-09,0,3
11.96,3.711076251671162,2.5460069914995684,0.47354288182835796,0.39999999978989376,6.60068411040271e-09,0,3
11.98,3.718195917054938,2.549655328758982,0.4735428819552795,0.3999999997979981,6.346077552343843e-09,0,3
12.0,3.725315582438407,2.553303666019335,0.4735428820773056,0.39999999980578943,6.101305349837105e-09,0,3
12.02,3.7324352478215816,2.5569520032805917,0.47354288219462537,0.3999999998132799,5.865986918429655e-09,0,3
12.040000000000001,3.739554913204473,2.560600340542717,0.47354288230742053,0.399999999820481,5.639756994746392e-09,0,3
12.06,3.7466745785870916,2.564248677805678,0.47354288241586584,0.399999999827404,5.422264082177719e-09,0,3
12.08,3.7537942439694487,2.5678970150694416,0.47354288252012927,0.39999999983405965,5.21317022883494e-09,0,3
12.1,3.760913909351554,2.5715453523339775,0.4735428826203723,0.3999999998404583,5.012150694483353e-09,0,3
12.120000000000001,3.768033574733417,2.5751936895992555,0.47354288271675016,0.3999999998466099,4.818893506453037e-09,0,3
12.14,3.775153240115047,2.578842026865247,0.47354288280941215,0.39999999985252394,4.633098238393529e-09,0,3
12.16,3.7822729054964532,2.582490364131925,0.47354288289850166,0.3999999998582096,4.454476454363032e-09,0,3
12.18,3.7893925708776446,2.5861387013992627,0.4735428829841567,0.39999999986367585,4.282750931672297e-09,0,3
12.200000000000001,3.796512236258629,2.5897870386672346,0.4735428830665098,0.399999999868931,4.117654994750808e-09,0,3
12.22,3.8036319016394144,2.593435375935816,0.4735428831456885,0.3999999998739833,3.958932182079877e-09,0,3
12.24,3.8107515670200085,2.597083713204984,0.4735428832218152,0.3999999998788406,3.806336690281853e-09,0,3
12.26,3.8178712324004187,2.600732050474716,0.4735428832950078,0.39999999988351037,3.6596312646963725e-09,0,3
12.280000000000001,3.824990897780652,2.6043803877449894,0.4735428833653796,0.3999999998879999,3.5185883096033876e-09,0,3
12.3,3.8321105631607155,2.6080287250157843,0.47354288343303935,0.3999999998923161,3.382989000044745e-09,0,3
12.32,3.8392302285406155,2.61167706228708,0.4735428834980918,0.39999999989646584,3.2526229487572778e-09,0,3
12.34,3.846349893920358,2.6153253995588575,0.47354288356063756,0.3999999999004553,3.1272878731058995e-09,0,3
12.36,3.8534695592999495,2.618973736831098,0.47354288362077335,0.3999999999042909,3.0067895950836032e-09,0,3
12.38,3.8605892246793956,2.622622074103784,0.47354288367859215,0.3999999999079785,2.8909408200661346e-09,0,3
12.4,3.867708890058702,2.6262704113768978,0.4735428837341834,0.3999999999115238,2.7795623580573192e-09,0,3
12.42,3.8748285554378743,2.6299187486504234,0.47354288378763304,0.3999999999149323,2.672481125287618e-09,0,3
12.44,3.881948220816917,2.6335670859243447,0.47354288383902365,0.39999999991820934,2.569531032392547e-09,0,3
12.46,3.889067886195836,2.6372154231986467,0.4735428838884347,0.39999999992135993,2.4705527623680723e-09,0,3
12.48,3.8961875515746356,2.6408637604733145,0.4735428839359425,0.3999999999243889,2.3753927713698886e-09,0,3
12.5,3.90330721695332,2.644512097748334,0.4735428839816206,0.3999999999273011,2.2839038438249304e-09,0,3
12.52,3.9104268823318944,2.648160435023692,0.47354288402553946,0.39999999993010094,2.195943649141441e-09,0,3
12.540000000000001,3.9175465477103626,2.651808772299375,0.47354288406776696,0.39999999993279284,2.1113759629542983e-09,0,3
12.56,3.9246662130887287,2.6554571095753707,0.47354288410836837,0.3999999999353809,2.030070223035807e-09,0,3
12.58,3.9317858784669966,2.659105446851667,0.47354288414740636,0.3999999999378691,1.951900197028067e-09,0,3
12.6,3.93890554384517,2.6627537841282525,0.4735428841849412,0.3999999999402614,1.8767445375544867e-09,0,3
12.620000000000001,3.9460252092232526,2.666402121405116,0.47354288422103097,0.3999999999425614,1.8044871152866904e-09,0,3
12.64,3.953144874601248,2.670050458682246,0.47354288425573127,0.39999999994477276,1.7350159087214934e-09,0,3
12.66,3.9602645399791596,2.6736987959596337,0.47354288428909574,0.39999999994689883,1.668223448270112e-09,0,3
12.68,3.9673842053569905,2.677347133237268,0.47354288432117586,0.3999999999489429,1.604006039102046e-09,0,3
12.700000000000001,3.9745038707347438,2.68099547051514,0.47354288435202113,0.39999999995090824,1.5422646493234993e-09,0,3
12.72,3.9816235361124224,2.68464380779324,0.4735428843816792,0.3999999999527977,1.4829032446428414e-09,0,3
12.74,3.9887432014900295,2.6882921450715602,0.4735428844101958,0.39999999995461444,1.4258305647274483e-09,0,3
12.76,3.9958628668675678,2.691940482350091,0.47354288443761494,0.3999999999563611,1.3709574586684425e-09,0,3
12.780000000000001,4.002982532245039,2.6955888196288256,0.4735428844639789,0.3999999999580404,1.318199660538255e-09,0,3
12.8,4.010102197622447,2.699237156907755,0.4735428844893284,0.3999999999596551,1.2674751248553662e-09,0,3
12.82,4.017221862999794,2.702885494186872,0.4735428845137025,0.3999999999612074,1.2187054698742372e-09,0,3
12.84,4.024341528377081,2.7065338314661695,0.47354288453713883,0.39999999996269997,1.1718153114514962e-09,0,3
12.86,4.031461193754312,2.7101821687456407,0.47354288455967347,0.39999999996413504,1.1267322630459375e-09,0,3
12.88,4.038580859131489,2.7138305060252788,0.4735428845813412,0.3999999999655148,1.0833862695847074e-09,0,3
12.9,4.0457005245086135,2.717478843305077,0.4735428846021754,0.3999999999668413,1.0417104956417234e-09,0,3
12.92,4.052820189885687,2.7211271805850297,0.4735428846222082,0.3999999999681168,1.0016405482815571e-09,0,3
12.94,4.059939855262713,2.7247755178651305,0.47354288464147054,0.3999999999693431,9.631143660371322e-10,0,3
12.96,4.067059520639692,2.728423855145374,0.473542884659992,0.3999999999705222,9.260723299320262e-10,0,3
12.98,4.074179186016626,2.7320721924257545,0.47354288467780115,0.3999999999716559,8.904573745027733e-10,0,3
13.0,4.081298851393517,2.735720529706267,0.47354288469492545,0.3999999999727459,8.562143216650497e-10,0,3
13.02,4.088418516770367,2.7393688669869065,0.4735428847113912,0.3999999999737939,8.232899917359759e-10,0,3
13.040000000000001,4.095538182147177,2.7430172042676677,0.4735428847272239,0.3999999999748015,7.916339805902339e-10,0,3
13.06,4.102657847523949,2.746665541548546,0.4735428847424478,0.3999999999757704,7.611972163701353e-10,0,3
13.08,4.109777512900683,2.7503138788295374,0.47354288475708645,0.3999999999767019,7.319325145971334e-10,0,3
13.1,4.116897178277382,2.753962216110637,0.47354288477116235,0.39999999997759755,7.037948002164285e-10,0,3
13.120000000000001,4.124016843654047,2.757610553391841,0.47354288478469714,0.3999999999784587,6.767403304408504e-10,0,3
13.14,4.1311365090306795,2.761258890673145,0.47354288479771167,0.3999999999792867,6.507278049738829e-10,0,3
13.16,4.138256174407281,2.764907227954545,0.473542884810226,0.39999999998008284,6.257168116974299e-10,0,3
13.18,4.145375839783852,2.768555565236038,0.47354288482225937,0.39999999998084834,6.016687148502342e-10,0,3
13.200000000000001,4.152495505160394,2.7722039025176204,0.4735428848338303,0.3999999999815843,5.785464329832735e-10,0,3
13.22,4.159615170536907,2.775852239799288,0.47354288484495655,0.399999999982292,5.563141058928522e-10,0,3
13.24,4.1667348359133936,2.779500577081038,0.4735428848556553,0.3999999999829724,5.349376497321146e-10,0,3
13.26,4.1738545012898545,2.7831489143628674,0.473542884865943,0.3999999999836267,5.143838688326241e-10,0,3
13.280000000000001,4.1809741666662905,2.786797251644773,0.4735428848758354,0.3999999999842557,4.946212328604815e-10,0,3
13.3,4.188093832042703,2.790445588926752,0.4735428848853478,0.3999999999848606,4.756192106825097e-10,0,3
13.32,4.1952134974190916,2.794093926208801,0.47354288489449475,0.39999999998544217,4.5734827036625347e-10,0,3
13.34,4.202333162795458,2.797742263490918,0.4735428849032904,0.39999999998600133,4.397806563360973e-10,0,3
13.36,4.209452828171804,2.8013906007731,0.4735428849117482,0.39999999998653907,4.22888724038728e-10,0,3
13.38,4.216572493548129,2.805038938055345,0.4735428849198811,0.39999999998705604,4.066467162999743e-10,0,3
13.4,4.223692158924434,2.80868727533765,0.4735428849277017,0.3999999999875532,3.9102965310178206e-10,0,3
13.42,4.230811824300721,2.812335612620013,0.47354288493522195,0.39999999998803115,3.7601355362681943e-10,0,3
13.44,4.237931489676989,2.8159839499024315,0.47354288494245345,0.39999999998849073,3.615749921692668e-10,0,3
13.46,4.24505115505324,2.8196322871849033,0.4735428849494073,0.39999999998893265,3.4769187529093415e-10,0,3
13.48,4.252170820429473,2.8232806244674267,0.47354288495609415,0.39999999998935754,3.3434266466514373e-10,0,3
13.5,4.259290485805691,2.8269289617499997,0.4735428849625243,0.3999999999897661,3.2150693218824244e-10,0,3
13.52,4.266410151181893,2.8305772990326203,0.47354288496870756,0.399999999990159,3.091648048680895e-10,0,3
13.540000000000001,4.273529816558081,2.8342256363152867,0.4735428849746535,0.39999999999053676,2.972974089132663e-10,0,3
13.56,4.280649481934254,2.837873973597997,0.4735428849803712,0.39999999999089997,2.85886314621564e-10,0,3
13.58,4.287769147310413,2.84152231088075,0.4735428849858695,0.39999999999124924,2.749142025137985e-10,0,3
13.6,4.294888812686558,2.8451706481635433,0.47354288499115677,0.3999999999915851,2.643636420884832e-10,0,3
13.620000000000001,4.3020084780626915,2.8488189854463757,0.47354288499624114,0.399999999991908,2.5421886817866834e-10,0,3
13.64,4.309128143438812,2.852467322729246,0.4735428850011304,0.39999999999221847,2.4446411561740433e-10,0,3
13.66,4.3162478088149205,2.8561156600121524,0.4735428850058321,0.39999999999251706,2.350843963938587e-10,0,3
13.68,4.323367474191018,2.8597639972950937,0.47354288501035335,0.3999999999928041,2.2606494454180392e-10,0,3
13.700000000000001,4.330487139567104,2.863412334578068,0.4735428850147012,0.3999999999930802,2.1739243738494451e-10,0,3
13.72,4.33760680494318,2.867060671861075,0.47354288501888225,0.3999999999933457,2.0905310815777511e-10,0,3
13.74,4.344726470319245,2.870709009144113,0.4735428850229029,0.3999999999936009,2.0103418929551253e-10,0,3
13.76,4.351846135695301,2.874357346427181,0.4735428850267694,0.3999999999938464,1.933234683448859e-10,0,3
13.780000000000001,4.3589658010713475,2.878005683710277,0.4735428850304876,0.39999999999408237,1.8590906591953171e-10,0,3
13.8,4.366085466447385,2.881654020993401,0.47354288503406317,0.3999999999943093,1.7877943569999388e-10,0,3
13.82,4.373205131823414,2.8853023582765513,0.47354288503750164,0.3999999999945275,1.7192380852293354e-10,0,3
13.84,4.380324797199434,2.888950695559727,0.47354288504080827,0.39999999999473734,1.6533163726961675e-10,0,3
13.86,4.387444462575447,2.892599032842927,0.4735428850439881,0.3999999999949391,1.589925968659145e-10,0,3
13.88,4.394564127951452,2.896247370126151,0.47354288504704606,0.39999999999513314,1.52897139393815e-10,0,3
13.9,4.401683793327449,2.899895707409397,0.47354288504998676,0.3999999999953197,1.470359389799114e-10,0,3
13.92,4.4088034587034395,2.9035440446926652,0.4735428850528148,0.3999999999954991,1.4139966975079687e-10,0,3
13.94,4.415923124079423,2.907192381975954,0.4735428850555344,0.39999999999567165,1.3597989401148425e-10,0,3
13.96,4.423042789455399,2.9108407192592636,0.47354288505814973,0.3999999999958375,1.3076828508928884e-10,0,3
13.98,4.43016245483137,2.914489056542592,0.4735428850606649,0.39999999999599706,1.2575673835613088e-10,0,3
14.0,4.4372821202073345,2.918137393825939,0.4735428850630836,0.3999999999961505,1.2093759327314046e-10,0,3
14.02,4.444401785583293,2.921785731109304,0.4735428850654097,0.399999999996298,1.1630363339065752e-10,0,3
14.040000000000001,4.451521450959246,2.9254340683926863,0.47354288506764664,0.3999999999964398,1.1184753123671953e-10,0,3
14.06,4.458641116335193,2.9290824056760854,0.47354288506979786,0.3999999999965762,1.0756251445087628e-10,0,3
14.08,4.465760781711135,2.9327307429595,0.4735428850718667,0.3999999999967074,1.0344192169498001e-10,0,3
14.1,4.472880447087072,2.93637908024293,0.4735428850738563,0.3999999999968335,9.947953572009283e-11,0,3
14.120000000000001,4.480000112463005,2.940027417526375,0.47354288507576964,0.3999999999969548,9.566902825497436e-11,0,3
14.14,4.487119777838933,2.943675754809834,0.4735428850776097,0.3999999999970714,9.200507022910642e-11,0,3
14.16,4.494239443214856,2.947324092093307,0.47354288507937936,0.39999999999718355,8.848155541585356e-11,0,3
14.18,4.501359108590775,2.9509724293767925,0.4735428850810812,0.3999999999972914,8.509326576700005e-11,0,3
14.200000000000001,4.50847877396669,2.9546207666602906,0.4735428850827179,0.3999999999973951,8.183498323433014e-11,0,3
14.22,4.515598439342601,2.958269103943801,0.47354288508429193,0.39999999999749486,7.870182283653548e-11,0,3
14.24,4.522718104718509,2.9619174412273233,0.4735428850858057,0.3999999999975908,7.568878857000527e-11,0,3
14.26,4.529837770094412,2.9655657785108565,0.47354288508726156,0.399999999997683,7.279132852033854e-11,0,3
14.280000000000001,4.5369574354703115,2.9692141157944008,0.47354288508866166,0.3999999999977717,7.000489077313432e-11,0,3
14.3,4.544077100846208,2.9728624530779553,0.47354288509000814,0.39999999999785696,6.732525648089904e-11,0,3
14.32,4.551196766222102,2.9765107903615196,0.4735428850913031,0.399999999997939,6.474865088534898e-11,0,3
14.34,4.558316431597992,2.9801591276450936,0.4735428850925485,0.3999999999980179,6.227085513899056e-11,0,3
14.36,4.565436096973879,2.983807464928677,0.47354288509374626,0.3999999999980937,5.988798346123758e-11,0,3
14.38,4.572555762349763,2.9874558022122693,0.47354288509489817,0.3999999999981667,5.759648313841126e-11,0,3
14.4,4.579675427725645,2.99110413949587,0.473542885096006,0.3999999999982368,5.5392801456832785e-11,0,3
14.42,4.586795093101524,2.9947524767794786,0.4735428850970715,0.39999999999830427,5.327371876973075e-11,0,3
14.44,4.593914758477401,2.9984008140630953,0.4735428850980962,0.39999999999836916,5.1236015430333737e-11,0,3
14.46,4.6010344238532745,3.0020491513467196,0.47354288509908177,0.3999999999984315,4.927624974726541e-11,0,3
14.48,4.608154089229146,3.0056974886303514,0.4735428851000296,0.3999999999984915,4.7391535140661745e-11,0,3
14.5,4.615273754605015,3.00934582591399,0.4735428851009412,0.3999999999985492,4.5578985030658714e-11,0,3
14.52,4.622393419980882,3.0129941631976354,0.47354288510181797,0.3999999999986047,4.383604590429968e-11,0,3
14.540000000000001,4.629513085356747,3.016642500481287,0.4735428851026612,0.39999999999865804,4.215972015941816e-11,0,3
14.56,4.636632750732609,3.020290837764945,0.47354288510347214,0.39999999999870933,4.0547898372267355e-11,0,3
14.58,4.64375241610847,3.0239391750486093,0.4735428851042521,0.3999999999987587,3.899769396298325e-11,0,3
14.6,4.650872081484328,3.0275875123322793,0.4735428851050022,0.39999999999880614,3.7506775463214126e-11,0,3
14.620000000000001,4.657991746860185,3.0312358496159546,0.4735428851057237,0.3999999999988518,3.607314447151566e-11,0,3
14.64,4.66511141223604,3.0348841868996352,0.47354288510641757,0.3999999999988957,3.469435849723368e-11,0,3
14.66,4.672231077611894,3.038532524183321,0.4735428851070849,0.39999999999893787,3.336853016122632e-11,0,3
14.68,4.6793507429877454,3.042180861467012,0.4735428851077268,0.39999999999897845,3.209332799514186e-11,0,3
14.700000000000001,4.686470408363596,3.045829198750708,0.47354288510834414,0.39999999999901753,3.086686461983845e-11,0,3
14.72,4.693590073739445,3.049477536034408,0.4735428851089379,0.39999999999905506,2.968758572308161e-11,0,3
14.74,4.700709739115292,3.0531258733181126,0.4735428851095089,0.39999999999909114,2.855338188112455e-11,0,3
14.76,4.707829404491139,3.056774210601821,0.47354288511005815,0.3999999999991259,2.7462587759430335e-11,0,3
14.780000000000001,4.714949069866983,3.0604225478855343,0.47354288511058645,0.39999999999915925,2.641376006806695e-11,0,3
14.8,4.722068735242827,3.064070885169251,0.47354288511109455,0.3999999999991914,2.5404678360985145e-11,0,3
14.82,4.729188400618669,3.0677192224529715,0.4735428851115832,0.39999999999922226,2.4434565482067683e-11,0,3
14.84,4.73630806599451,3.0713675597366956,0.4735428851120532,0.39999999999925195,2.350142302987024e-11,0,3
14.86,4.74342773137035,3.0750158970204233,0.4735428851125053,0.3999999999992805,2.2604029759065725e-11,0,3
14.88,4.750547396746189,3.078664234304154,0.4735428851129401,0.399999999999308,2.174105340202459e-11,0,3
14.9,4.757667062122026,3.0823125715878885,0.47354288511335835,0.39999999999933444,2.0911161691117286e-11,0,3
14.92,4.764786727497863,3.085960908871626,0.4735428851137606,0.3999999999993598,2.0112800314109336e-11,0,3
14.94,4.771906392873698,3.089609246155366,0.4735428851141475,0.39999999999938424,1.9344970070278578e-11,0,3
14.96,4.779026058249533,3.0932575834391094,0.47354288511451964,0.3999999999994077,1.860667175890285e-11,0,3
14.98,4.786145723625367,3.0969059207228553,0.4735428851148776,0.39999999999943037,1.7896462090050136e-11,0,3
15.0,4.7932653890012,3.100554258006604,0.47354288511522186,0.3999999999994521,1.7213563907603202e-11,0,3
15.02,4.800385054377032,3.104202595290355,0.473542885115553,0.399999999999473,1.6556644943932497e-11,0,3
15.040000000000001,4.807504719752863,3.1078509325741086,0.4735428851158715,0.3999999999994931,1.5924928042920783e-11,0,3
15.06,4.814624385128694,3.1114992698578643,0.47354288511617787,0.39999999999951247,1.5317302981543435e-11,0,3
15.08,4.821744050504523,3.1151476071416226,0.4735428851164725,0.39999999999953106,1.4732992603683215e-11,0,3
15.1,4.8288637158803525,3.1187959444253828,0.47354288511675596,0.39999999999954894,1.4170886686315498e-11,0,3
15.120000000000001,4.835983381256181,3.122444281709145,0.4735428851170286,0.39999999999956615,1.3630541140230434e-11,0,3
15.14,4.843103046632009,3.1260926189929097,0.4735428851172908,0.3999999999995827,1.3110845742403399e-11,0,3
15.16,4.850222712007835,3.129740956276676,0.47354288511754306,0.3999999999995986,1.2610801292112228e-11,0,3
15.18,4.857342377383662,3.133389293560444,0.47354288511778564,0.39999999999961394,1.212985267784461e-11,0,3
15.200000000000001,4.864462042759488,3.137037630844214,0.473542885118019,0.39999999999962865,1.1667555810390695e-11,0,3
15.22,4.871581708135313,3.1406859681279857,0.47354288511824344,0.3999999999996428,1.1222800466725857e-11,0,3
15.24,4.878701373511138,3.144334305411759,0.4735428851184593,0.3999999999996564,1.0795031535337785e-11,0,3
15.26,4.885821038886962,3.1479826426955344,0.473542885118667,0.3999999999996695,1.0383582882411702e-11,0,3
15.280000000000001,4.892940704262786,3.151630979979311,0.4735428851188667,0.3999999999996821,9.987788374132833e-12,0,3
15.3,4.900060369638609,3.155279317263089,0.47354288511905884,0.3999999999996942,9.607314943593792e-12,0,3
15.32,4.907180035014433,3.1589276545468685,0.4735428851192437,0.39999999999970587,9.24138543467734e-12,0,3
15.34,4.914299700390255,3.1625759918306495,0.4735428851194215,0.399999999999717,8.889222691266241e-12,0,3
15.36,4.921419365766077,3.166224329114432,0.4735428851195925,0.39999999999972785,8.550493646453106e-12,0,3
15.38,4.928539031141899,3.169872666398215,0.473542885119757,0.39999999999973823,8.224754211028085e-12,0,3
15.4,4.93565869651772,3.1735210036819996,0.4735428851199152,0.39999999999974817,7.911560295781328e-12,0,3
15.42,4.942778361893541,3.1771693409657855,0.4735428851200674,0.39999999999975777,7.610467811502986e-12,0,3
15.44,4.949898027269361,3.1808176782495723,0.47354288512021386,0.399999999999767,7.320588579773357e-12,0,3
15.46,4.957017692645181,3.1844660155333604,0.4735428851203547,0.39999999999977587,7.04181157828998e-12,0,3
15.48,4.964137358021,3.1881143528171494,0.47354288512049014,0.3999999999997844,6.773692717843005e-12,0,3
15.5,4.97125702339682,3.1917626901009393,0.4735428851206205,0.39999999999979263,6.515898931525044e-12,0,3
15.52,4.978376688772639,3.1954110273847305,0.4735428851207458,0.3999999999998005,6.267986130126246e-12,0,3
15.540000000000001,4.985496354148458,3.1990593646685226,0.4735428851208664,0.39999999999980806,6.029288179831838e-12,0,3
15.56,4.992616019524276,3.2027077019523156,0.4735428851209824,0.3999999999998154,5.799805080641818e-12,0,3
15.58,4.999735684900094,3.2063560392361095,0.473542885121094,0.39999999999982244,5.579092743346337e-12,0,3
15.6,5.006855350275912,3.210004376519904,0.47354288512120135,0.39999999999982916,5.366596056433082e-12,0,3
15.620000000000001,5.01397501565173,3.213652713803699,0.4735428851213046,0.3999999999998357,5.162537064506978e-12,0,3
15.64,5.021094681027547,3.217301051087495,0.4735428851214039,0.3999999999998419,4.96624963375325e-12,0,3
15.66,5.028214346403364,3.220949388371292,0.47354288512149945,0.399999999999848,4.7772896749620486e-12,0,3
15.68,5.035334011779181,3.2245977256550895,0.4735428851215914,0.39999999999985375,4.5955461658309105e-12,0,3
15.700000000000001,5.042453677154998,3.228246062938888,0.4735428851216798,0.3999999999998593,4.420797061754911e-12,0,3
15.72,5.049573342530814,3.2318944002226866,0.47354288512176484,0.3999999999998647,4.252709295826662e-12,0,3
15.74,5.05669300790663,3.2355427375064862,0.47354288512184667,0.3999999999998698,4.090949801138777e-12,0,3
15.76,5.063812673282446,3.2391910747902863,0.4735428851219254,0.39999999999987473,3.93529653308633e-12,0,3
15.780000000000001,5.070932338658262,3.242839412074087,0.4735428851220011,0.3999999999998795,3.785749491669321e-12,0,3
15.8,5.078052004034078,3.2464877493578883,0.47354288512207393,0.3999999999998841,3.6419756099803635e-12,0,3
15.82,5.085171669409894,3.25013608664169,0.473542885122144,0.3999999999998885,3.5035307988096065e-12,0,3
15.84,5.092291334785709,3.2537844239254925,0.4735428851222114,0.3999999999998927,3.3704150581570502e-12,0,3
15.860000000000001,5.099411000161524,3.2574327612092953,0.4735428851222762,0.3999999999998968,3.242295321115307e-12,0,3
15.88,5.106530665537339,3.2610810984930985,0.4735428851223386,0.3999999999999007,3.1191715876843773e-12,0,3
15.9,5.1136503309131545,3.264729435776902,0.4735428851223986,0.3999999999999045,3.000710790956873e-12,0,3
15.92,5.120769996288969,3.268377773060706,0.47354288512245635,0.39999999999990815,2.8869129309327946e-12,0,3
15.94,5.127889661664783,3.2720261103445107,0.4735428851225119,0.3999999999999116,2.777222896099829e-12,0,3
15.96,5.135009327040597,3.2756744476283157,0.47354288512256537,0.399999999999915,2.6716406864579767e-12,0,3
15.98,5.142128992416412,3.279322784912121,0.4735428851226168,0.3999999999999182,2.5701663020072374e-12,0,3
16.0,5.149248657792226,3.282971122195927,0.47354288512266624,0.3999999999999213,2.472577698142686e-12,0,3
16.02,5.15636832316804,3.2866194594797333,0.4735428851227138,0.3999999999999243,2.3787638525618604e-12,0,3
16.04,5.163487988543855,3.2902677967635396,0.47354288512275955,0.3999999999999272,2.2883916983573727e-12,0,3
16.06,5.170607653919668,3.2939161340473464,0.47354288512280357,0.39999999999992997,2.2017943024366105e-12,0,3
16.080000000000002,5.177727319295482,3.2975644713311536,0.4735428851228459,0.39999999999993263,2.118194508682336e-12,0,3
16.1,5.184846984671295,3.3012128086149612,0.47354288512288667,0.39999999999993513,2.037814361699475e-12,0,3
16.12,5.1919666500471084,3.304861145898769,0.47354288512292586,0.3999999999999376,1.9604318168831014e-12,0,3
16.14,5.199086315422922,3.308509483182577,0.4735428851229636,0.39999999999993996,1.8861578965356784e-12,0,3
16.16,5.206205980798735,3.3121578204663855,0.4735428851229999,0.39999999999994224,1.8145485114473558e-12,0,3
16.18,5.213325646174549,3.315806157750194,0.47354288512303483,0.39999999999994446,1.7456036616181336e-12,0,3
16.2,5.220445311550362,3.319454495034003,0.4735428851230684,0.39999999999994656,1.6795453916529368e-12,0,3
16.22,5.227564976926176,3.323102832317812,0.4735428851231007,0.3999999999999486,1.6158185900394528e-12,0,3
16.240000000000002,5.234684642301989,3.3267511696016214,0.4735428851231318,0.39999999999995056,1.5547563236850692e-12,0,3
16.26,5.241804307677802,3.330399506885431,0.4735428851231617,0.3999999999999524,1.495914503379936e-12,0,3
16.28,5.248923973053614,3.3340478441692407,0.47354288512319054,0.39999999999995417,1.4391821068215904e-12,0,3
16.3,5.256043638429427,3.3376961814530506,0.47354288512321824,0.39999999999995595,1.3845591340100327e-12,0,3
16.32,5.263163303805239,3.341344518736861,0.4735428851232449,0.3999999999999576,1.3320455849452628e-12,0,3
16.34,5.270282969181052,3.344992856020671,0.47354288512327053,0.3999999999999592,1.2815304373248182e-12,0,3
16.36,5.277402634556864,3.348641193304482,0.4735428851232952,0.3999999999999608,1.2330136911486989e-12,0,3
16.38,5.284522299932677,3.3522895305882927,0.4735428851233189,0.3999999999999623,1.1862733018119798e-12,0,3
16.4,5.291641965308489,3.355937867872104,0.4735428851233417,0.3999999999999637,1.1414202916171234e-12,0,3
16.42,5.298761630684302,3.359586205155915,0.4735428851233637,0.39999999999996505,1.0981215936567423e-12,0,3
16.44,5.3058812960601145,3.3632345424397263,0.4735428851233848,0.3999999999999664,1.056488230233299e-12,0,3
16.46,5.313000961435927,3.366882879723538,0.47354288512340514,0.39999999999996766,1.0165202013467933e-12,0,3
16.48,5.32012062681174,3.3705312170073496,0.4735428851234247,0.3999999999999689,9.78106484694763e-13,0,3
16.5,5.327240292187552,3.3741795542911612,0.4735428851234435,0.39999999999997005,9.411360579747452e-13,0,3
16.52,5.334359957563365,3.3778278915749733,0.4735428851234616,0.3999999999999712,9.057199434892027e-13,0,3
16.54,5.341479622939177,3.3814762288587854,0.47354288512347903,0.39999999999997227,8.714140520282854e-13,0,3
16.56,5.348599288314989,3.3851245661425975,0.4735428851234958,0.3999999999999733,8.385514504993807e-13,0,3
16.580000000000002,5.3557189536908005,3.3887729034264096,0.47354288512351195,0.3999999999999744,8.067990719951013e-13,0,3
16.6,5.362838619066612,3.392421240710222,0.4735428851235275,0.3999999999999753,7.762679388179095e-13,0,3
16.62,5.369958284442424,3.3960695779940346,0.4735428851235424,0.39999999999997626,7.467360063628803e-13,0,3
16.64,5.3770779498182355,3.399717915277847,0.4735428851235568,0.39999999999997715,7.184253192349388e-13,0,3
16.66,5.384197615194047,3.4033662525616597,0.4735428851235706,0.39999999999997804,6.912248551316225e-13,0,3
16.68,5.391317280569859,3.4070145898454727,0.47354288512358395,0.3999999999999788,6.651346140529313e-13,0,3
16.7,5.3984369459456705,3.4106629271292856,0.47354288512359677,0.39999999999997965,6.398215290914777e-13,0,3
16.72,5.405556611321482,3.4143112644130986,0.4735428851236091,0.3999999999999804,6.155076448521868e-13,0,3
16.740000000000002,5.412676276697294,3.4179596016969116,0.4735428851236209,0.3999999999999812,5.921929613350585e-13,0,3
16.76,5.419795942073105,3.421607938980725,0.4735428851236323,0.39999999999998187,5.699885008425554e-13,0,3
16.78,5.426915607448917,3.4252562762645384,0.4735428851236433,0.3999999999999826,5.483391518623648e-13,0,3
16.8,5.434035272824729,3.428904613548352,0.47354288512365383,0.39999999999998326,5.274669589994119e-13,0,3
16.82,5.44115493820054,3.4325529508321653,0.473542885123664,0.39999999999998387,5.075939668586216e-13,0,3
16.84,5.448274603576352,3.4362012881159787,0.47354288512367376,0.3999999999999845,4.883871085326064e-13,0,3
16.86,5.455394268952164,3.439849625399792,0.47354288512368314,0.39999999999998503,4.699574063238288e-13,0,3
16.88,5.462513934327975,3.443497962683606,0.4735428851236922,0.39999999999998564,4.524158825347513e-13,0,3
16.9,5.469633599703787,3.44714629996742,0.4735428851237009,0.39999999999998614,4.3520742565306136e-13,0,3
16.92,5.476753265079599,3.4507946372512337,0.4735428851237093,0.3999999999999867,4.1877612488860905e-13,0,3
16.94,5.48387293045541,3.4544429745350476,0.47354288512371734,0.3999999999999872,4.030109579389318e-13,0,3
16.96,5.490992595831222,3.4580913118188614,0.4735428851237251,0.3999999999999877,3.878009025015672e-13,0,3
16.98,5.498112261207034,3.4617396491026753,0.47354288512373255,0.39999999999998814,3.7325698087897763e-13,0,3
17.0,5.505231926582845,3.465387986386489,0.4735428851237397,0.3999999999999886,3.5937919307116317e-13,0,3
17.02,5.512351591958657,3.4690363236703035,0.47354288512374665,0.39999999999998903,3.459454944731988e-13,0,3
17.04,5.519471257334469,3.4726846609541178,0.4735428851237533,0.3999999999999894,3.3284486278262193e-13,0,3
17.06,5.52659092271028,3.476332998237932,0.4735428851237597,0.3999999999999898,3.2029934260435766e-13,0,3
17.080000000000002,5.533710588086092,3.4799813355217464,0.47354288512376586,0.3999999999999902,3.0819791163594346e-13,0,3
17.1,5.540830253461904,3.4836296728055607,0.4735428851237718,0.3999999999999906,2.9665159217984183e-13,0,3
17.12,5.547949918837715,3.487278010089375,0.4735428851237775,0.3999999999999909,2.8554936193359026e-13,0,3
17.14,5.555069584213527,3.4909263473731893,0.473542885123783,0.39999999999999125,2.7489122089718876e-13,0,3
17.16,5.562189249589339,3.4945746846570036,0.4735428851237883,0.3999999999999916,2.646771690706373e-13,0,3
17.18,5.56930891496515,3.498223021940818,0.4735428851237934,0.3999999999999919,2.5479618415147343e-13,0,3
17.2,5.576428580340962,3.501871359224632,0.4735428851237983,0.3999999999999922,2.453592884421596e-13,0,3
17.22,5.5835482457167736,3.505519696508447,0.473542885123803,0.39999999999999253,2.3636648194269583e-13,0,3
17.240000000000002,5.590667911092585,3.5091680337922617,0.47354288512380754,0.3999999999999928,2.274846977456946e-13,0,3
17.26,5.597787576468397,3.5128163710760765,0.47354288512381193,0.39999999999999303,2.1893598045608087e-13,0,3
17.28,5.6049072418442085,3.5164647083598912,0.47354288512381615,0.3999999999999933,2.107203300738547e-13,0,3
17.3,5.61202690722002,3.520113045643706,0.4735428851238202,0.3999999999999936,2.028377465990161e-13,0,3
17.32,5.619146572595832,3.5237613829275207,0.4735428851238241,0.3999999999999938,1.9528823003156504e-13,0,3
17.34,5.6262662379716435,3.5274097202113355,0.47354288512382786,0.399999999999994,1.87960758069039e-13,0,3
17.36,5.633385903347455,3.5310580574951502,0.47354288512383147,0.39999999999999425,1.8096635301390052e-13,0,3
17.38,5.640505568723267,3.534706394778965,0.47354288512383497,0.39999999999999447,1.7430501486614958e-13,0,3
17.400000000000002,5.6476252340990785,3.5383547320627797,0.4735428851238383,0.3999999999999947,1.6786572132332367e-13,0,3
17.42,5.654744899474889,3.5420030693465945,0.4735428851238415,0.39999999999999486,1.617594946878853e-13,0,3
17.44,5.6618645648507,3.5456514066304092,0.4735428851238446,0.399999999999995,1.5565326805244695e-13,0,3
17.46,5.668984230226511,3.549299743914224,0.4735428851238476,0.39999999999999525,1.4976908602193362e-13,0,3
17.48,5.6761038956023215,3.5529480811980387,0.4735428851238505,0.39999999999999547,1.4410694859634532e-13,0,3
17.5,5.683223560978132,3.5565964184818535,0.4735428851238533,0.39999999999999564,1.3866685577568205e-13,0,3
17.52,5.690343226353943,3.5602447557656682,0.47354288512385595,0.39999999999999575,1.333377852574813e-13,0,3
17.54,5.697462891729754,3.563893093049483,0.4735428851238585,0.3999999999999959,1.283417816466681e-13,0,3
17.56,5.704582557105565,3.567541430333298,0.473542885123861,0.3999999999999961,1.2356782264077992e-13,0,3
17.580000000000002,5.711702222481375,3.5711897676171134,0.4735428851238634,0.39999999999999625,1.1868284133242923e-13,0,3
17.6,5.718821887857186,3.5748381049009286,0.47354288512386566,0.39999999999999636,1.1390888232654106e-13,0,3
17.62,5.725941553232997,3.5784864421847438,0.47354288512386783,0.3999999999999966,1.0946799022804043e-13,0,3
17.64,5.733061218608808,3.582134779468559,0.47354288512386994,0.3999999999999967,1.0524914273446484e-13,0,3
17.66,5.7401808839846185,3.585783116752374,0.47354288512387194,0.3999999999999968,1.0103029524088925e-13,0,3
17.68,5.747300549360429,3.5894314540361894,0.4735428851238739,0.3999999999999969,9.71445146547012e-14,0,3
17.7,5.75442021473624,3.5930797913200045,0.47354288512387577,0.399999999999997,9.325873406851315e-14,0,3
17.72,5.761539880112051,3.5967281286038197,0.47354288512387754,0.3999999999999972,8.959499808725013e-14,0,3
17.740000000000002,5.7686595454878615,3.600376465887635,0.47354288512387926,0.39999999999999725,8.615330671091215e-14,0,3
17.76,5.775779210863672,3.60402480317145,0.47354288512388093,0.3999999999999974,8.271161533457416e-14,0,3
17.78,5.782898876239483,3.6076731404552653,0.47354288512388254,0.39999999999999747,7.949196856316121e-14,0,3
17.8,5.790018541615294,3.6113214777390805,0.4735428851238841,0.3999999999999976,7.638334409421077e-14,0,3
17.82,5.797138206991105,3.6149698150228957,0.47354288512388554,0.3999999999999977,7.327471962526033e-14,0,3
17.84,5.804257872366915,3.618618152306711,0.4735428851238869,0.39999999999999775,7.049916206369744e-14,0,3
17.86,5.811377537742726,3.622266489590526,0.47354288512388826,0.39999999999999786,6.783462680459706e-14,0,3
17.88,5.818497203118537,3.6259148268743413,0.47354288512388953,0.3999999999999979,6.517009154549669e-14,0,3
17.900000000000002,5.825616868494348,3.6295631641581565,0.4735428851238908,0.399999999999998,6.272760089132134e-14,0,3
17.92,5.8327365338701584,3.6332115014419717,0.47354288512389203,0.39999999999999813,6.0285110237146e-14,0,3
17.94,5.839856199245969,3.636859838725787,0.4735428851238932,0.3999999999999982,5.784261958297066e-14,0,3
17.96,5.84697586462178,3.640508176009602,0.4735428851238943,0.39999999999999825,5.562217353372034e-14,0,3
17.98,5.854095529997591,3.6441565132934173,0.47354288512389536,0.39999999999999836,5.3512749786932545e-14,0,3
18.0,5.8612151953734015,3.6478048505772325,0.4735428851238964,0.39999999999999836,5.140332604014475e-14,0,3
18.02,5.868334860749212,3.6514531878610477,0.4735428851238974,0.39999999999999847,4.9404924595819466e-14,0,3
18.04,5.875454526125023,3.655101525144863,0.47354288512389836,0.3999999999999985,4.75175454539567e-14,0,3
18.06,5.882574191500834,3.658749862428678,0.47354288512389925,0.3999999999999986,4.5630166312093934e-14,0,3
18.080000000000002,5.889693856876645,3.6623981997124933,0.47354288512390014,0.3999999999999986,4.39648317751562e-14,0,3
18.1,5.896813522252455,3.6660465369963084,0.47354288512390097,0.3999999999999987,4.2299497238218464e-14,0,3
18.12,5.903933187628266,3.6696948742801236,0.4735428851239018,0.39999999999999875,4.063416270128073e-14,0,3
18.14,5.911052853004077,3.673343211563939,0.4735428851239026,0.3999999999999988,3.907985046680551e-14,0,3
18.16,5.918172518379888,3.676991548847754,0.47354288512390336,0.3999999999999988,3.7636560534792807e-14,0,3
18.18,5.925292183755698,3.6806398861315692,0.4735428851239041,0.39999999999999886,3.608224830031759e-14,0,3
18.2,5.932411849131509,3.6842882234153844,0.4735428851239048,0.3999999999999989,3.47499806707674e-14,0,3
18.22,5.93953151450732,3.6879365606991996,0.47354288512390547,0.39999999999999897,3.341771304121721e-14,0,3
18.240000000000002,5.946651179883131,3.691584897983015,0.47354288512390613,0.399999999999999,3.219646771412954e-14,0,3
18.26,5.9537708452589415,3.69523323526683,0.47354288512390674,0.399999999999999,3.086420008457935e-14,0,3
18.28,5.960890510634752,3.698881572550645,0.47354288512390735,0.3999999999999991,2.9753977059954195e-14,0,3
18.3,5.968010176010563,3.7025299098344604,0.4735428851239079,0.3999999999999991,2.864375403532904e-14,0,3
18.32,5.975129841386374,3.7061782471182756,0.47354288512390846,0.39999999999999913,2.7644553313166398e-14,0,3
18.34,5.982249506762185,3.709826584402091,0.473542885123909,0.3999999999999992,2.653433028854124e-14,0,3
18.36,5.989369172137995,3.713474921685906,0.4735428851239095,0.39999999999999925,2.55351295663786e-14,0,3
18.38,5.996488837513806,3.717123258969721,0.47354288512391,0.39999999999999925,2.4646951146678475e-14,0,3
18.400000000000002,6.003608502889617,3.7207715962535364,0.4735428851239105,0.39999999999999925,2.375877272697835e-14,0,3
18.42,6.010728168265428,3.7244199335373516,0.47354288512391096,0.3999999999999993,2.275957200481571e-14,0,3
18.44,6.017847833641238,3.7280682708211668,0.4735428851239114,0.3999999999999993,2.19824158875781e-14,0,3
18.46,6.024967499017049,3.731716608104982,0.47354288512391185,0.39999999999999936,2.120525977034049e-14,0,3
18.48,6.03208716439286,3.735364945388797,0.47354288512391224,0.39999999999999936,2.042810365310288e-14,0,3
18.5,6.039206829768671,3.7390132826726123,0.4735428851239126,0.3999999999999994,1.965094753586527e-14,0,3
18.52,6.0463264951444815,3.7426616199564275,0.473542885123913,0.3999999999999994,1.8984813721090177e-14,0,3
18.54,6.053446160520292,3.7463099572402427,0.4735428851239134,0.39999999999999947,1.8318679906315083e-14,0,3
18.56,6.060565825896103,3.749958294524058,0.47354288512391374,0.39999999999999947,1.765254609153999e-14,0,3
18.580000000000002,6.067685491271914,3.753606631807873,0.47354288512391407,0.39999999999999947,1.6986412276764895e-14,0,3
18.6,6.074805156647725,3.7572549690916883,0.4735428851239144,0.39999999999999947,1.6431300764452317e-14,0,3
18.62,6.081924822023535,3.7609033063755035,0.47354288512391474,0.3999999999999995,1.587618925213974e-14,0,3
18.64,6.089044487399346,3.7645516436593187,0.47354288512391507,0.3999999999999995,1.532107773982716e-14,0,3
18.66,6.096164152775157,3.768199980943134,0.47354288512391535,0.3999999999999995,1.4765966227514582e-14,0,3
18.68,6.103283818150968,3.771848318226949,0.4735428851239156,0.3999999999999996,1.432187701766452e-14,0,3
18.7,6.110403483526778,3.7754966555107643,0.4735428851239159,0.3999999999999996,1.3766765505351941e-14,0,3
18.72,6.117523148902589,3.7791449927945795,0.4735428851239162,0.3999999999999996,1.3322676295501878e-14,0,3
18.740000000000002,6.1246428142784,3.7827933300783947,0.47354288512391646,0.39999999999999963,1.2878587085651816e-14,0,3
18.76,6.131762479654211,3.78644166736221,0.4735428851239167,0.39999999999999963,1.2434497875801753e-14,0,3
18.78,6.1388821450300215,3.790090004646025,0.4735428851239169,0.39999999999999963,1.2101430968414206e-14,0,3
18.8,6.146001810405832,3.7937383419298403,0.4735428851239171,0.3999999999999997,1.176836406102666e-14,0,3
18.82,6.153121475781643,3.7973866792136555,0.47354288512391735,0.3999999999999997,1.1324274851176597e-14,0,3
18.84,6.160241141157454,3.8010350164974707,0.47354288512391757,0.3999999999999997,1.099120794378905e-14,0,3
18.86,6.167360806533265,3.8046833537812863,0.4735428851239178,0.3999999999999997,1.0658141036401503e-14,0,3
18.88,6.174480471909075,3.808331691065102,0.473542885123918,0.3999999999999997,9.992007221626409e-15,0,3
18.900000000000002,6.181600137284886,3.8119800283489176,0.4735428851239182,0.3999999999999997,9.325873406851315e-15,0,3
18.92,6.188719802660697,3.815628365632733,0.47354288512391834,0.39999999999999974,8.881784197001252e-15,0,3
18.94,6.195839468036508,3.819276702916549,0.4735428851239185,0.39999999999999974,8.326672684688674e-15,0,3
18.96,6.202959133412318,3.8229250402003645,0.4735428851239187,0.39999999999999974,7.771561172376096e-15,0,3
18.98,6.210078798788129,3.82657337748418,0.47354288512391884,0.3999999999999998,7.216449660063518e-15,0,3
19.0,6.21719846416394,3.8302217147679958,0.47354288512391896,0.3999999999999998,6.661338147750939e-15,0,3
19.02,6.224318129539751,3.8338700520518114,0.47354288512391907,0.39999999999999986,6.217248937900877e-15,0,3
19.04,6.2314377949155615,3.837518389335627,0.4735428851239192,0.39999999999999986,5.773159728050814e-15,0,3
19.06,6.238557460291372,3.8411667266194427,0.4735428851239193,0.39999999999999986,5.329070518200751e-15,0,3
19.080000000000002,6.245677125667183,3.8448150639032583,0.4735428851239194,0.39999999999999986,4.884981308350689e-15,0,3
19.1,6.252796791042994,3.848463401187074,0.4735428851239195,0.3999999999999999,4.440892098500626e-15,0,3
19.12,6.259916456418805,3.8521117384708896,0.47354288512391957,0.3999999999999999,3.9968028886505635e-15,0,3
19.14,6.267036121794615,3.8557600757547053,0.4735428851239196,0.3999999999999999,3.6637359812630166e-15,0,3
19.16,6.274155787170426,3.859408413038521,0.4735428851239197,0.3999999999999999,3.3306690738754696e-15,0,3
19.18,6.281275452546237,3.8630567503223365,0.47354288512391973,0.3999999999999999,2.9976021664879227e-15,0,3
19.2,6.288395117922048,3.866705087606152,0.4735428851239198,0.3999999999999999,2.6645352591003757e-15,0,3
19.22,6.295514783297858,3.870353424889968,0.47354288512391984,0.3999999999999999,2.3314683517128287e-15,0,3
19.240000000000002,6.302634448673669,3.8740017621737834,0.4735428851239199,0.39999999999999997,1.9984014443252818e-15,0,3
19.26,6.30975411404948,3.877650099457599,0.47354288512391995,0.39999999999999997,1.6653345369377348e-15,0,3
19.28,6.316873779425291,3.8812984367414147,0.47354288512391995,0.39999999999999997,1.3322676295501878e-15,0,3
19.3,6.3239934448011015,3.8849467740252304,0.47354288512391995,0.39999999999999997,1.1102230246251565e-15,0,3
19.32,6.331113110176912,3.888595111309046,0.47354288512391995,0.39999999999999997,8.881784197001252e-16,0,3
19.34,6.338232775552723,3.8922434485928616,0.47354288512391995,0.4,5.551115123125783e-16,0,3
19.36,6.345352440928534,3.8958917858766773,0.47354288512391995,0.4,3.3306690738754696e-16,0,3
19.38,6.352472106304345,3.899540123160493,0.47354288512391995,0.4,1.1102230246251565e-16,0,3
19.400000000000002,6.359591771680155,3.9031884604443086,0.47354288512391995,0.4,-1.1102230246251565e-16,0,3
19.42,6.366711437055966,3.906836797728124,0.47354288512391995,0.4,-3.3306690738754696e-16,0,3
19.44,6.373831102431777,3.91048513501194,0.47354288512391995,0.4,-5.551115123125783e-16,0,3
19.46,6.380950767807588,3.9141334722957555,0.47354288512391995,0.39999999999999997,-8.881784197001252e-16,0,3
19.48,6.388070433183398,3.917781809579571,0.47354288512391995,0.39999999999999997,-1.1102230246251565e-15,0,3
19.5,6.395190098559209,3.9214301468633868,0.47354288512391995,0.39999999999999997,-1.3322676295501878e-15,0,3
19.52,6.40230976393502,3.9250784841472024,0.4735428851239199,0.39999999999999997,-1.5543122344752192e-15,0,3
19.54,6.409429429310831,3.928726821431018,0.47354288512391984,0.39999999999999997,-1.7763568394002505e-15,0,3
19.56,6.4165490946866415,3.9323751587148337,0.4735428851239198,0.39999999999999997,-1.887379141862766e-15,0,3
19.580000000000002,6.423668760062452,3.9360234959986493,0.47354288512391973,0.39999999999999997,-1.9984014443252818e-15,0,3
19.6,6.430788425438263,3.939671833282465,0.4735428851239197,0.3999999999999999,-2.220446049250313e-15,0,3
19.62,6.437908090814074,3.9433201705662806,0.4735428851239196,0.3999999999999999,-2.3314683517128287e-15,0,3
19.64,6.4450277561898845,3.9469685078500962,0.47354288512391957,0.3999999999999999,-2.4424906541753444e-15,0,3
19.66,6.452147421565695,3.950616845133912,0.4735428851239195,0.3999999999999999,-2.6645352591003757e-15,0,3
19.68,6.459267086941506,3.9542651824177275,0.47354288512391945,0.3999999999999999,-2.7755575615628914e-15,0,3
19.7,6.466386752317317,3.957913519701543,0.4735428851239194,0.3999999999999999,-2.9976021664879227e-15,0,3
19.72,6.473506417693128,3.961561856985359,0.47354288512391934,0.3999999999999999,-3.1086244689504383e-15,0,3
19.740000000000002,6.480626083068938,3.9652101942691744,0.4735428851239193,0.3999999999999999,-3.219646771412954e-15,0,3
19.76,6.487745748444749,3.96885853155299,0.47354288512391923,0.3999999999999999,-3.4416913763379853e-15,0,3
19.78,6.49486541382056,3.9725068688368057,0.4735428851239192,0.3999999999999999,-3.552713678800501e-15,0,3
19.8,6.501985079196371,3.9761552061206213,0.4735428851239191,0.3999999999999999,-3.774758283725532e-15,0,3
19.82,6.5091047445721815,3.979803543404437,0.47354288512391907,0.3999999999999999,-3.885780586188048e-15,0,3
19.84,6.516224409947992,3.9834518806882526,0.473542885123919,0.3999999999999999,-4.107825191113079e-15,0,3
19.86,6.523344075323803,3.9871002179720683,0.4735428851239189,0.3999999999999999,-4.3298697960381105e-15,0,3
19.88,6.530463740699614,3.990748555255884,0.4735428851239188,0.3999999999999999,-4.3298697960381105e-15,0,3
19.900000000000002,6.5375834060754245,3.9943968925396995,0.4735428851239187,0.3999999999999999,-4.440892098500626e-15,0,3
19.92,6.544703071451235,3.998045229823515,0.47354288512391857,0.3999999999999999,-4.440892098500626e-15,0,3
19.94,6.551822736827046,4.00169356710733,0.47354288512391846,0.3999999999999999,-4.551914400963142e-15,0,3
19.96,6.558942402202857,4.005341904391146,0.47354288512391834,0.3999999999999999,-4.218847493575595e-15,0,3
19.98,6.566062067578668,4.008990241674961,0.4735428851239183,0.3999999999999999,-3.9968028886505635e-15,0,3
20.0,6.573181732954478,4.012638578958776,0.47354288512391823,0.3999999999999999,-3.774758283725532e-15,0,3
20.02,6.580301398330289,4.016286916242591,0.4735428851239182,0.3999999999999999,-3.552713678800501e-15,0,3
20.04,6.5874210637061,4.019935253526406,0.4735428851239181,0.3999999999999999,-3.4416913763379853e-15,0,3
20.06,6.594540729081911,4.0235835908102215,0.47354288512391807,0.3999999999999999,-3.219646771412954e-15,0,3
20.080000000000002,6.6016603944577215,4.027231928094037,0.473542885123918,0.3999999999999999,-3.1086244689504383e-15,0,3
20.1,6.608780059833532,4.030880265377852,0.47354288512391796,0.3999999999999999,-2.886579864025407e-15,0,3
20.12,6.615899725209343,4.034528602661667,0.4735428851239179,0.3999999999999999,-2.6645352591003757e-15,0,3
20.14,6.623019390585154,4.038176939945482,0.47354288512391784,0.3999999999999999,-2.55351295663786e-15,0,3
20.16,6.6301390559609645,4.0418252772292975,0.4735428851239178,0.3999999999999999,-2.3314683517128287e-15,0,3
20.18,6.637258721336775,4.045473614513113,0.47354288512391773,0.3999999999999999,-2.1094237467877974e-15,0,3
20.2,6.644378386712586,4.049121951796928,0.4735428851239177,0.39999999999999997,-1.9984014443252818e-15,0,3
20.22,6.651498052088397,4.052770289080743,0.4735428851239176,0.39999999999999997,-1.7763568394002505e-15,0,3
20.240000000000002,6.658617717464208,4.056418626364558,0.47354288512391757,0.39999999999999997,-1.5543122344752192e-15,0,3
20.26,6.665737382840018,4.0600669636483735,0.4735428851239175,0.39999999999999997,-1.4432899320127035e-15,0,3
20.28,6.672857048215829,4.063715300932189,0.4735428851239175,0.39999999999999997,-1.2212453270876722e-15,0,3
20.3,6.67997671359164,4.067363638216004,0.4735428851239175,0.39999999999999997,-1.1102230246251565e-15,0,3
20.32,6.687096378967451,4.071011975499819,0.4735428851239175,0.39999999999999997,-1.1102230246251565e-15,0,3
20.34,6.6942160443432615,4.074660312783634,0.4735428851239175,0.39999999999999997,-9.992007221626409e-16,0,3
20.36,6.701335709719072,4.0783086500674495,0.4735428851239175,0.39999999999999997,-8.881784197001252e-16,0,3
20.38,6.708455375094883,4.081956987351265,0.4735428851239175,0.39999999999999997,-8.881784197001252e-16,0,3
20.400000000000002,6.715575040470694,4.08560532463508,0.4735428851239175,0.39999999999999997,-7.771561172376096e-16,0,3
20.42,6.7226947058465045,4.089253661918895,0.4735428851239175,0.4,-6.661338147750939e-16,0,3
20.44,6.729814371222315,4.09290199920271,0.4735428851239175,0.4,-5.551115123125783e-16,0,3
20.46,6.736934036598126,4.0965503364865254,0.4735428851239175,0.4,-5.551115123125783e-16,0,3
20.48,6.744053701973937,4.100198673770341,0.4735428851239175,0.4,-4.440892098500626e-16,0,3
20.5,6.751173367349748,4.103847011054156,0.4735428851239175,0.4,-3.3306690738754696e-16,0,3
20.52,6.758293032725558,4.107495348337971,0.4735428851239175,0.4,-2.220446049250313e-16,0,3
20.54,6.765412698101369,4.111143685621786,0.4735428851239175,0.4,-2.220446049250313e-16,0,3
20.56,6.77253236347718,4.114792022905601,0.4735428851239175,0.4,-1.1102230246251565e-16,0,3
20.580000000000002,6.779652028852991,4.118440360189417,0.4735428851239175,0.4,0.0,0,3
20.6,6.786771694228801,4.122088697473232,0.4735428851239175,0.4,1.1102230246251565e-16,0,3
20.62,6.793891359604612,4.125737034757047,0.4735428851239175,0.4,1.1102230246251565e-16,0,3
20.64,6.801011024980423,4.129385372040862,0.4735428851239175,0.4,2.220446049250313e-16,0,3
20.66,6.808130690356234,4.133033709324677,0.4735428851239175,0.4,3.3306690738754696e-16,0,3
20.68,6.8152503557320445,4.136682046608493,0.4735428851239175,0.4,4.440892098500626e-16,0,3
20.7,6.822370021107855,4.140330383892308,0.4735428851239175,0.4,5.551115123125783e-16,0,3
20.72,6.829489686483666,4.143978721176123,0.4735428851239175,0.4,5.551115123125783e-16,0,3
20.740000000000002,6.836609351859477,4.147627058459938,0.4735428851239175,0.4,6.661338147750939e-16,0,3
20.76,6.843729017235288,4.151275395743753,0.4735428851239175,0.39999999999999997,7.771561172376096e-16,0,3
20.78,6.850848682611098,4.154923733027569,0.4735428851239175,0.39999999999999997,8.881784197001252e-16,0,3
20.8,6.857968347986909,4.158572070311384,0.4735428851239175,0.39999999999999997,9.992007221626409e-16,0,3
20.82,6.86508801336272,4.162220407595199,0.4735428851239175,0.39999999999999997,1.1102230246251565e-15,0,3
20.84,6.872207678738531,4.165868744879014,0.4735428851239175,0.39999999999999997,1.1102230246251565e-15,0,3
20.86,6.879327344114341,4.169517082162829,0.4735428851239175,0.39999999999999997,1.2212453270876722e-15,0,3
20.88,6.886447009490152,4.1731654194466445,0.4735428851239175,0.39999999999999997,1.3322676295501878e-15,0,3
20.900000000000002,6.893566674865963,4.17681375673046,0.47354288512391757,0.39999999999999997,1.4432899320127035e-15,0,3
20.92,6.900686340241774,4.180462094014275,0.4735428851239176,0.39999999999999997,1.4432899320127035e-15,0,3
20.94,6.9078060056175845,4.18411043129809,0.4735428851239177,0.39999999999999997,1.4432899320127035e-15,0,3
20.96,6.914925670993395,4.187758768581905,0.47354288512391773,0.39999999999999997,1.4432899320127035e-15,0,3
20.98,6.922045336369206,4.1914071058657205,0.4735428851239178,0.39999999999999997,1.4432899320127035e-15,0,3
21.0,6.929165001745017,4.195055443149536,0.47354288512391784,0.39999999999999997,1.4432899320127035e-15,0,3
21.02,6.936284667120828,4.198703780433351,0.4735428851239179,0.39999999999999997,1.4432899320127035e-15,0,3
21.04,6.943404332496638,4.202352117717166,0.4735428851239179,0.39999999999999997,1.3322676295501878e-15,0,3
21.06,6.950523997872449,4.206000455000981,0.47354288512391796,0.39999999999999997,1.4432899320127035e-15,0,3
21.080000000000002,6.95764366324826,4.2096487922847965,0.473542885123918,0.39999999999999997,1.4432899320127035e-15,0,3
21.1,6.964763328624071,4.213297129568612,0.47354288512391807,0.39999999999999997,1.4432899320127035e-15,0,3
21.12,6.971882993999881,4.216945466852427,0.4735428851239181,0.39999999999999997,1.4432899320127035e-15,0,3
21.14,6.979002659375692,4.220593804136242,0.4735428851239182,0.39999999999999997,1.4432899320127035e-15,0,3
21.16,6.986122324751503,4.224242141420057,0.47354288512391823,0.39999999999999997,1.4432899320127035e-15,0,3
21.18,6.993241990127314,4.2278904787038725,0.4735428851239183,0.39999999999999997,1.4432899320127035e-15,0,3
21.2,7.0003616555031245,4.231538815987688,0.47354288512391834,0.39999999999999997,1.4432899320127035e-15,0,3
21.22,7.007481320878935,4.235187153271503,0.4735428851239184,0.39999999999999997,1.4432899320127035e-15,0,3
21.240000000000002,7.014600986254746,4.238835490555318,0.47354288512391846,0.39999999999999997,1.4432899320127035e-15,0,3
21.26,7.021720651630557,4.242483827839133,0.4735428851239185,0.39999999999999997,1.4432899320127035e-15,0,3
21.28,7.028840317006368,4.246132165122948,0.47354288512391857,0.39999999999999997,1.4432899320127035e-15,0,3
21.3,7.035959982382178,4.249780502406764,0.4735428851239186,0.39999999999999997,1.5543122344752192e-15,0,3
21.32,7.043079647757989,4.253428839690579,0.4735428851239187,0.39999999999999997,1.5543122344752192e-15,0,3
21.34,7.0501993131338,4.257077176974394,0.47354288512391873,0.39999999999999997,1.5543122344752192e-15,0,3
21.36,7.057318978509611,4.260725514258209,0.4735428851239188,0.39999999999999997,1.5543122344752192e-15,0,3
21.38,7.064438643885421,4.264373851542024,0.47354288512391884,0.39999999999999997,1.5543122344752192e-15,0,3
21.400000000000002,7.071558309261232,4.26802218882584,0.4735428851239189,0.39999999999999997,1.5543122344752192e-15,0,3
21.42,7.078677974637043,4.271670526109655,0.47354288512391896,0.39999999999999997,1.5543122344752192e-15,0,3
21.44,7.085797640012854,4.27531886339347,0.473542885123919,0.39999999999999997,1.5543122344752192e-15,0,3
21.46,7.0929173053886645,4.278967200677285,0.47354288512391907,0.39999999999999997,1.5543122344752192e-15,0,3
21.48,7.100036970764475,4.2826155379611,0.4735428851239191,0.39999999999999997,1.6653345369377348e-15,0,3
21.5,7.107156636140286,4.286263875244916,0.4735428851239192,0.39999999999999997,1.6653345369377348e-15,0,3
21.52,7.114276301516097,4.289912212528731,0.47354288512391923,0.39999999999999997,1.6653345369377348e-15,0,3
21.54,7.121395966891908,4.293560549812546,0.4735428851239193,0.39999999999999997,1.6653345369377348e-15,0,3
21.56,7.128515632267718,4.297208887096361,0.47354288512391934,0.39999999999999997,1.6653345369377348e-15,0,3
21.580000000000002,7.135635297643529,4.300857224380176,0.4735428851239194,0.39999999999999997,1.6653345369377348e-15,0,3
21.6,7.14275496301934,4.304505561663992,0.47354288512391945,0.39999999999999997,1.7763568394002505e-15,0,3
21.62,7.149874628395151,4.308153898947807,0.4735428851239195,0.39999999999999997,1.7763568394002505e-15,0,3
21.64,7.156994293770961,4.311802236231622,0.47354288512391957,0.39999999999999997,1.7763568394002505e-15,0,3
21.66,7.164113959146772,4.315450573515437,0.4735428851239196,0.39999999999999997,1.7763568394002505e-15,0,3
21.68,7.171233624522583,4.319098910799252,0.4735428851239197,0.39999999999999997,1.887379141862766e-15,0,3
21.7,7.178353289898394,4.3227472480830675,0.47354288512391973,0.39999999999999997,1.887379141862766e-15,0,3
21.72,7.1854729552742045,4.326395585366883,0.4735428851239198,0.39999999999999997,1.887379141862766e-15,0,3
21.740000000000002,7.192592620650015,4.330043922650698,0.47354288512391984,0.39999999999999997,1.9984014443252818e-15,0,3
21.76,7.199712286025826,4.333692259934513,0.4735428851239199,0.39999999999999997,1.9984014443252818e-15,0,3
21.78,7.206831951401637,4.337340597218328,0.47354288512391995,0.39999999999999997,1.9984014443252818e-15,0,3
21.8,7.213951616777448,4.3409889345021435,0.47354288512392,0.3999999999999999,2.1094237467877974e-15,0,3
21.82,7.221071282153258,4.344637271785959,0.47354288512392007,0.3999999999999999,2.1094237467877974e-15,0,3
21.84,7.228190947529069,4.348285609069774,0.4735428851239201,0.3999999999999999,2.220446049250313e-15,0,3
21.86,7.23531061290488,4.351933946353589,0.4735428851239202,0.3999999999999999,2.220446049250313e-15,0,3
21.88,7.242430278280691,4.355582283637404,0.47354288512392023,0.3999999999999999,2.220446049250313e-15,0,3
21.900000000000002,7.249549943656501,4.3592306209212195,0.4735428851239203,0.3999999999999999,2.3314683517128287e-15,0,3
21.92,7.256669609032312,4.362878958205035,0.47354288512392034,0.3999999999999999,2.3314683517128287e-15,0,3
21.94,7.263789274408123,4.36652729548885,0.4735428851239204,0.3999999999999999,2.4424906541753444e-15,0,3
21.96,7.270908939783934,4.370175632772665,0.47354288512392045,0.3999999999999999,2.4424906541753444e-15,0,3
21.98,7.2780286051597445,4.37382397005648,0.4735428851239205,0.3999999999999999,2.55351295663786e-15,0,3
22.0,7.285148270535555,4.3774723073402955,0.47354288512392056,0.3999999999999999,2.55351295663786e-15,0,3
22.02,7.292267935911366,4.381120644624111,0.4735428851239206,0.3999999999999999,2.6645352591003757e-15,0,3
22.04,7.299387601287177,4.384768981907926,0.4735428851239207,0.3999999999999999,2.6645352591003757e-15,0,3
22.06,7.3065072666629876,4.388417319191741,0.47354288512392073,0.3999999999999999,2.7755575615628914e-15,0,3
22.080000000000002,7.313626932038798,4.392065656475556,0.4735428851239208,0.3999999999999999,2.886579864025407e-15,0,3
22.1,7.320746597414609,4.395713993759371,0.47354288512392084,0.3999999999999999,2.886579864025407e-15,0,3
22.12,7.32786626279042,4.399362331043187,0.4735428851239209,0.3999999999999999,2.9976021664879227e-15,0,3
22.14,7.334985928166231,4.403010668327002,0.47354288512392095,0.3999999999999999,3.1086244689504383e-15,0,3
22.16,7.342105593542041,4.406659005610817,0.473542885123921,0.3999999999999999,3.1086244689504383e-15,0,3
22.18,7.349225258917852,4.410307342894632,0.47354288512392106,0.3999999999999999,3.219646771412954e-15,0,3
22.2,7.356344924293663,4.413955680178447,0.4735428851239211,0.3999999999999999,3.3306690738754696e-15,0,3
22.22,7.363464589669474,4.417604017462263,0.4735428851239212,0.3999999999999999,3.3306690738754696e-15,0,3
22.240000000000002,7.3705842550452845,4.421252354746078,0.47354288512392123,0.3999999999999999,3.4416913763379853e-15,0,3
22.26,7.377703920421095,4.424900692029893,0.4735428851239213,0.3999999999999999,3.552713678800501e-15,0,3
22.28,7.384823585796906,4.428549029313708,0.47354288512392134,0.3999999999999999,3.6637359812630166e-15,0,3
22.3,7.391943251172717,4.432197366597523,0.4735428851239214,0.3999999999999999,3.774758283725532e-15,0,3
22.32,7.3990629165485275,4.435845703881339,0.47354288512392145,0.3999999999999999,3.885780586188048e-15,0,3
22.34,7.406182581924338,4.439494041165154,0.4735428851239215,0.3999999999999999,3.885780586188048e-15,0,3
22.36,7.413302247300149,4.443142378448969,0.47354288512392156,0.3999999999999999,3.9968028886505635e-15,0,3
22.38,7.42042191267596,4.446790715732784,0.4735428851239216,0.3999999999999999,4.107825191113079e-15,0,3
22.400000000000002,7.427541578051771,4.450439053016599,0.47354288512392173,0.3999999999999999,4.218847493575595e-15,0,3
22.42,7.434661243427581,4.454087390300415,0.47354288512392184,0.3999999999999999,4.218847493575595e-15,0,3
22.44,7.441780908803392,4.45773572758423,0.47354288512392195,0.3999999999999999,4.218847493575595e-15,0,3
22.46,7.448900574179203,4.461384064868045,0.47354288512392206,0.3999999999999999,4.218847493575595e-15,0,3
22.48,7.456020239555014,4.46503240215186,0.4735428851239222,0.3999999999999999,4.218847493575595e-15,0,3
22.5,7.4631399049308245,4.468680739435675,0.4735428851239223,0.3999999999999999,4.218847493575595e-15,0,3
22.52,7.470259570306635,4.4723290767194905,0.4735428851239224,0.3999999999999999,4.3298697960381105e-15,0,3
22.54,7.477379235682446,4.475977414003306,0.4735428851239225,0.3999999999999999,4.3298697960381105e-15,0,3
22.56,7.484498901058257,4.479625751287121,0.4735428851239226,0.3999999999999999,4.3298697960381105e-15,0,3
22.580000000000002,7.4916185664340675,4.483274088570936,0.47354288512392273,0.3999999999999999,4.3298697960381105e-15,0,3
22.6,7.498738231809878,4.486922425854751,0.47354288512392284,0.3999999999999999,4.3298697960381105e-15,0,3
22.62,7.505857897185689,4.4905707631385665,0.47354288512392295,0.3999999999999999,4.440892098500626e-15,0,3
22.64,7.5129775625615,4.494219100422382,0.47354288512392306,0.3999999999999999,4.440892098500626e-15,0,3
22.66,7.520097227937311,4.497867437706197,0.4735428851239232,0.3999999999999999,4.440892098500626e-15,0,3
22.68,7.527216893313121,4.501515774990012,0.4735428851239233,0.3999999999999999,4.551914400963142e-15,0,3
22.7,7.534336558688932,4.505164112273827,0.4735428851239234,0.3999999999999999,4.551914400963142e-15,0,3
22.72,7.541456224064743,4.5088124495576425,0.4735428851239235,0.3999999999999999,4.6629367034256575e-15,0,3
22.740000000000002,7.548575889440554,4.512460786841458,0.4735428851239236,0.3999999999999999,4.6629367034256575e-15,0,3
22.76,7.5556955548163645,4.516109124125273,0.47354288512392373,0.3999999999999999,4.773959005888173e-15,0,3
22.78,7.562815220192175,4.519757461409088,0.47354288512392384,0.3999999999999999,4.773959005888173e-15,0,3
22.8,7.569934885567986,4.523405798692903,0.47354288512392395,0.39999999999999986,4.884981308350689e-15,0,3
22.82,7.577054550943797,4.5270541359767185,0.47354288512392406,0.39999999999999986,4.884981308350689e-15,0,3
22.84,7.5841742163196075,4.530702473260534,0.4735428851239242,0.39999999999999986,4.9960036108132044e-15,0,3
22.86,7.591293881695418,4.534350810544349,0.4735428851239243,0.39999999999999986,5.10702591327572e-15,0,3
22.88,7.598413547071229,4.537999147828164,0.4735428851239244,0.39999999999999986,5.218048215738236e-15,0,3
22.900000000000002,7.60553321244704,4.541647485111979,0.4735428851239245,0.39999999999999986,5.218048215738236e-15,0,3
22.92,7.612652877822851,4.545295822395794,0.4735428851239246,0.39999999999999986,5.329070518200751e-15,0,3
22.94,7.619772543198661,4.54894415967961,0.47354288512392473,0.39999999999999986,5.440092820663267e-15,0,3
22.96,7.626892208574472,4.552592496963425,0.47354288512392484,0.39999999999999986,5.551115123125783e-15,0,3
22.98,7.634011873950283,4.55624083424724,0.47354288512392495,0.39999999999999986,5.662137425588298e-15,0,3
23.0,7.641131539326094,4.559889171531055,0.47354288512392506,0.39999999999999986,5.773159728050814e-15,0,3
23.02,7.6482512047019044,4.56353750881487,0.4735428851239252,0.39999999999999986,5.88418203051333e-15,0,3
23.04,7.655370870077715,4.567185846098686,0.4735428851239253,0.39999999999999986,5.995204332975845e-15,0,3
23.06,7.662490535453526,4.570834183382501,0.4735428851239254,0.39999999999999986,6.217248937900877e-15,0,3
23.080000000000002,7.669610200829337,4.574482520666316,0.4735428851239255,0.3999999999999998,6.328271240363392e-15,0,3
23.1,7.6767298662051475,4.578130857950131,0.4735428851239256,0.3999999999999998,6.439293542825908e-15,0,3
23.12,7.683849531580958,4.581779195233946,0.4735428851239257,0.3999999999999998,6.661338147750939e-15,0,3
23.14,7.690969196956769,4.585427532517762,0.47354288512392584,0.3999999999999998,6.772360450213455e-15,0,3
23.16,7.69808886233258,4.589075869801577,0.47354288512392595,0.3999999999999998,6.8833827526759706e-15,0,3
23.18,7.705208527708391,4.592724207085392,0.4735428851239261,0.3999999999999998,7.105427357601002e-15,0,3
23.2,7.712328193084201,4.596372544369207,0.4735428851239263,0.3999999999999998,7.216449660063518e-15,0,3
23.22,7.719447858460012,4.600020881653022,0.47354288512392645,0.3999999999999998,7.216449660063518e-15,0,3
23.240000000000002,7.726567523835823,4.603669218936838,0.4735428851239266,0.3999999999999998,7.327471962526033e-15,0,3
23.26,7.733687189211634,4.607317556220653,0.4735428851239268,0.3999999999999998,7.438494264988549e-15,0,3
23.28,7.740806854587444,4.610965893504468,0.47354288512392695,0.3999999999999998,7.549516567451064e-15,0,3
23.3,7.747926519963255,4.614614230788283,0.4735428851239271,0.3999999999999998,7.66053886991358e-15,0,3
23.32,7.755046185339066,4.618262568072098,0.4735428851239273,0.39999999999999974,7.771561172376096e-15,0,3
23.34,7.762165850714877,4.6219109053559135,0.47354288512392745,0.39999999999999974,7.882583474838611e-15,0,3
23.36,7.7692855160906875,4.625559242639729,0.4735428851239276,0.39999999999999974,7.993605777301127e-15,0,3
23.38,7.776405181466498,4.629207579923544,0.4735428851239278,0.39999999999999974,8.104628079763643e-15,0,3
23.400000000000002,7.783524846842309,4.632855917207359,0.47354288512392795,0.39999999999999974,8.326672684688674e-15,0,3
23.42,7.79064451221812,4.636504254491174,0.4735428851239281,0.39999999999999974,8.43769498715119e-15,0,3
23.44,7.797764177593931,4.6401525917749895,0.4735428851239283,0.39999999999999974,8.659739592076221e-15,0,3
23.46,7.804883842969741,4.643800929058805,0.47354288512392845,0.39999999999999974,8.770761894538737e-15,0,3
23.48,7.812003508345552,4.64744926634262,0.4735428851239286,0.39999999999999974,8.992806499463768e-15,0,3
23.5,7.819123173721363,4.651097603626435,0.4735428851239288,0.3999999999999997,9.2148511043888e-15,0,3
23.52,7.826242839097174,4.65474594091025,0.47354288512392895,0.3999999999999997,9.43689570931383e-15,0,3
23.54,7.833362504472984,4.6583942781940655,0.4735428851239291,0.3999999999999997,9.658940314238862e-15,0,3
23.56,7.840482169848795,4.662042615477881,0.47354288512392934,0.3999999999999997,9.880984919163893e-15,0,3
23.580000000000002,7.847601835224606,4.665690952761696,0.47354288512392956,0.3999999999999997,9.992007221626409e-15,0,3
23.6,7.854721500600417,4.669339290045511,0.4735428851239298,0.3999999999999997,1.0103029524088925e-14,0,3
23.62,7.8618411659762275,4.672987627329326,0.47354288512393,0.3999999999999997,1.0325074129013956e-14,0,3
23.64,7.868960831352038,4.6766359646131415,0.4735428851239302,0.3999999999999997,1.0547118733938987e-14,0,3
23.66,7.876080496727849,4.680284301896957,0.47354288512393045,0.3999999999999997,1.0658141036401503e-14,0,3
23.68,7.88320016210366,4.683932639180772,0.47354288512393067,0.3999999999999997,1.0880185641326534e-14,0,3
23.7,7.890319827479471,4.687580976464587,0.4735428851239309,0.3999999999999997,1.1102230246251565e-14,0,3
23.72,7.897439492855281,4.691229313748402,0.4735428851239311,0.3999999999999997,1.1324274851176597e-14,0,3
23.740000000000002,7.904559158231092,4.694877651032217,0.47354288512393133,0.3999999999999997,1.1546319456101628e-14,0,3
23.76,7.911678823606903,4.698525988316033,0.47354288512393156,0.39999999999999963,1.1879386363489175e-14,0,3
23.78,7.918798488982714,4.702174325599848,0.4735428851239318,0.39999999999999963,1.2101430968414206e-14,0,3
23.8,7.925918154358524,4.705822662883663,0.473542885123932,0.39999999999999963,1.2434497875801753e-14,0,3
23.82,7.933037819734335,4.709471000167478,0.4735428851239323,0.39999999999999963,1.27675647831893e-14,0,3
23.84,7.940157485110146,4.713119337451293,0.47354288512393256,0.39999999999999963,1.2989609388114332e-14,0,3
23.86,7.947277150485957,4.716767674735109,0.47354288512393283,0.39999999999999963,1.3211653993039363e-14,0,3
23.88,7.9543968158617675,4.720416012018924,0.4735428851239331,0.3999999999999996,1.354472090042691e-14,0,3
23.900000000000002,7.961516481237578,4.724064349302739,0.4735428851239334,0.3999999999999996,1.3877787807814457e-14,0,3
23.92,7.968636146613389,4.727712686586554,0.47354288512393367,0.3999999999999996,1.4099832412739488e-14,0,3
23.94,7.9757558119892,4.731361023870369,0.47354288512393394,0.3999999999999996,1.4432899320127035e-14,0,3
23.96,7.982875477365011,4.735009361154185,0.4735428851239342,0.3999999999999995,1.4876988529977098e-14,0,3
23.98,7.989995142740821,4.738657698438,0.4735428851239345,0.3999999999999995,1.5210055437364645e-14,0,3
24.0,7.997114808116632,4.742306035721815,0.47354288512393483,0.3999999999999995,1.5654144647214707e-14,0,3
24.02,8.004234473492444,4.74595437300563,0.47354288512393516,0.3999999999999995,1.5987211554602254e-14,0,3
24.04,8.011354138868255,4.749602710289445,0.4735428851239355,0.39999999999999947,1.7763568394002505e-14,0,3
24.060000000000002,8.018473804244065,4.753251047573261,0.4735428851239359,0.39999999999999947,1.8207657603852567e-14,0,3
24.080000000000002,8.025593469619876,4.756899384857076,0.4735428851239363,0.39999999999999947,1.8540724511240114e-14,0,3
24.1,8.032713134995687,4.760547722140891,0.47354288512393666,0.3999999999999994,1.887379141862766e-14,0,3
24.12,8.039832800371498,4.764196059424706,0.47354288512393705,0.3999999999999994,1.9317880628477724e-14,0,3
24.14,8.046952465747308,4.767844396708521,0.47354288512393744,0.3999999999999994,1.9761969838327786e-14,0,3
24.16,8.05407213112312,4.7714927339923365,0.47354288512393783,0.3999999999999994,2.020605904817785e-14,0,3
24.18,8.06119179649893,4.775141071276152,0.4735428851239382,0.39999999999999936,2.0761170560490427e-14,0,3
24.2,8.06831146187474,4.778789408559967,0.47354288512393866,0.39999999999999936,2.1316282072803006e-14,0,3
24.22,8.075431127250551,4.782437745843782,0.4735428851239391,0.3999999999999993,2.1760371282653068e-14,0,3
24.240000000000002,8.082550792626362,4.786086083127597,0.47354288512393955,0.3999999999999993,2.2315482794965646e-14,0,3
24.26,8.089670458002173,4.7897344204114125,0.47354288512394,0.3999999999999993,2.2870594307278225e-14,0,3
24.28,8.096790123377984,4.793382757695228,0.47354288512394044,0.39999999999999925,2.353672812205332e-14,0,3
24.3,8.103909788753795,4.797031094979043,0.47354288512394094,0.39999999999999925,2.4202861936828413e-14,0,3
24.32,8.111029454129605,4.800679432262858,0.47354288512394144,0.39999999999999925,2.4868995751603507e-14,0,3
24.34,8.118149119505416,4.804327769546673,0.47354288512394194,0.39999999999999925,2.55351295663786e-14,0,3
24.36,8.125268784881227,4.8079761068304885,0.47354288512394244,0.3999999999999992,2.631228568361621e-14,0,3
24.38,8.132388450257038,4.811624444114304,0.473542885123943,0.3999999999999992,2.708944180085382e-14,0,3
24.400000000000002,8.139508115632848,4.815272781398119,0.47354288512394355,0.39999999999999913,2.786659791809143e-14,0,3
24.42,8.14662778100866,4.818921118681934,0.4735428851239441,0.3999999999999991,2.8754776337791554e-14,0,3
24.44,8.15374744638447,4.822569455965749,0.4735428851239447,0.3999999999999991,2.964295475749168e-14,0,3
24.46,8.16086711176028,4.8262177932495645,0.4735428851239453,0.399999999999999,3.064215547965432e-14,0,3
24.48,8.167986777136091,4.82986613053338,0.47354288512394593,0.399999999999999,3.164135620181696e-14,0,3
24.5,8.175106442511902,4.833514467817195,0.4735428851239466,0.399999999999999,3.26405569239796e-14,0,3
24.52,8.182226107887713,4.83716280510101,0.47354288512394727,0.39999999999999897,3.375077994860476e-14,0,3
24.54,8.189345773263524,4.840811142384825,0.473542885123948,0.3999999999999989,3.497202527569243e-14,0,3
24.560000000000002,8.196465438639335,4.84445947966864,0.4735428851239487,0.39999999999999886,3.6193270602780103e-14,0,3
24.580000000000002,8.203585104015145,4.848107816952456,0.4735428851239495,0.3999999999999988,3.752553823233029e-14,0,3
24.6,8.210704769390956,4.851756154236272,0.47354288512395026,0.3999999999999988,3.885780586188048e-14,0,3
24.62,8.217824434766767,4.855404491520088,0.473542885123951,0.3999999999999989,3.5416114485542494e-14,0,3
24.64,8.224944100142578,4.859052828803904,0.47354288512395165,0.399999999999999,3.2085445411667024e-14,0,3
24.66,8.232063765518388,4.86270116608772,0.4735428851239522,0.3999999999999991,2.8754776337791554e-14,0,3
24.68,8.2391834308942,4.866349503371536,0.4735428851239527,0.39999999999999925,2.55351295663786e-14,0,3
24.7,8.2391834308942,4.866349503371536,0.4735428851239527,0.0,0.0,0,3
24.72,8.2391834308942,4.866349503371536,0.4735428851239527,0.0,0.0,0,3
24.740000000000002,8.2391834308942,4.866349503371536,0.4735428851239527,0.0,0.0,0,3
24.76,8.2391834308942,4.866349503371536,0.4735428851239527,0.0,0.0,0,3
24.78,8.2391834308942,4.866349503371536,0.4735428851239527,0.0,0.0,0,3
24.8,8.2391834308942,4.866349503371536,0.4735428851239527,0.0,0.0,0,3
24.82,8.2391834308942,4.866349503371536,0.4735428851239527,0.0,0.0,0,3
24.84,8.2391834308942,4.866349503371536,0.4735428851239527,0.0,0.0,0,3
24.86,8.2391834308942,4.866349503371536,0.4735428851239527,0.0,0.0,0,3
24.88,8.2391834308942,4.866349503371536,0.4735428851239527,0.0,0.0,0,3
24.900000000000002,8.2391834308942,4.866349503371536,0.4735428851239527,0.0,0.0,0,3
24.92,8.2391834308942,4.866349503371536,0.4735428851239527,0.0,0.0,0,3
24.94,8.2391834308942,4.866349503371536,0.4735428851239527,0.0,0.0,0,3
24.96,8.2391834308942,4.866349503371536,0.4735428851239527,0.0,0.0,0,3
24.98,8.2391834308942,4.866349503371536,0.4735428851239527,0.0,0.0,0,3
25.0,8.2391834308942,4.866349503371536,0.4735428851239527,0.0,0.0,0,3
25.02,8.2391834308942,4.866349503371536,0.4735428851239527,0.0,0.0,0,3
25.04,8.2391834308942,4.866349503371536,0.4735428851239527,0.0,0.0,0,3
25.060000000000002,8.2391834308942,4.866349503371536,0.4735428851239527,0.0,0.0,0,3
25.080000000000002,8.2391834308942,4.866349503371536,0.4735428851239527,0.0,0.0,0,3
25.1,8.2391834308942,4.866349503371536,0.4735428851239527,0.0,0.0,0,3
25.12,8.2391834308942,4.866349503371536,0.4735428851239527,0.0,0.0,0,3
25.14,8.2391834308942,4.866349503371536,0.4735428851239527,0.0,0.0,0,3
25.16,8.2391834308942,4.866349503371536,0.4735428851239527,0.0,0.0,0,3
25.18,8.2391834308942,4.866349503371536,0.4735428851239527,0.0,0.0,0,3
25.2,8.2391834308942,4.866349503371536,0.4735428851239527,0.0,0.0,0,3
25.22,8.2391834308942,4.866349503371536,0.4735428851239527,0.0,0.0,0,3
25.240000000000002,8.2391834308942,4.866349503371536,0.4735428851239527,0.0,0.0,0,3
25.26,8.2391834308942,4.866349503371536,0.4735428851239527,0.0,0.0,0,3
25.28,8.2391834308942,4.866349503371536,0.4735428851239527,0.0,0.0,0,3
25.3,8.2391834308942,4.866349503371536,0.4735428851239527,0.0,0.0,0,3
25.32,8.2391834308942,4.866349503371536,0.4735428851239527,0.0,0.0,0,3
25.34,8.2391834308942,4.866349503371536,0.4735428851239527,0.0,0.0,0,3
25.36,8.2391834308942,4.866349503371536,0.4735428851239527,0.0,0.0,0,3
25.38,8.2391834308942,4.866349503371536,0.4735428851239527,0.0,0.0,0,3
25.400000000000002,8.2391834308942,4.866349503371536,0.4735428851239527,0.0,0.0,0,3
25.42,8.2391834308942,4.866349503371536,0.4735428851239527,0.0,0.0,0,3
25.44,8.2391834308942,4.866349503371536,0.4735428851239527,0.0,0.0,0,3
25.46,8.2391834308942,4.866349503371536,0.4735428851239527,0.0,0.0,0,3
25.48,8.2391834308942,4.866349503371536,0.4735428851239527,0.0,0.0,0,3
25.5,8.2391834308942,4.866349503371536,0.4735428851239527,0.0,0.0,0,3
25.52,8.2391834308942,4.866349503371536,0.4735428851239527,0.0,0.0,0,3
25.54,8.2391834308942,4.866349503371536,0.4735428851239527,0.0,0.0,0,3
25.560000000000002,8.2391834308942,4.866349503371536,0.4735428851239527,0.0,0.0,0,3
25.580000000000002,8.2391834308942,4.866349503371536,0.4735428851239527,0.0,0.0,0,3
25.6,8.2391834308942,4.866349503371536,0.4735428851239527,0.0,0.0,0,3
25.62,8.2391834308942,4.866349503371536,0.4735428851239527,0.0,0.0,0,3
25.64,8.2391834308942,4.866349503371536,0.4735428851239527,0.0,0.0,0,3
25.66,8.2391834308942,4.866349503371536,0.4735428851239527,0.0,0.0,0,3
25.68,8.2391834308942,4.866349503371536,0.4735428851239527,0.0,0.0,0,3
25.7,8.2391834308942,4.866349503371536,0.4735428851239527,0.0,0.0,0,3
25.72,8.2391834308942,4.866349503371536,0.4735428851239527,0.0,0.0,0,3
25.740000000000002,8.2391834308942,4.866349503371536,0.4735428851239527,0.0,0.0,0,3
25.76,8.2391834308942,4.866349503371536,0.4735428851239527,0.0,0.0,0,3
25.78,8.2391834308942,4.866349503371536,0.4735428851239527,0.0,0.0,0,3
25.8,8.2391834308942,4.866349503371536,0.4735428851239527,0.0,0.0,0,3
25.82,8.2391834308942,4.866349503371536,0.4735428851239527,0.0,0.0,0,3
25.84,8.2391834308942,4.866349503371536,0.4735428851239527,0.0,0.0,0,3
25.86,8.2391834308942,4.866349503371536,0.4735428851239527,0.0,0.0,0,3
25.88,8.2391834308942,4.866349503371536,0.4735428851239527,0.0,0.0,0,3
25.900000000000002,8.2391834308942,4.866349503371536,0.4735428851239527,0.0,0.0,0,3
25.92,8.2391834308942,4.866349503371536,0.4735428851239527,0.0,0.0,0,3
25.94,8.2391834308942,4.866349503371536,0.4735428851239527,0.0,0.0,0,3
25.96,8.2391834308942,4.866349503371536,0.4735428851239527,0.0,0.0,0,3
25.98,8.2391834308942,4.866349503371536,0.4735428851239527,0.0,0.0,0,3
26.0,8.2391834308942,4.866349503371536,0.4735428851239527,0.0,0.0,0,3
26.02,8.2391834308942,4.866349503371536,0.4735428851239527,0.0,0.0,0,3
26.04,8.2391834308942,4.866349503371536,0.4735428851239527,0.0,0.0,0,3
26.060000000000002,8.2391834308942,4.866349503371536,0.4735428851239527,0.0,0.0,0,3
26.080000000000002,8.2391834308942,4.866349503371536,0.4735428851239527,0.0,0.0,0,3
26.1,8.2391834308942,4.866349503371536,0.4735428851239527,0.0,0.0,0,3
26.12,8.2391834308942,4.866349503371536,0.4735428851239527,0.0,0.0,0,3
26.14,8.2391834308942,4.866349503371536,0.4735428851239527,0.0,0.0,0,3
26.16,8.2391834308942,4.866349503371536,0.4735428851239527,0.0,0.0,0,3
26.18,8.2391834308942,4.866349503371536,0.4735428851239527,0.0,0.0,0,3
26.2,8.2391834308942,4.866349503371536,0.4735428851239527,0.0,0.0,0,3
26.22,8.2391834308942,4.866349503371536,0.4735428851239527,0.0,0.0,0,3
26.240000000000002,8.2391834308942,4.866349503371536,0.4735428851239527,0.0,0.0,0,3
26.26,8.2391834308942,4.866349503371536,0.4735428851239527,0.0,0.0,0,3
26.28,8.2391834308942,4.866349503371536,0.4735428851239527,0.0,0.0,0,3
26.3,8.2391834308942,4.866349503371536,0.4735428851239527,0.0,0.0,0,3
26.32,8.2391834308942,4.866349503371536,0.4735428851239527,0.0,0.0,0,3
26.34,8.2391834308942,4.866349503371536,0.4735428851239527,0.0,0.0,0,3
26.36,8.2391834308942,4.866349503371536,0.4735428851239527,0.0,0.0,0,3
26.38,8.2391834308942,4.866349503371536,0.4735428851239527,0.0,0.0,0,3
26.400000000000002,8.2391834308942,4.866349503371536,0.4735428851239527,0.0,0.0,0,3
26.42,8.2391834308942,4.866349503371536,0.4735428851239527,0.0,0.0,0,3
26.44,8.2391834308942,4.866349503371536,0.4735428851239527,0.0,0.0,0,3
26.46,8.2391834308942,4.866349503371536,0.4735428851239527,0.0,0.0,0,3
26.48,8.2391834308942,4.866349503371536,0.4735428851239527,0.0,0.0,0,3
26.5,8.2391834308942,4.866349503371536,0.4735428851239527,0.0,0.0,0,3
26.52,8.2391834308942,4.866349503371536,0.4735428851239527,0.0,0.0,0,3
26.54,8.2391834308942,4.866349503371536,0.4735428851239527,0.0,0.0,0,3
26.560000000000002,8.2391834308942,4.866349503371536,0.4735428851239527,0.0,0.0,0,3
26.580000000000002,8.2391834308942,4.866349503371536,0.4735428851239527,0.0,0.0,0,3
26.6,8.2391834308942,4.866349503371536,0.4735428851239527,0.0,0.0,0,3
26.62,8.2391834308942,4.866349503371536,0.4735428851239527,0.0,0.0,0,3
26.64,8.2391834308942,4.866349503371536,0.4735428851239527,0.0,0.0,0,3
26.66,8.2391834308942,4.866349503371536,0.4735428851239527,0.0,0.0,0,3
26.68,8.2391834308942,4.866349503371536,0.4735428851239527,0.0,0.0,0,3
26.7,8.2391834308942,4.866349503371536,0.4735428851239527,0.0,0.0,0,3
26.72,8.2391834308942,4.866349503371536,0.4735428851239527,0.0,0.0,0,3
26.740000000000002,8.2391834308942,4.866349503371536,0.4735428851239527,0.0,0.0,0,3
26.76,8.2391834308942,4.866349503371536,0.4735428851239527,0.0,0.0,0,3
26.78,8.2391834308942,4.866349503371536,0.4735428851239527,0.0,0.0,0,3
26.8,8.2391834308942,4.866349503371536,0.4735428851239527,0.0,0.0,0,3
26.82,8.2391834308942,4.866349503371536,0.4735428851239527,0.0,0.0,0,3
26.84,8.2391834308942,4.866349503371536,0.4735428851239527,0.0,0.0,0,3
26.86,8.2391834308942,4.866349503371536,0.4735428851239527,0.0,0.0,0,3
26.88,8.2391834308942,4.866349503371536,0.4735428851239527,0.0,0.0,0,3
26.900000000000002,8.2391834308942,4.866349503371536,0.4735428851239527,0.0,0.0,0,3
26.92,8.2391834308942,4.866349503371536,0.4735428851239527,0.0,0.0,0,3
26.94,8.2391834308942,4.866349503371536,0.4735428851239527,0.0,0.0,0,3
26.96,8.2391834308942,4.866349503371536,0.4735428851239527,0.0,0.0,0,3
26.98,8.2391834308942,4.866349503371536,0.4735428851239527,0.0,0.0,0,3
27.0,8.2391834308942,4.866349503371536,0.4735428851239527,0.0,0.0,0,3
27.02,8.2391834308942,4.866349503371536,0.4735428851239527,0.0,0.0,0,3
27.04,8.2391834308942,4.866349503371536,0.4735428851239527,0.0,0.0,0,3
27.060000000000002,8.2391834308942,4.866349503371536,0.4735428851239527,0.0,0.0,0,3
27.080000000000002,8.2391834308942,4.866349503371536,0.4735428851239527,0.0,0.0,0,3
27.1,8.2391834308942,4.866349503371536,0.4735428851239527,0.0,0.0,0,3
27.12,8.2391834308942,4.866349503371536,0.4735428851239527,0.0,0.0,0,3
27.14,8.2391834308942,4.866349503371536,0.4735428851239527,0.0,0.0,0,3
27.16,8.2391834308942,4.866349503371536,0.4735428851239527,0.0,0.0,0,3
27.18,8.2391834308942,4.866349503371536,0.4735428851239527,0.0,0.0,0,3
27.2,8.2391834308942,4.866349503371536,0.4735428851239527,0.0,0.0,0,3
27.22,8.2391834308942,4.866349503371536,0.4735428851239527,0.0,0.0,0,3
27.240000000000002,8.2391834308942,4.866349503371536,0.4735428851239527,0.0,0.0,0,3
27.26,8.2391834308942,4.866349503371536,0.4735428851239527,0.0,0.0,0,3
27.28,8.2391834308942,4.866349503371536,0.4735428851239527,0.0,0.0,0,3
27.3,8.2391834308942,4.866349503371536,0.4735428851239527,0.0,0.0,0,3
27.32,8.2391834308942,4.866349503371536,0.4735428851239527,0.0,0.0,0,3
27.34,8.2391834308942,4.866349503371536,0.4735428851239527,0.0,0.0,0,3
27.36,8.2391834308942,4.866349503371536,0.4735428851239527,0.0,0.0,0,3
27.38,8.2391834308942,4.866349503371536,0.4735428851239527,0.0,0.0,0,3
27.400000000000002,8.2391834308942,4.866349503371536,0.4735428851239527,0.0,0.0,0,3
27.42,8.2391834308942,4.866349503371536,0.4735428851239527,0.0,0.0,0,3
27.44,8.2391834308942,4.866349503371536,0.4735428851239527,0.0,0.0,0,3
27.46,8.2391834308942,4.866349503371536,0.4735428851239527,0.0,0.0,0,3
27.48,8.2391834308942,4.866349503371536,0.4735428851239527,0.0,0.0,0,3
27.5,8.2391834308942,4.866349503371536,0.4735428851239527,0.0,0.0,0,3
27.52,8.2391834308942,4.866349503371536,0.4735428851239527,0.0,0.0,0,3
27.54,8.2391834308942,4.866349503371536,0.4735428851239527,0.0,0.0,0,3
27.560000000000002,8.2391834308942,4.866349503371536,0.4735428851239527,0.0,0.0,0,3
27.580000000000002,8.2391834308942,4.866349503371536,0.4735428851239527,0.0,0.0,0,3
27.6,8.2391834308942,4.866349503371536,0.4735428851239527,0.0,0.0,0,3
27.62,8.2391834308942,4.866349503371536,0.4735428851239527,0.0,0.0,0,3
27.64,8.2391834308942,4.866349503371536,0.4735428851239527,0.0,0.0,0,3
27.66,8.2391834308942,4.866349503371536,0.4735428851239527,0.0,0.0,0,3
27.68,8.2391834308942,4.866349503371536,0.4735428851239527,0.0,0.0,0,3
27.7,8.2391834308942,4.866349503371536,0.4735428851239527,0.0,0.0,0,3
27.72,8.2391834308942,4.866349503371536,0.4735428851239527,0.0,0.0,0,3
27.740000000000002,8.2391834308942,4.866349503371536,0.4735428851239527,0.0,0.0,0,3
27.76,8.2391834308942,4.866349503371536,0.4735428851239527,0.0,0.0,0,3
27.78,8.2391834308942,4.866349503371536,0.4735428851239527,0.0,0.0,0,3
27.8,8.2391834308942,4.866349503371536,0.4735428851239527,0.0,0.0,0,3
27.82,8.2391834308942,4.866349503371536,0.4735428851239527,0.0,0.0,0,3
27.84,8.2391834308942,4.866349503371536,0.4735428851239527,0.0,0.0,0,3
27.86,8.2391834308942,4.866349503371536,0.4735428851239527,0.0,0.0,0,3
27.88,8.2391834308942,4.866349503371536,0.4735428851239527,0.0,0.0,0,3
27.900000000000002,8.2391834308942,4.866349503371536,0.4735428851239527,0.0,0.0,0,3
27.92,8.2391834308942,4.866349503371536,0.4735428851239527,0.0,0.0,0,3
27.94,8.2391834308942,4.866349503371536,0.4735428851239527,0.0,0.0,0,3
27.96,8.2391834308942,4.866349503371536,0.4735428851239527,0.0,0.0,0,3
27.98,8.2391834308942,4.866349503371536,0.4735428851239527,0.0,0.0,0,3
28.0,8.2391834308942,4.866349503371536,0.4735428851239527,0.0,0.0,0,3
28.02,8.2391834308942,4.866349503371536,0.4735428851239527,0.0,0.0,0,3
28.04,8.2391834308942,4.866349503371536,0.4735428851239527,0.0,0.0,0,3
28.060000000000002,8.2391834308942,4.866349503371536,0.4735428851239527,0.0,0.0,0,3
28.080000000000002,8.2391834308942,4.866349503371536,0.4735428851239527,0.0,0.0,0,3
28.1,8.2391834308942,4.866349503371536,0.4735428851239527,0.0,0.0,0,3
28.12,8.2391834308942,4.866349503371536,0.4735428851239527,0.0,0.0,0,3
28.14,8.2391834308942,4.866349503371536,0.4735428851239527,0.0,0.0,0,3
28.16,8.2391834308942,4.866349503371536,0.4735428851239527,0.0,0.0,0,3
28.18,8.2391834308942,4.866349503371536,0.4735428851239527,0.0,0.0,0,3
28.2,8.2391834308942,4.866349503371536,0.4735428851239527,0.0,0.0,0,3
28.22,8.2391834308942,4.866349503371536,0.4735428851239527,0.0,0.0,0,3
28.240000000000002,8.2391834308942,4.866349503371536,0.4735428851239527,0.0,0.0,0,3
28.26,8.2391834308942,4.866349503371536,0.4735428851239527,0.0,0.0,0,3
28.28,8.2391834308942,4.866349503371536,0.4735428851239527,0.0,0.0,0,3
28.3,8.2391834308942,4.866349503371536,0.4735428851239527,0.0,0.0,0,3
28.32,8.2391834308942,4.866349503371536,0.4735428851239527,0.0,0.0,0,3
28.34,8.2391834308942,4.866349503371536,0.4735428851239527,0.0,0.0,0,3
28.36,8.2391834308942,4.866349503371536,0.4735428851239527,0.0,0.0,0,3
28.38,8.2391834308942,4.866349503371536,0.4735428851239527,0.0,0.0,0,3
28.400000000000002,8.2391834308942,4.866349503371536,0.4735428851239527,0.0,0.0,0,3
28.42,8.2391834308942,4.866349503371536,0.4735428851239527,0.0,0.0,0,3
28.44,8.2391834308942,4.866349503371536,0.4735428851239527,0.0,0.0,0,3
28.46,8.2391834308942,4.866349503371536,0.4735428851239527,0.0,0.0,0,3
28.48,8.2391834308942,4.866349503371536,0.4735428851239527,0.0,0.0,0,3
28.5,8.2391834308942,4.866349503371536,0.4735428851239527,0.0,0.0,0,3
28.52,8.2391834308942,4.866349503371536,0.4735428851239527,0.0,0.0,0,3
28.54,8.2391834308942,4.866349503371536,0.4735428851239527,0.0,0.0,0,3
28.560000000000002,8.2391834308942,4.866349503371536,0.4735428851239527,0.0,0.0,0,3
28.580000000000002,8.2391834308942,4.866349503371536,0.4735428851239527,0.0,0.0,0,3
28.6,8.2391834308942,4.866349503371536,0.4735428851239527,0.0,0.0,0,3
28.62,8.2391834308942,4.866349503371536,0.4735428851239527,0.0,0.0,0,3
28.64,8.2391834308942,4.866349503371536,0.4735428851239527,0.0,0.0,0,3
28.66,8.2391834308942,4.866349503371536,0.4735428851239527,0.0,0.0,0,3
28.68,8.2391834308942,4.866349503371536,0.4735428851239527,0.0,0.0,0,3
28.7,8.2391834308942,4.866349503371536,0.4735428851239527,0.0,0.0,0,3
28.72,8.2391834308942,4.866349503371536,0.4735428851239527,0.0,0.0,0,3
28.740000000000002,8.2391834308942,4.866349503371536,0.4735428851239527,0.0,0.0,0,3
28.76,8.2391834308942,4.866349503371536,0.4735428851239527,0.0,0.0,0,3
28.78,8.2391834308942,4.866349503371536,0.4735428851239527,0.0,0.0,0,3
28.8,8.2391834308942,4.866349503371536,0.4735428851239527,0.0,0.0,0,3
28.82,8.2391834308942,4.866349503371536,0.4735428851239527,0.0,0.0,0,3
28.84,8.2391834308942,4.866349503371536,0.4735428851239527,0.0,0.0,0,3
28.86,8.2391834308942,4.866349503371536,0.4735428851239527,0.0,0.0,0,3
28.88,8.2391834308942,4.866349503371536,0.4735428851239527,0.0,0.0,0,3
28.900000000000002,8.2391834308942,4.866349503371536,0.4735428851239527,0.0,0.0,0,3
28.92,8.2391834308942,4.866349503371536,0.4735428851239527,0.0,0.0,0,3
28.94,8.2391834308942,4.866349503371536,0.4735428851239527,0.0,0.0,0,3
28.96,8.2391834308942,4.866349503371536,0.4735428851239527,0.0,0.0,0,3
28.98,8.2391834308942,4.866349503371536,0.4735428851239527,0.0,0.0,0,3
29.0,8.2391834308942,4.866349503371536,0.4735428851239527,0.0,0.0,0,3
29.02,8.2391834308942,4.866349503371536,0.4735428851239527,0.0,0.0,0,3
29.04,8.2391834308942,4.866349503371536,0.4735428851239527,0.0,0.0,0,3
29.060000000000002,8.2391834308942,4.866349503371536,0.4735428851239527,0.0,0.0,0,3
29.080000000000002,8.2391834308942,4.866349503371536,0.4735428851239527,0.0,0.0,0,3
29.1,8.2391834308942,4.866349503371536,0.4735428851239527,0.0,0.0,0,3
29.12,8.2391834308942,4.866349503371536,0.4735428851239527,0.0,0.0,0,3
29.14,8.2391834308942,4.866349503371536,0.4735428851239527,0.0,0.0,0,3
29.16,8.2391834308942,4.866349503371536,0.4735428851239527,0.0,0.0,0,3
29.18,8.2391834308942,4.866349503371536,0.4735428851239527,0.0,0.0,0,3
29.2,8.2391834308942,4.866349503371536,0.4735428851239527,0.0,0.0,0,3
29.22,8.2391834308942,4.866349503371536,0.4735428851239527,0.0,0.0,0,3
29.240000000000002,8.2391834308942,4.866349503371536,0.4735428851239527,0.0,0.0,0,3
29.26,8.2391834308942,4.866349503371536,0.4735428851239527,0.0,0.0,0,3
29.28,8.2391834308942,4.866349503371536,0.4735428851239527,0.0,0.0,0,3
29.3,8.2391834308942,4.866349503371536,0.4735428851239527,0.0,0.0,0,3
29.32,8.2391834308942,4.866349503371536,0.4735428851239527,0.0,0.0,0,3
29.34,8.2391834308942,4.866349503371536,0.4735428851239527,0.0,0.0,0,3
29.36,8.2391834308942,4.866349503371536,0.4735428851239527,0.0,0.0,0,3
29.38,8.2391834308942,4.866349503371536,0.4735428851239527,0.0,0.0,0,3
29.400000000000002,8.2391834308942,4.866349503371536,0.4735428851239527,0.0,0.0,0,3
29.42,8.2391834308942,4.866349503371536,0.4735428851239527,0.0,0.0,0,3
29.44,8.2391834308942,4.866349503371536,0.4735428851239527,0.0,0.0,0,3
29.46,8.2391834308942,4.866349503371536,0.4735428851239527,0.0,0.0,0,3
29.48,8.2391834308942,4.866349503371536,0.4735428851239527,0.0,0.0,0,3
29.5,8.2391834308942,4.866349503371536,0.4735428851239527,0.0,0.0,0,3
29.52,8.2391834308942,4.866349503371536,0.4735428851239527,0.0,0.0,0,3
29.54,8.2391834308942,4.866349503371536,0.4735428851239527,0.0,0.0,0,3
29.560000000000002,8.2391834308942,4.866349503371536,0.4735428851239527,0.0,0.0,0,3
29.580000000000002,8.2391834308942,4.866349503371536,0.4735428851239527,0.0,0.0,0,3
29.6,8.2391834308942,4.866349503371536,0.4735428851239527,0.0,0.0,0,3
29.62,8.2391834308942,4.866349503371536,0.4735428851239527,0.0,0.0,0,3
29.64,8.2391834308942,4.866349503371536,0.4735428851239527,0.0,0.0,0,3
29.66,8.2391834308942,4.866349503371536,0.4735428851239527,0.0,0.0,0,3
29.68,8.2391834308942,4.866349503371536,0.4735428851239527,0.0,0.0,0,3
29.7,8.2391834308942,4.866349503371536,0.4735428851239527,0.0,0.0,0,3
29.72,8.2391834308942,4.866349503371536,0.4735428851239527,0.0,0.0,0,3
29.740000000000002,8.2391834308942,4.866349503371536,0.4735428851239527,0.0,0.0,0,3
29.76,8.2391834308942,4.866349503371536,0.4735428851239527,0.0,0.0,0,3
29.78,8.2391834308942,4.866349503371536,0.4735428851239527,0.0,0.0,0,3
29.8,8.2391834308942,4.866349503371536,0.4735428851239527,0.0,0.0,0,3
29.82,8.2391834308942,4.866349503371536,0.4735428851239527,0.0,0.0,0,3
29.84,8.2391834308942,4.866349503371536,0.4735428851239527,0.0,0.0,0,3
29.86,8.2391834308942,4.866349503371536,0.4735428851239527,0.0,0.0,0,3
29.88,8.2391834308942,4.866349503371536,0.4735428851239527,0.0,0.0,0,3
29.900000000000002,8.2391834308942,4.866349503371536,0.4735428851239527,0.0,0.0,0,3
29.92,8.2391834308942,4.866349503371536,0.4735428851239527,0.0,0.0,0,3
29.94,8.2391834308942,4.866349503371536,0.4735428851239527,0.0,0.0,0,3
29.96,8.2391834308942,4.866349503371536,0.4735428851239527,0.0,0.0,0,3
29.98,8.2391834308942,4.866349503371536,0.4735428851239527,0.0,0.0,0,3
